# Blender 5.2.0 LTS
# www.blender.org
mtllib rightsleeve1.mtl
o RenderMesh_12361105424
v 1.457743 0.442733 0.241267
v 1.425520 0.499761 0.298712
v 1.446941 0.441974 0.300095
v 1.482883 0.449222 0.140455
v 1.502143 0.394209 0.088581
v 1.488385 0.452249 0.089404
v 1.479470 0.449128 0.038584
v 1.470953 0.445366 0.190827
v 1.494840 0.391318 0.139257
v 1.489565 0.389598 0.191297
v 1.477922 0.386881 0.241867
v 1.465749 0.384665 0.300011
v 1.504279 0.334036 0.243954
v 1.486529 0.328136 0.299450
v 1.513718 0.336291 0.192178
v 1.517514 0.337178 0.139399
v 1.524640 0.339211 0.087125
v 1.533356 0.278994 0.191414
v 1.535928 0.279529 0.138327
v 1.520921 0.275532 0.242193
v 1.507431 0.271435 0.298857
v 1.552206 0.221071 0.190040
v 1.543343 0.219410 0.241512
v 1.527720 0.214744 0.297683
v 1.567523 0.162456 0.188865
v 1.565383 0.162713 0.241351
v 1.549431 0.158015 0.297932
v 1.569770 0.103775 0.241033
v 1.555041 0.101305 0.296320
v 1.553511 0.221294 0.137237
v 1.536956 0.279778 0.085459
v 1.537231 0.063386 0.296561
v 1.564642 0.161673 0.136414
v 1.570869 0.103399 0.188310
v 1.556022 0.221932 0.084567
v 1.570536 0.103305 0.135626
v 1.545035 0.049989 0.188228
v 1.462158 0.445890 -0.229589
v 1.419074 0.494874 -0.284083
v 1.437731 0.501223 -0.228984
v 1.403726 0.553461 -0.287530
v 1.470603 0.448146 -0.177231
v 1.495845 0.393092 -0.178643
v 1.419705 0.559276 -0.230650
v 1.372505 0.600267 -0.286010
v 1.386091 0.607876 -0.231018
v 1.386226 0.607175 -0.178271
v 1.447616 0.504395 -0.176928
v 1.419882 0.558649 -0.177662
v 1.387069 0.606852 -0.125388
v 1.420047 0.557483 -0.124150
v 1.386332 0.604744 -0.072064
v 1.449164 0.503725 -0.122286
v 1.422395 0.557546 -0.070074
v 1.388423 0.605733 -0.019248
v 1.427552 0.560083 -0.017066
v 1.387935 0.604154 0.033308
v 1.457332 0.505970 -0.068569
v 1.429077 0.561180 0.035633
v 1.387896 0.604708 0.085582
v 1.456044 0.505044 -0.014516
v 1.426848 0.559763 0.087464
v 1.463268 0.508608 0.037669
v 1.387931 0.606052 0.137986
v 1.479648 0.449170 -0.068288
v 1.427595 0.560968 0.139030
v 1.463630 0.508677 0.089182
v 1.461461 0.506930 0.140187
v 1.426732 0.561598 0.191388
v 1.388374 0.609019 0.190288
v 1.422583 0.562061 0.243213
v 1.388639 0.612016 0.241855
v 1.376027 0.607734 0.295467
v 1.407540 0.559687 0.298834
v 1.452265 0.503442 0.191369
v 1.445719 0.503116 0.243628
v 1.559420 0.160958 0.083710
v 1.570145 0.102956 0.082970
v 1.551410 0.221014 0.031376
v 1.544468 0.281676 0.032628
v 1.527823 0.339662 0.034471
v 1.506255 0.395424 0.036779
v 1.476329 0.447280 -0.014007
v 1.503787 0.393939 -0.016131
v 1.530060 0.340025 -0.018946
v 1.501174 0.393157 -0.070152
v 1.471436 0.446776 -0.122588
v 1.498116 0.392882 -0.124509
v 1.524952 0.338678 -0.126457
v 1.523076 0.337523 -0.072365
v 1.544304 0.281342 -0.020607
v 1.545589 0.281563 -0.073966
v 1.544460 0.281153 -0.127081
v 1.557141 0.222077 -0.021602
v 1.559500 0.222141 -0.074644
v 1.553564 0.220720 -0.127352
v 1.571294 0.162360 -0.074599
v 1.573414 0.162598 -0.127473
v 1.565780 0.161629 -0.022041
v 1.573368 0.103321 -0.074810
v 1.574479 0.102862 -0.127428
v 1.560368 0.161155 0.030763
v 1.542973 0.051436 -0.075398
v 1.571337 0.103128 -0.022215
v 1.542449 0.051926 -0.127839
v 1.569829 0.102931 0.030339
v 1.544516 0.049501 -0.022706
v 1.489853 0.026017 -0.075124
v 1.546099 0.047870 0.082930
v 1.494078 0.019140 -0.022775
v 1.545934 0.048011 0.030123
v 1.496161 0.015605 0.030002
v 1.496454 0.015438 0.082847
v -0.960944 -0.546392 0.026435
v -0.960658 -0.582384 0.081354
v -0.960344 -0.545207 0.081060
v -0.961206 -0.582196 0.026642
v -0.960201 -0.544315 0.134497
v -0.960170 -0.593615 0.189627
v -0.959690 -0.543179 0.189377
v -0.960719 -0.594489 0.134851
v -0.959603 -0.486238 0.134085
v -0.959137 -0.485099 0.189088
v -0.958956 -0.423584 0.133641
v -0.958459 -0.482830 0.301315
v -0.960887 -0.418848 0.346428
v -0.958036 -0.419810 0.301067
v -0.960887 -0.418848 0.346428
v -0.957618 -0.357727 0.300822
v -0.962152 -0.356385 0.348461
v -0.962152 -0.356385 0.348461
v -0.957194 -0.294538 0.300573
v -0.963672 -0.293248 0.349073
v -0.956780 -0.232911 0.300329
v -0.963176 -0.231860 0.360736
v -0.960463 -0.169289 0.357428
v -0.963176 -0.231860 0.360736
v -0.956363 -0.170704 0.300084
v -0.960463 -0.169289 0.357428
v -0.955946 -0.108795 0.299840
v -0.965458 -0.062437 -0.343978
v -0.964152 -0.000875 -0.328543
v -0.951311 -0.000975 -0.339836
v -0.960887 -0.418848 0.346428
v -0.958459 -0.482830 0.301315
v -0.960012 -0.482188 0.350448
v -0.949283 -0.418692 0.363751
v -0.947483 -0.481920 0.364344
v -0.910081 -0.419119 0.375138
v -0.959252 -0.540765 0.332080
v -0.946478 -0.540316 0.345778
v -0.947483 -0.481920 0.364344
v -0.906703 -0.539238 0.344757
v -0.958850 -0.540981 0.301545
v -0.907087 -0.481650 0.364453
v -0.958890 -0.484028 0.242826
v -0.959039 -0.569103 0.301657
v -0.959252 -0.540765 0.332080
v -0.946159 -0.582322 0.301653
v -0.946478 -0.540316 0.345778
v -0.906491 -0.582391 0.301486
v -0.958422 -0.421130 0.242555
v -0.958036 -0.419810 0.301067
v -0.959323 -0.542148 0.243076
v -0.959039 -0.569103 0.301657
v -0.959137 -0.485099 0.189088
v -0.959647 -0.585835 0.243264
v -0.959690 -0.543179 0.189377
v -0.946159 -0.582322 0.301653
v -0.960170 -0.593615 0.189627
v -0.946777 -0.599190 0.243290
v -0.946777 -0.599190 0.243290
v -0.947343 -0.606160 0.189554
v -0.907227 -0.604210 0.189128
v -0.906887 -0.599702 0.243196
v -0.958538 -0.422340 0.188777
v -0.958956 -0.423584 0.133641
v -0.846372 -0.601328 0.243442
v -0.958318 -0.361583 0.133202
v -0.957947 -0.360318 0.188471
v -0.957961 -0.359068 0.242288
v -0.957618 -0.357727 0.300822
v -0.957491 -0.295954 0.242017
v -0.957194 -0.294538 0.300573
v -0.957346 -0.297265 0.188158
v -0.957668 -0.298604 0.132756
v -0.957032 -0.234224 0.241751
v -0.956780 -0.232911 0.300329
v -0.956757 -0.235409 0.187851
v -0.957028 -0.236656 0.132317
v -0.956569 -0.172050 0.241483
v -0.956363 -0.170704 0.300084
v -0.956165 -0.173304 0.187544
v -0.956330 -0.174455 0.131909
v -0.956110 -0.110181 0.241216
v -0.957526 -0.175660 0.078206
v -0.955946 -0.108795 0.299840
v -0.955549 -0.111442 0.187256
v -0.956318 -0.112680 0.131475
v -0.957162 -0.113772 0.077669
v -0.956186 -0.050913 0.130988
v -0.954725 -0.049504 0.186936
v -0.955641 -0.047931 0.240977
v -0.960327 0.008037 0.130279
v -0.961328 -0.050996 0.076296
v -0.960171 -0.052422 0.022726
v -0.957560 0.008964 0.186707
v -0.955527 -0.046334 0.299593
v -0.957811 0.010022 0.074072
v -0.954510 0.069505 0.130230
v -0.955078 0.076200 0.075505
v -0.940550 0.083270 0.129704
v -0.941977 0.090670 0.075581
v -0.957730 -0.107272 0.355663
v -0.960463 -0.169289 0.357428
v -0.957730 -0.107272 0.355663
v -0.945376 -0.106942 0.371672
v -0.948550 -0.169138 0.372556
v -0.906410 -0.169751 0.377254
v -0.900130 0.097115 0.074569
v -0.904124 -0.107099 0.378639
v -0.897980 0.086238 0.128370
v -0.943314 0.096943 0.022177
v -0.956172 0.084538 0.022477
v -0.901607 0.094409 0.020541
v -0.955078 0.076200 0.075505
v -0.953360 0.008825 0.020605
v -0.957954 0.080419 -0.030870
v -0.944512 0.094502 -0.031459
v -0.943314 0.096943 0.022177
v -0.902785 0.095873 -0.032759
v -0.960452 0.004968 -0.030616
v -0.956900 0.082224 -0.085832
v -0.944512 0.094502 -0.031459
v -0.942262 0.094839 -0.086148
v -0.960938 0.001945 -0.084987
v -0.959054 -0.055059 -0.029961
v -0.960242 -0.115005 0.024022
v -0.961130 -0.116289 -0.029517
v -0.958508 -0.176869 0.024341
v -0.957754 -0.237809 0.078688
v -0.962284 -0.057055 -0.084463
v -0.958279 -0.299895 0.079125
v -0.958700 -0.239046 0.024697
v -0.958894 -0.178183 -0.028900
v -0.956237 -0.117819 -0.083894
v -0.958808 -0.362802 0.079621
v -0.959147 -0.301194 0.025013
v -0.959363 -0.240273 -0.028920
v -0.955254 -0.179521 -0.082869
v -0.959331 -0.424793 0.080111
v -0.959603 -0.486238 0.134085
v -0.959607 -0.364020 0.025377
v -0.959674 -0.302487 -0.028598
v -0.957263 -0.241531 -0.083210
v -0.959857 -0.487305 0.080603
v -0.960201 -0.544315 0.134497
v -0.960062 -0.426026 0.025736
v -0.960036 -0.365242 -0.028205
v -0.960344 -0.545207 0.081060
v -0.960658 -0.582384 0.081354
v -0.960719 -0.594489 0.134851
v -0.960520 -0.488471 0.026099
v -0.960944 -0.546392 0.026435
v -0.947964 -0.597613 0.081257
v -0.960756 -0.489474 -0.027605
v -0.947886 -0.607653 0.134892
v -0.907341 -0.607626 0.134727
v -0.907618 -0.604084 0.080625
v -0.960389 -0.427214 -0.028029
v -0.958664 -0.428358 -0.082120
v -0.847072 -0.598398 0.134595
v -0.959445 -0.366473 -0.082613
v -0.962013 -0.367658 -0.136660
v -0.846880 -0.598729 0.080382
v -0.958797 -0.305156 -0.137133
v -0.959007 -0.303813 -0.082824
v -0.964430 -0.306422 -0.191067
v -0.957414 -0.242774 -0.137233
v -0.958142 -0.180791 -0.137428
v -0.961222 -0.244155 -0.191305
v -0.964831 -0.182136 -0.191261
v -0.962538 -0.119269 -0.137638
v -0.965977 -0.118754 -0.191293
v -0.960811 -0.058602 -0.138229
v -0.958717 0.000277 -0.138754
v -0.958379 -0.056656 -0.191721
v -0.967882 -0.119051 -0.246635
v -0.957453 0.073908 -0.139600
v -0.956900 0.082224 -0.085832
v -0.942966 0.088099 -0.140077
v -0.904438 0.085654 -0.140344
v -0.961630 0.000654 -0.192935
v -0.961038 0.063344 -0.193731
v -0.957453 0.073908 -0.139600
v -0.947181 0.078790 -0.194445
v -0.942966 0.088099 -0.140077
v -0.959757 -0.056279 -0.246984
v -0.905431 0.080078 -0.195807
v -0.906807 0.070002 -0.249418
v -0.952997 0.072721 -0.249653
v -0.961038 0.063344 -0.193731
v -0.966547 0.058107 -0.249380
v -0.965323 0.001899 -0.248585
v -0.963560 0.000568 -0.307736
v -0.967132 0.044406 -0.308509
v -0.966547 0.058107 -0.249380
v -0.954341 0.058452 -0.308496
v -0.952997 0.072721 -0.249653
v -0.909024 0.051059 -0.307591
v -0.956519 -0.062058 -0.306832
v -0.964152 -0.000875 -0.328543
v -0.965458 -0.062437 -0.343978
v -0.951311 -0.000975 -0.339836
v -0.953538 -0.062498 -0.357587
v -0.911873 -0.058723 -0.346136
v -0.967132 0.044406 -0.308509
v -0.964152 -0.000875 -0.328543
v -0.951311 -0.000975 -0.339836
v -0.954341 0.058452 -0.308496
v -0.912958 0.002589 -0.342148
v -0.861269 0.006556 -0.345001
v -0.857968 -0.056397 -0.350657
v -0.856160 0.050281 -0.308148
v -0.802039 0.003004 -0.345946
v -0.855130 -0.121568 -0.344085
v -0.851965 0.066637 -0.251155
v -0.850883 0.076820 -0.198017
v -0.797563 0.071883 -0.255502
v -0.850442 0.085420 -0.142724
v -0.795846 0.078945 -0.201429
v -0.800495 0.050551 -0.311826
v -0.750247 0.043046 -0.304182
v -0.748093 0.067133 -0.250912
v -0.795802 0.085223 -0.145238
v -0.746512 0.068390 -0.196830
v -0.698092 0.043498 -0.302568
v -0.795663 0.085404 -0.089081
v -0.695853 0.065303 -0.249255
v -0.746331 0.075779 -0.142533
v -0.693949 0.072230 -0.196071
v -0.646255 0.044352 -0.301293
v -0.644254 0.063581 -0.245740
v -0.642406 0.065146 -0.193571
v -0.694074 0.069221 -0.141529
v -0.746808 0.081486 -0.087195
v -0.642128 0.065234 -0.139914
v -0.694021 0.078900 -0.087025
v -0.795024 0.086152 -0.034694
v -0.746735 0.073883 -0.033782
v -0.694693 0.080260 -0.032843
v -0.642463 0.069464 -0.085883
v -0.599648 0.066566 -0.191475
v -0.598974 0.069184 -0.138797
v -0.601003 0.065481 -0.243311
v -0.602455 0.047927 -0.298680
v -0.558286 0.068902 -0.242108
v -0.556221 0.064172 -0.190033
v -0.559402 0.052677 -0.298550
v -0.601483 0.002428 -0.336125
v -0.515767 0.056143 -0.297408
v -0.557304 0.006852 -0.335869
v -0.512717 0.011430 -0.336085
v -0.646053 -0.001992 -0.336313
v -0.553210 -0.051959 -0.343247
v -0.507758 -0.046497 -0.347408
v -0.698715 -0.003841 -0.335520
v -0.598885 -0.056479 -0.343006
v -0.644370 -0.060234 -0.344441
v -0.751576 -0.005233 -0.335084
v -0.697678 -0.062479 -0.340619
v -0.800659 -0.057996 -0.353349
v -0.751861 -0.063995 -0.338953
v -0.696169 -0.121930 -0.353989
v -0.800686 -0.119954 -0.359890
v -0.750385 -0.123553 -0.347959
v -0.798954 -0.183423 -0.352492
v -0.749013 -0.184027 -0.354947
v -0.641809 -0.120798 -0.346601
v -0.798362 -0.245822 -0.358387
v -0.693640 -0.182550 -0.357614
v -0.747128 -0.244780 -0.356568
v -0.595096 -0.116502 -0.344024
v -0.638785 -0.181523 -0.348131
v -0.591114 -0.177124 -0.346197
v -0.548572 -0.111671 -0.344513
v -0.543938 -0.172543 -0.336951
v -0.691438 -0.243026 -0.356885
v -0.501902 -0.106778 -0.344634
v -0.496260 -0.167251 -0.339797
v -0.745753 -0.305287 -0.360002
v -0.456413 -0.101954 -0.343061
v -0.688754 -0.303474 -0.363405
v -0.462601 -0.042027 -0.348181
v -0.449782 -0.162224 -0.338199
v -0.409913 -0.096901 -0.336174
v -0.468218 0.016413 -0.337895
v -0.443161 -0.222279 -0.349172
v -0.416732 -0.036874 -0.348230
v -0.471720 0.060203 -0.297832
v -0.402283 -0.157143 -0.339173
v -0.422742 0.022282 -0.339403
v -0.377194 0.026814 -0.339065
v -0.426853 0.065689 -0.299446
v -0.370370 -0.031620 -0.346127
v -0.362734 -0.091661 -0.341348
v -0.354576 -0.151896 -0.342514
v -0.427519 0.080778 -0.241894
v -0.471962 0.076781 -0.241125
v -0.515651 0.073418 -0.241010
v -0.513899 0.072301 -0.188567
v -0.426721 0.086131 -0.189329
v -0.555711 0.066731 -0.137077
v -0.471541 0.083744 -0.188809
v -0.513580 0.076486 -0.136145
v -0.598885 0.067774 -0.084946
v -0.556043 0.072927 -0.083893
v -0.470376 0.082232 -0.135516
v -0.513130 0.075821 -0.082733
v -0.642817 0.081032 -0.032435
v -0.599661 0.076606 -0.031406
v -0.556426 0.077366 -0.030474
v -0.469926 0.082960 -0.082320
v -0.513203 0.079704 -0.029547
v -0.426161 0.084408 -0.135843
v -0.469360 0.081141 -0.029160
v -0.425550 0.079233 -0.082520
v -0.381703 0.083066 -0.083150
v -0.381602 0.081440 -0.136910
v -0.382377 0.089720 -0.190513
v -0.338987 0.088099 -0.083733
v -0.382990 0.088275 -0.243554
v -0.339498 0.092587 -0.137486
v -0.340348 0.095608 -0.244097
v -0.382015 0.071942 -0.301021
v -0.338280 0.087809 -0.191112
v -0.338903 0.080474 -0.301741
v -0.332862 0.035412 -0.339934
v -0.325427 -0.022795 -0.348125
v -0.297498 0.101019 -0.138043
v 0.899172 -0.191852 -0.235094
v 0.937196 -0.162870 -0.292422
v 0.941793 -0.177046 -0.234964
v 0.979597 -0.147460 -0.292155
v 0.856432 -0.206631 -0.182502
v 0.899030 -0.191877 -0.182354
v 0.816232 -0.228136 -0.130295
v 0.858619 -0.212835 -0.129982
v 0.984438 -0.162187 -0.234860
v 1.022392 -0.133027 -0.291912
v 0.941816 -0.177608 -0.182261
v 0.901060 -0.197603 -0.129751
v 1.027084 -0.147435 -0.234545
v 1.065083 -0.118581 -0.291690
v 0.984665 -0.163467 -0.182205
v 0.943295 -0.181784 -0.129575
v 1.070087 -0.133927 -0.234406
v 1.107378 -0.103198 -0.290823
v 1.027395 -0.148982 -0.181967
v 0.985024 -0.164618 -0.129325
v 1.112689 -0.119255 -0.234074
v 1.149769 -0.088183 -0.290298
v 1.069634 -0.133087 -0.181655
v 1.155120 -0.104318 -0.233616
v 1.192382 -0.074386 -0.290440
v 1.113255 -0.121370 -0.181198
v 1.198023 -0.090782 -0.233512
v 1.235318 -0.060896 -0.290443
v 1.155878 -0.106304 -0.180793
v 1.241137 -0.078048 -0.233498
v 1.277779 -0.046163 -0.289779
v 1.197376 -0.088677 -0.180526
v 1.284284 -0.064831 -0.233510
v 1.320289 -0.031378 -0.289633
v 1.239815 -0.073793 -0.180544
v 1.283640 -0.063129 -0.180377
v 1.326953 -0.049930 -0.233452
v 1.362900 -0.016348 -0.290083
v 1.326774 -0.049884 -0.180446
v 1.369324 -0.034154 -0.233476
v 1.404855 0.000753 -0.289275
v 1.368299 -0.031872 -0.180340
v 1.411183 -0.016938 -0.233099
v 1.447649 0.015149 -0.289862
v 1.453723 -0.001376 -0.233274
v 1.490696 0.029086 -0.290857
v 1.412633 -0.021661 -0.180526
v 1.495197 0.015955 -0.232631
v 1.537564 0.061511 -0.288023
v 1.453938 -0.002564 -0.180255
v 1.544456 0.048977 -0.232811
v 1.571383 0.101985 -0.233075
v 1.555587 0.099290 -0.287678
v 1.543413 0.050533 -0.180166
v 1.551890 0.156079 -0.289628
v 1.490117 0.023983 -0.180425
v 1.568305 0.161213 -0.232905
v 1.533522 0.213852 -0.289080
v 1.573766 0.102438 -0.180281
v 1.552141 0.219722 -0.232623
v 1.513672 0.271331 -0.287933
v 1.571015 0.161936 -0.180195
v 1.533151 0.277740 -0.232140
v 1.492084 0.328274 -0.287394
v 1.551578 0.219805 -0.179900
v 1.511740 0.334756 -0.231710
v 1.467516 0.383900 -0.286386
v 1.541274 0.280251 -0.180274
v 1.489119 0.391385 -0.231380
v 1.440103 0.438527 -0.283616
v 1.518939 0.337050 -0.179271
v -0.961928 -0.552573 -0.244094
v -0.963187 -0.599028 -0.189156
v -0.963706 -0.550686 -0.189595
v -0.964499 -0.600908 -0.243408
v -0.950261 -0.612398 -0.189121
v -0.951625 -0.614545 -0.243306
v -0.962554 -0.600612 -0.135024
v -0.909455 -0.614574 -0.243372
v -0.962266 -0.549271 -0.135429
v -0.949596 -0.614154 -0.134986
v -0.962227 -0.492887 -0.190103
v -0.961245 -0.494485 -0.245294
v -0.962164 -0.491588 -0.135942
v -0.959654 -0.430902 -0.190735
v -0.961964 -0.548087 -0.081220
v -0.962554 -0.600612 -0.135024
v -0.961937 -0.601116 -0.080739
v -0.949001 -0.613350 -0.080654
v -0.908302 -0.615112 -0.135184
v -0.908938 -0.613389 -0.189462
v -0.907900 -0.610401 -0.080971
v -0.847694 -0.616664 -0.189826
v -0.848437 -0.611893 -0.243801
v -0.849120 -0.596164 -0.302538
v -0.910690 -0.598209 -0.302479
v -0.951625 -0.614545 -0.243306
v -0.788141 -0.594395 -0.303076
v -0.952780 -0.598368 -0.302183
v -0.964499 -0.600908 -0.243408
v -0.965825 -0.585145 -0.302248
v -0.787264 -0.610908 -0.244477
v -0.966842 -0.554232 -0.302702
v -0.966815 -0.555269 -0.332699
v -0.733263 -0.583579 -0.294638
v -0.966479 -0.495809 -0.304058
v -0.966815 -0.555269 -0.332699
v -0.967375 -0.496851 -0.349011
v -0.954157 -0.555619 -0.345428
v -0.954758 -0.497267 -0.362159
v -0.912413 -0.497390 -0.363149
v -0.959621 -0.433131 -0.249214
v -0.964479 -0.434543 -0.307992
v -0.967375 -0.496851 -0.349011
v -0.967312 -0.434816 -0.353246
v -0.954758 -0.497267 -0.362159
v -0.954960 -0.435035 -0.366603
v -0.913038 -0.435095 -0.369641
v -0.962487 -0.371754 -0.306598
v -0.967252 -0.372411 -0.349941
v -0.967312 -0.434816 -0.353246
v -0.955052 -0.372669 -0.362853
v -0.913064 -0.372869 -0.363109
v -0.961135 -0.370383 -0.247476
v -0.964625 -0.309059 -0.305002
v -0.967384 -0.310119 -0.345966
v -0.967252 -0.372411 -0.349941
v -0.954797 -0.310450 -0.357566
v -0.955052 -0.372669 -0.362853
v -0.912926 -0.310854 -0.354447
v -0.962186 -0.368842 -0.190931
v -0.963284 -0.307638 -0.246164
v -0.962404 -0.429558 -0.136373
v -0.960038 -0.490492 -0.081624
v -0.960941 -0.547204 -0.027210
v -0.961339 -0.592927 -0.026872
v -0.961937 -0.601116 -0.080739
v -0.949001 -0.613350 -0.080654
v -0.961206 -0.582196 0.026642
v -0.948635 -0.604129 -0.027085
v -0.948332 -0.595439 0.026720
v -0.908182 -0.597815 -0.028001
v -0.960658 -0.582384 0.081354
v -0.947964 -0.597613 0.081257
v -0.948635 -0.604129 -0.027085
v -0.907565 -0.595639 0.026726
v -0.847505 -0.596010 -0.027959
v -0.847526 -0.602739 -0.082208
v -0.847374 -0.606236 0.026203
v -0.847503 -0.610976 -0.135609
v -0.786728 -0.606018 0.025613
v -0.786792 -0.595603 -0.028204
v -0.786819 -0.597205 -0.082675
v -0.786695 -0.607580 -0.135976
v -0.786915 -0.613299 -0.190040
v -0.731801 -0.595821 -0.132281
v -0.731772 -0.586354 -0.080322
v -0.731755 -0.601908 -0.184818
v -0.732287 -0.598703 -0.237491
v -0.673912 -0.581593 -0.294714
v -0.672718 -0.596269 -0.237484
v -0.614131 -0.579650 -0.294710
v -0.672520 -0.591238 -0.132699
v -0.612983 -0.594044 -0.237178
v -0.672370 -0.598275 -0.184807
v -0.560926 -0.573684 -0.294235
v -0.613084 -0.588193 -0.132539
v -0.672656 -0.589190 -0.079995
v -0.559885 -0.587067 -0.236705
v -0.612913 -0.593918 -0.184751
v -0.508065 -0.567539 -0.293683
v -0.559527 -0.590592 -0.184446
v -0.506933 -0.580879 -0.236228
v -0.455261 -0.560691 -0.292655
v -0.453968 -0.574074 -0.235305
v -0.403319 -0.554429 -0.291638
v -0.506606 -0.583635 -0.183704
v -0.559498 -0.590090 -0.131896
v -0.613191 -0.587555 -0.079719
v -0.402051 -0.563763 -0.233610
v -0.350174 -0.550857 -0.292106
v -0.453243 -0.581413 -0.183279
v -0.506317 -0.585823 -0.131274
v -0.559845 -0.587045 -0.079373
v -0.452941 -0.582655 -0.130584
v -0.349021 -0.557345 -0.232990
v -0.506530 -0.583064 -0.078762
v -0.400487 -0.577303 -0.182993
v -0.297029 -0.546187 -0.292039
v -0.400259 -0.580384 -0.130077
v -0.295491 -0.557729 -0.234083
v -0.241638 -0.535905 -0.291944
v -0.347198 -0.572251 -0.182429
v -0.240213 -0.546167 -0.233704
v -0.187232 -0.524435 -0.291596
v -0.294368 -0.564106 -0.182010
v -0.346789 -0.576171 -0.129644
v -0.185488 -0.534442 -0.233323
v -0.132485 -0.514748 -0.291699
v -0.239707 -0.550231 -0.181468
v -0.293580 -0.569810 -0.129425
v -0.130259 -0.524967 -0.233440
v -0.077627 -0.504961 -0.291787
v -0.184482 -0.540898 -0.181447
v -0.237917 -0.560166 -0.129141
v -0.074601 -0.518406 -0.234144
v -0.028756 -0.492047 -0.291860
v -0.129224 -0.531366 -0.181424
v -0.183250 -0.548906 -0.129026
v -0.025539 -0.505109 -0.234113
v 0.020030 -0.478601 -0.291816
v -0.074119 -0.520399 -0.181608
v -0.128426 -0.536158 -0.128905
v 0.023588 -0.492275 -0.234207
v 0.068662 -0.464681 -0.291471
v -0.025414 -0.505361 -0.181422
v -0.073333 -0.524703 -0.128948
v 0.072847 -0.479485 -0.234367
v 0.117488 -0.451529 -0.291674
v 0.023755 -0.492202 -0.181495
v -0.024323 -0.510482 -0.128868
v 0.121837 -0.466405 -0.234535
v 0.166504 -0.438474 -0.291909
v 0.074084 -0.483861 -0.181966
v 0.025113 -0.497913 -0.128989
v -0.024144 -0.512044 -0.076260
v 1.476328 0.069070 -0.332666
v 1.537564 0.061511 -0.288023
v 1.490696 0.029086 -0.290857
v 1.447649 0.015149 -0.289862
v 1.527502 0.089714 -0.317473
v 1.555587 0.099290 -0.287678
v 1.433302 0.055148 -0.331479
v 1.404855 0.000753 -0.289275
v 1.456576 0.123839 -0.346093
v 1.510879 0.142572 -0.330653
v 1.551890 0.156079 -0.289628
v 1.533522 0.213852 -0.289080
v 1.489276 0.199139 -0.326626
v 1.513672 0.271331 -0.287933
v 1.390385 0.041174 -0.330016
v 1.347475 0.027140 -0.328139
v 1.414264 0.108670 -0.348481
v 1.371249 0.093991 -0.347863
v 1.328661 0.082915 -0.336234
v 1.351619 0.151364 -0.354918
v 1.393125 0.166307 -0.348480
v 1.370160 0.221390 -0.335450
v 1.434349 0.179848 -0.336416
v 1.411753 0.235583 -0.326288
v 1.390318 0.292951 -0.326103
v 1.467549 0.255352 -0.323352
v 1.492084 0.328274 -0.287394
v 1.446325 0.311609 -0.322857
v 1.467516 0.383900 -0.286386
v 1.425645 0.368513 -0.326330
v 1.099677 0.190895 -0.374212
v 1.121058 0.262697 -0.376295
v 1.141940 0.205491 -0.377121
v 1.077803 0.119359 -0.365760
v 1.119993 0.133368 -0.372686
v 1.140337 0.333548 -0.368212
v 1.099710 0.319424 -0.371009
v 1.119521 0.389864 -0.357797
v 1.162553 0.277280 -0.373222
v 1.162618 0.148001 -0.374626
v 1.159951 0.405143 -0.362970
v 1.101243 0.444651 -0.340008
v 1.181466 0.347854 -0.366262
v 1.184183 0.220775 -0.374888
v 1.202867 0.291463 -0.362411
v 1.141221 0.460349 -0.345825
v 1.082409 0.499846 -0.328595
v 1.201215 0.418831 -0.359870
v 1.221515 0.361514 -0.355674
v 1.123519 0.514653 -0.330574
v 1.069289 0.541771 -0.287705
v 1.181630 0.476338 -0.352205
v 1.243257 0.433071 -0.357236
v 1.111056 0.556122 -0.289054
v 1.164841 0.529770 -0.332973
v 1.106193 0.571302 -0.231425
v 1.149171 0.580481 -0.231151
v 1.148581 0.581801 -0.178405
v 1.153006 0.569140 -0.288902
v 1.191052 0.595660 -0.231210
v 1.191849 0.592233 -0.178432
v 1.191537 0.592237 -0.125536
v 1.232999 0.609035 -0.178524
v 1.232894 0.609649 -0.231044
v 1.273224 0.627961 -0.178428
v 1.195194 0.582866 -0.288920
v 1.273269 0.627971 -0.231229
v 1.237019 0.597852 -0.289034
v 1.332344 0.633691 -0.231131
v 1.278489 0.613950 -0.288845
v 1.206811 0.544634 -0.333221
v 1.223370 0.491506 -0.354405
v 1.266281 0.505619 -0.352323
v 1.249227 0.559149 -0.332885
v 1.291743 0.574505 -0.332297
v 1.309441 0.520357 -0.349165
v 1.334925 0.618384 -0.286157
v 1.344831 0.590576 -0.316072
v 1.372505 0.600267 -0.286010
v 1.386091 0.607876 -0.231018
v 1.364015 0.539339 -0.330672
v 1.403726 0.553461 -0.287530
v 1.419074 0.494874 -0.284083
v 1.381585 0.481165 -0.328248
v 1.440103 0.438527 -0.283616
v 1.329131 0.462307 -0.351855
v 1.403068 0.425008 -0.327367
v 1.286179 0.447655 -0.358092
v 1.350573 0.404651 -0.351678
v 1.306923 0.389590 -0.354443
v 1.263484 0.376144 -0.349305
v 1.369962 0.348928 -0.338318
v 1.241695 0.305009 -0.344415
v 1.284034 0.319832 -0.340170
v 1.224432 0.235282 -0.361949
v 1.326537 0.334988 -0.336569
v 1.264817 0.248771 -0.348504
v 1.305959 0.263081 -0.337588
v 1.347803 0.278139 -0.329821
v 1.204991 0.163151 -0.372538
v 1.246953 0.178595 -0.368877
v 1.103032 0.580602 0.084600
v 1.060691 0.568733 0.137338
v 1.103016 0.582060 0.137306
v 1.123956 0.522706 0.338894
v 1.165954 0.536577 0.338439
v 1.152318 0.578085 0.298489
v 1.144479 0.600993 0.189845
v 1.145813 0.593346 0.137310
v 1.146365 0.596350 0.242468
v 1.186773 0.613959 0.189733
v 1.188354 0.610647 0.242559
v 1.183734 0.482907 0.354496
v 1.208285 0.551344 0.338710
v 1.141837 0.468503 0.353394
v 1.202832 0.426612 0.366811
v 1.161005 0.411966 0.362312
v 1.222643 0.368525 0.361137
v 1.226653 0.496356 0.350439
v 1.245468 0.440643 0.363424
v 1.265427 0.382570 0.364600
v 1.286543 0.453327 0.348972
v 1.268627 0.512375 0.355494
v 1.329649 0.468418 0.353467
v 1.311331 0.526980 0.354478
v 1.250414 0.567345 0.340124
v 1.194223 0.593113 0.298677
v 1.293618 0.582272 0.339642
v 1.347268 0.598562 0.324486
v 1.237226 0.606842 0.298391
v 1.231672 0.621876 0.241950
v 1.337757 0.625867 0.295240
v 1.376027 0.607734 0.295467
v 1.280241 0.621362 0.297695
v 1.334800 0.637603 0.240876
v 1.388639 0.612016 0.241855
v 1.388374 0.609019 0.190288
v 1.274897 0.633896 0.241314
v 1.333675 0.631772 0.189491
v 1.387931 0.606052 0.137986
v 1.274317 0.631510 0.189258
v 1.334053 0.630127 0.137316
v 1.387896 0.604708 0.085582
v 1.274701 0.626682 0.136924
v 1.334269 0.629345 0.084867
v 1.387935 0.604154 0.033308
v 1.230438 0.623215 0.189296
v 1.232019 0.614945 0.137303
v 1.188537 0.605976 0.137234
v 1.333780 0.627464 0.032405
v 1.388423 0.605733 -0.019248
v 1.274636 0.625498 0.084479
v 1.233104 0.609448 0.084762
v 1.274800 0.623382 0.032096
v 1.333406 0.628146 -0.020102
v 1.386332 0.604744 -0.072064
v 1.188721 0.603401 0.084565
v 1.231117 0.615238 0.031812
v 1.275227 0.621357 -0.020638
v 1.232393 0.610298 -0.020662
v 1.332732 0.630125 -0.072787
v 1.273895 0.626922 -0.073175
v 1.333095 0.632878 -0.125565
v 1.387069 0.606852 -0.125388
v 1.386226 0.607175 -0.178271
v 1.332720 0.633556 -0.178348
v 1.273667 0.626558 -0.125944
v 1.234101 0.605855 -0.125793
v 1.231132 0.615219 -0.073315
v 1.190796 0.594246 -0.020407
v 1.190217 0.597503 -0.073113
v 1.189153 0.600521 0.032031
v 1.147447 0.584396 -0.020661
v 1.147522 0.584667 0.032121
v 1.147155 0.586730 0.084887
v 1.103788 0.576209 0.031918
v 1.059956 0.568718 0.031840
v 1.103293 0.578721 -0.020743
v 1.146824 0.587066 -0.073264
v 1.147307 0.587129 -0.125939
v 1.103012 0.580193 -0.073560
v 1.103576 0.579375 -0.126259
v 1.060681 0.565856 -0.021067
v 1.104420 0.576718 -0.179165
v 1.059550 0.572466 -0.126548
v 1.061771 0.563967 -0.178716
v 1.059417 0.571848 -0.073581
v 1.017709 0.554783 -0.021070
v 1.064070 0.557924 -0.230912
v 1.016858 0.559600 -0.126414
v 1.019252 0.551856 -0.178503
v 1.020958 0.547403 -0.231292
v 1.545250 0.049151 0.135422
v 1.496275 0.016014 0.135498
v 1.454531 -0.001172 0.135676
v 1.496300 0.016674 0.188490
v 1.545080 0.049906 0.241451
v 1.496071 0.016701 0.241495
v 1.453970 0.000833 0.188501
v 1.490434 0.031301 0.299045
v 1.453952 -0.000039 0.082900
v 1.453179 0.002480 0.241368
v 1.412197 -0.016922 0.188625
v 1.452630 0.003121 0.030224
v 1.411582 -0.015873 0.135514
v 1.410354 -0.012321 0.082974
v 1.368452 -0.028806 0.188295
v 1.366621 -0.021929 0.135785
v 1.452466 0.001680 -0.022495
v 1.409746 -0.011387 0.030219
v 1.411143 -0.017736 -0.022162
v 1.365760 -0.019823 0.083048
v 1.366409 -0.025511 -0.022405
v 1.365223 -0.019427 0.030183
v 1.323215 -0.036207 0.135434
v 1.321481 -0.030700 -0.022968
v 1.322550 -0.033940 0.082649
v 1.320991 -0.029508 0.030073
v 1.324768 -0.041299 0.187933
v -0.623106 -0.415274 0.380849
v -0.677743 -0.469853 0.348501
v -0.620869 -0.469190 0.348666
v -0.675644 -0.528400 0.336068
v -0.680530 -0.415280 0.377988
v -0.570357 -0.465891 0.353525
v -0.733248 -0.528715 0.336210
v -0.618615 -0.527588 0.334999
v -0.567945 -0.522495 0.335942
v -0.673766 -0.570253 0.293136
v -0.616414 -0.570160 0.292800
v -0.731305 -0.571648 0.293437
v -0.673485 -0.582254 0.234622
v -0.734860 -0.469669 0.345432
v -0.789005 -0.475119 0.351620
v -0.737608 -0.415471 0.373302
v -0.787931 -0.536387 0.344950
v -0.791166 -0.418762 0.379171
v -0.847369 -0.536690 0.342385
v -0.848365 -0.475957 0.350573
v -0.846486 -0.583058 0.302128
v -0.786522 -0.581748 0.302120
v -0.786554 -0.591094 0.240986
v -0.846695 -0.604378 0.189037
v -0.731203 -0.580881 0.234375
v -0.786448 -0.599748 0.188263
v -0.947886 -0.607653 0.134892
v -0.947343 -0.606160 0.189554
v -0.960170 -0.593615 0.189627
v -0.731567 -0.580829 0.181813
v -0.786187 -0.608427 0.134357
v -0.786471 -0.600500 0.079856
v -0.731155 -0.589937 0.129730
v -0.731269 -0.599829 0.077593
v -0.673002 -0.586077 0.181629
v -0.671895 -0.593738 0.128670
v -0.615805 -0.586684 0.235034
v -0.614352 -0.593020 0.180899
v -0.565235 -0.563392 0.292576
v -0.564657 -0.577771 0.233845
v -0.516442 -0.518475 0.339439
v -0.514209 -0.556255 0.291211
v -0.563666 -0.579201 0.179327
v -0.612475 -0.598168 0.126838
v -0.515239 -0.558507 0.231150
v -0.560400 -0.590075 0.125968
v -0.513752 -0.564448 0.178222
v -0.671319 -0.598212 0.075921
v -0.611465 -0.597993 0.073938
v -0.731350 -0.595993 0.024616
v -0.671736 -0.593476 0.024209
v -0.558712 -0.594977 0.073579
v -0.731537 -0.586850 -0.027262
v -0.672540 -0.591829 -0.027623
v -0.612709 -0.592416 -0.027955
v -0.611901 -0.593275 0.022979
v -0.559766 -0.584919 -0.027518
v -0.558878 -0.590338 0.022708
v -0.507289 -0.578818 -0.026562
v -0.506979 -0.584908 0.023882
v -0.454432 -0.575038 -0.025695
v -0.454771 -0.584165 0.025464
v -0.453714 -0.575397 -0.078353
v -0.401488 -0.572994 -0.025398
v -0.400834 -0.572684 -0.077842
v -0.347540 -0.569917 -0.077398
v -0.347930 -0.572029 -0.024834
v -0.294195 -0.565949 -0.076767
v -0.238609 -0.557843 -0.076460
v -0.294241 -0.567776 -0.024275
v -0.183717 -0.547844 -0.076190
v -0.238502 -0.560321 -0.023800
v -0.295382 -0.565356 0.028122
v -0.128160 -0.538103 -0.076358
v -0.239754 -0.555903 0.028594
v -0.183653 -0.550535 -0.023649
v -0.073696 -0.524027 -0.076265
v -0.128243 -0.539407 -0.023651
v -0.074348 -0.522955 -0.023618
v -0.025690 -0.507533 -0.023715
v -0.073723 -0.525965 0.029062
v 0.023636 -0.494568 -0.023739
v -0.129061 -0.537328 0.029073
v -0.184445 -0.547295 0.029115
v -0.162183 0.070220 -0.334735
v -0.150885 0.011806 -0.338691
v -0.203055 0.059166 -0.336323
v -0.096886 -0.034472 -0.350749
v -0.039826 -0.082339 -0.346622
v -0.083918 -0.093802 -0.358486
v -0.024389 -0.140776 -0.353093
v -0.139471 -0.045218 -0.358235
v -0.192404 0.001755 -0.344827
v -0.235846 -0.005543 -0.349106
v -0.181857 -0.056656 -0.361051
v -0.127316 -0.104688 -0.369016
v -0.069914 -0.152882 -0.361698
v -0.052621 -0.210284 -0.371109
v -0.097843 -0.222649 -0.376650
v -0.113523 -0.163849 -0.373734
v -0.170819 -0.116219 -0.371865
v -0.226245 -0.065058 -0.358702
v -0.280561 -0.014207 -0.348499
v -0.158029 -0.175335 -0.374827
v -0.215660 -0.125083 -0.360980
v -0.270905 -0.074017 -0.348755
v -0.204519 -0.184429 -0.366211
v -0.261010 -0.134030 -0.350271
v -0.316635 -0.082871 -0.347568
v -0.307067 -0.142889 -0.343874
v -0.250398 -0.193771 -0.352757
v -0.297273 -0.202621 -0.342825
v -0.238896 -0.253201 -0.350117
v -0.191081 -0.243847 -0.363937
v -0.287827 -0.262617 -0.344606
v -0.143015 -0.234710 -0.372007
v -0.127367 -0.293104 -0.363367
v -0.176866 -0.302415 -0.354309
v -0.164829 -0.362359 -0.356629
v -0.227719 -0.313043 -0.349411
v -0.216840 -0.372345 -0.359711
v -0.277835 -0.322698 -0.345993
v -0.204968 -0.431897 -0.356954
v -0.152215 -0.421685 -0.356058
v -0.194367 -0.487103 -0.337413
v -0.268397 -0.382010 -0.358360
v -0.258070 -0.441995 -0.356114
v -0.248495 -0.497679 -0.337530
v -0.241638 -0.535905 -0.291944
v -0.297029 -0.546187 -0.292039
v -0.302447 -0.508689 -0.337594
v -0.350174 -0.550857 -0.292106
v -0.311107 -0.451884 -0.354888
v -0.355372 -0.513756 -0.338831
v -0.403319 -0.554429 -0.291638
v -0.319861 -0.392151 -0.348309
v -0.362981 -0.456975 -0.356400
v -0.407907 -0.518529 -0.339091
v -0.455261 -0.560691 -0.292655
v -0.459744 -0.522424 -0.337705
v -0.508065 -0.567539 -0.293683
v -0.414658 -0.462768 -0.359615
v -0.371326 -0.396932 -0.354168
v -0.328788 -0.332180 -0.345947
v -0.512074 -0.528659 -0.338298
v -0.560926 -0.573684 -0.294235
v -0.465635 -0.468142 -0.358820
v -0.564324 -0.534372 -0.338428
v -0.614131 -0.579650 -0.294710
v -0.517350 -0.472973 -0.357946
v -0.568845 -0.478372 -0.357510
v -0.616964 -0.539795 -0.338038
v -0.673912 -0.581593 -0.294714
v -0.620642 -0.484107 -0.357290
v -0.676626 -0.541162 -0.337911
v -0.733263 -0.583579 -0.294638
v -0.735613 -0.542801 -0.337572
v -0.788141 -0.594395 -0.303076
v -0.679682 -0.485133 -0.356332
v -0.624703 -0.423408 -0.360987
v -0.573706 -0.417868 -0.359884
v -0.790198 -0.552579 -0.347295
v -0.849120 -0.596164 -0.302538
v -0.850758 -0.553833 -0.346424
v -0.910690 -0.598209 -0.302479
v -0.792151 -0.495075 -0.366821
v -0.911798 -0.555353 -0.345159
v -0.952780 -0.598368 -0.302183
v -0.966815 -0.555269 -0.332699
v -0.965825 -0.585145 -0.302248
v -0.852244 -0.496064 -0.364723
v -0.738336 -0.486897 -0.356743
v -0.794186 -0.432760 -0.371356
v -0.853488 -0.433841 -0.370689
v -0.795890 -0.370586 -0.362728
v -0.854323 -0.371783 -0.360928
v -0.682838 -0.424637 -0.361785
v -0.740838 -0.426476 -0.361123
v -0.628333 -0.363006 -0.353603
v -0.685856 -0.364128 -0.357710
v -0.743154 -0.365847 -0.358982
v -0.854676 -0.309626 -0.355455
v -0.797098 -0.308159 -0.362561
v -0.912510 -0.248803 -0.348660
v -0.855119 -0.247230 -0.353680
v -0.954797 -0.310450 -0.357566
v -0.632035 -0.302491 -0.356900
v -0.635359 -0.241905 -0.354789
v -0.953933 -0.248205 -0.355251
v -0.967384 -0.310119 -0.345966
v -0.967231 -0.247868 -0.345171
v -0.952860 -0.185730 -0.353261
v -0.968652 -0.247077 -0.305300
v -0.967231 -0.247868 -0.345171
v -0.911834 -0.186032 -0.349615
v -0.967207 -0.185407 -0.342233
v -0.967649 -0.245788 -0.246259
v -0.969008 -0.184605 -0.305390
v -0.969394 -0.183325 -0.246379
v -0.962374 -0.122635 -0.305859
v -0.965405 -0.123121 -0.339078
v -0.965405 -0.123121 -0.339078
v -0.952526 -0.123560 -0.349142
v -0.965458 -0.062437 -0.343978
v -0.952860 -0.185730 -0.353261
v -0.953538 -0.062498 -0.357587
v -0.952526 -0.123560 -0.349142
v -0.911070 -0.123461 -0.343933
v -0.855277 -0.184874 -0.347671
v 1.282965 -0.057374 0.134763
v 1.283117 -0.058694 0.187441
v 1.282702 -0.058619 0.240391
v 1.242250 -0.078010 0.187171
v 1.283056 -0.056547 0.082008
v 1.242260 -0.077106 0.134199
v 1.280388 -0.050705 0.029518
v 1.242765 -0.077267 0.081504
v 1.201244 -0.096416 0.133975
v 1.278953 -0.046937 -0.023074
v 1.240696 -0.072160 0.028899
v 1.200737 -0.094399 0.081185
v 1.236847 -0.063639 -0.023111
v 1.279176 -0.048138 -0.075902
v 1.198745 -0.089590 0.028754
v 1.159316 -0.112836 0.081036
v 1.157701 -0.109143 0.133568
v 1.195265 -0.081501 -0.023297
v 1.158158 -0.109692 0.028310
v 1.115988 -0.126342 0.080864
v 0.154112 -0.401281 0.335908
v 0.106116 -0.414513 0.337977
v 0.117252 -0.456790 0.297323
v 0.071193 -0.479799 0.239073
v 0.067772 -0.467649 0.297262
v 0.021075 -0.488837 0.238730
v 0.021778 -0.489466 0.186310
v 0.137155 -0.344466 0.342452
v 0.184230 -0.331868 0.341103
v 0.244645 -0.373633 0.333841
v 0.226509 -0.317096 0.341490
v 0.057619 -0.426818 0.339898
v 0.166882 -0.275488 0.326164
v 0.089899 -0.356640 0.346031
v 0.119501 -0.287886 0.327704
v 0.018093 -0.478014 0.297043
v 0.042440 -0.369551 0.350411
v -0.028611 -0.498813 0.238623
v 0.008952 -0.438670 0.340991
v -0.031086 -0.488370 0.296962
v -0.028996 -0.493843 0.185968
v -0.027368 -0.502393 0.133677
v -0.078147 -0.507484 0.132759
v -0.078694 -0.508258 0.237920
v -0.079367 -0.502651 0.185438
v -0.133422 -0.517511 0.132534
v -0.130956 -0.529101 0.081123
v -0.186600 -0.536891 0.080628
v -0.188487 -0.528734 0.132634
v -0.242166 -0.546256 0.079934
v -0.134185 -0.515176 0.185287
v -0.133922 -0.518078 0.237823
v -0.080765 -0.499493 0.296374
v -0.040068 -0.450161 0.340419
v -0.188779 -0.529193 0.185300
v -0.244321 -0.540576 0.184586
v -0.136275 -0.507247 0.295901
v -0.244218 -0.537785 0.131914
v -0.189168 -0.528435 0.237698
v -0.244997 -0.538502 0.236960
v -0.300436 -0.551023 0.183818
v -0.298128 -0.555126 0.079456
v -0.300158 -0.549126 0.131273
v -0.348937 -0.571693 0.027407
v -0.350965 -0.566241 0.079158
v -0.402151 -0.579497 0.026656
v -0.403959 -0.575904 0.078793
v -0.353825 -0.554792 0.130123
v -0.354874 -0.554642 0.182681
v -0.406535 -0.565052 0.129607
v -0.455865 -0.584316 0.077586
v -0.507151 -0.590142 0.075091
v -0.458942 -0.571930 0.128121
v -0.509525 -0.581698 0.126869
v -0.461646 -0.558016 0.179550
v -0.408598 -0.555854 0.181195
v -0.462118 -0.557118 0.231933
v -0.408944 -0.557204 0.233618
v -0.354897 -0.555693 0.235363
v -0.462120 -0.550518 0.291206
v -0.409127 -0.545922 0.292300
v -0.464804 -0.513425 0.338937
v -0.412469 -0.508315 0.338536
v -0.301208 -0.549420 0.236382
v -0.519716 -0.462101 0.357291
v -0.468751 -0.458536 0.360825
v -0.572853 -0.410575 0.381087
v -0.522537 -0.405329 0.380537
v -0.575930 -0.347344 0.389762
v -0.525592 -0.343192 0.390924
v -0.625754 -0.351650 0.385895
v -0.682280 -0.351697 0.382026
v -0.682756 -0.292282 0.362676
v -0.739174 -0.293352 0.357979
v -0.738871 -0.352477 0.377996
v -0.792596 -0.355093 0.386357
v -0.792820 -0.294344 0.369786
v -0.792569 -0.231063 0.364621
v -0.851075 -0.231070 0.364669
v -0.850587 -0.418718 0.376795
v -0.852605 -0.355057 0.384085
v -0.911792 -0.356089 0.376318
v -0.949283 -0.418692 0.363751
v -0.852436 -0.293953 0.368725
v -0.950936 -0.356024 0.365518
v -0.962152 -0.356385 0.348461
v -0.960887 -0.418848 0.346428
v -0.911095 -0.294054 0.363930
v -0.950936 -0.356024 0.365518
v -0.909335 -0.231341 0.368367
v -0.952495 -0.293167 0.362921
v -0.962152 -0.356385 0.348461
v -0.963672 -0.293248 0.349073
v -0.948550 -0.169138 0.372556
v -0.951699 -0.231558 0.372928
v -0.951699 -0.231558 0.372928
v -0.963176 -0.231860 0.360736
v -0.960463 -0.169289 0.357428
v -0.952495 -0.293167 0.362921
v -0.963176 -0.231860 0.360736
v 0.122415 -0.472635 0.080828
v 0.073135 -0.485352 0.133910
v 0.072067 -0.479268 0.081350
v 0.022927 -0.493525 0.133953
v 0.171894 -0.460768 0.133427
v 0.122689 -0.474129 0.133774
v 0.264463 -0.434510 0.185992
v 0.221014 -0.446666 0.133411
v 0.264622 -0.434408 0.133337
v 0.221138 -0.448030 0.186182
v 0.170827 -0.457161 0.186151
v 0.120966 -0.467510 0.186380
v 0.071882 -0.480951 0.186599
v 0.121099 -0.470367 0.239162
v 0.170873 -0.459770 0.239099
v 0.220854 -0.448156 0.238812
v 0.264255 -0.434569 0.238787
v 0.215715 -0.432222 0.296233
v 0.258547 -0.416996 0.295458
v 0.166328 -0.444841 0.296834
v 0.202168 -0.388636 0.334796
v 0.301191 -0.401268 0.294941
v 1.154713 -0.101760 -0.023702
v 1.199018 -0.091249 0.186505
v 1.235609 -0.060679 -0.075899
v 1.192793 -0.075554 -0.075770
v 1.239536 -0.071455 0.239270
v 1.116616 -0.127805 0.028192
v 1.152422 -0.096390 -0.076070
v 1.113363 -0.120107 -0.023966
v 1.073683 -0.142391 0.028199
v 1.152448 -0.096933 -0.128767
v 1.110975 -0.114555 -0.076191
v 1.073325 -0.141411 -0.024475
v 1.069842 -0.133463 -0.076483
v 1.073177 -0.141257 0.080689
v 1.114315 -0.122220 0.133264
v 1.032367 -0.160972 0.080840
v 1.155035 -0.102253 0.185808
v 1.072614 -0.139985 0.133343
v 1.112783 -0.118420 0.185656
v 1.196546 -0.085216 0.238493
v 1.112769 -0.118090 0.238338
v 1.071550 -0.137317 0.185847
v 1.032112 -0.160218 0.133573
v 1.154831 -0.101727 0.238417
v 1.191203 -0.070329 0.295447
v 1.149022 -0.086188 0.295410
v 1.233261 -0.055314 0.295827
v 1.276016 -0.041641 0.297009
v 1.218763 -0.015476 0.337695
v 1.260996 -0.000609 0.337407
v 1.176373 -0.030307 0.337208
v 1.241263 0.053580 0.352081
v 1.198821 0.038929 0.352087
v 1.283871 0.067811 0.353321
v 1.303648 0.013586 0.338475
v 1.318893 -0.027404 0.297950
v 1.325121 -0.043333 0.240849
v 1.361464 -0.012351 0.298178
v 1.367510 -0.027235 0.241009
v 1.410235 -0.011592 0.241031
v 1.404662 0.002941 0.298371
v 1.447478 0.017181 0.298789
v 1.346577 0.027661 0.339823
v 1.389392 0.042749 0.340131
v 1.432839 0.057015 0.340680
v 1.475696 0.071432 0.340879
v 1.326711 0.081992 0.355065
v 1.369467 0.096639 0.355366
v 1.526654 0.091505 0.325955
v 1.555041 0.101305 0.296320
v 1.455492 0.125322 0.355522
v 1.509870 0.143962 0.340504
v 1.549431 0.158015 0.297932
v 1.527720 0.214744 0.297683
v 1.488622 0.200942 0.339900
v 1.507431 0.271435 0.298857
v 1.413055 0.111194 0.355880
v 1.434524 0.182743 0.356527
v 1.390694 0.168446 0.357778
v 1.467638 0.258176 0.341146
v 1.486529 0.328136 0.299450
v 1.412069 0.239876 0.355957
v 1.446370 0.314803 0.340705
v 1.465749 0.384665 0.300011
v 1.347924 0.153831 0.359829
v 1.369312 0.225184 0.350348
v 1.390448 0.296232 0.351895
v 1.425661 0.371976 0.342594
v 1.446941 0.441974 0.300095
v 1.305167 0.139115 0.357088
v 1.404747 0.429219 0.342420
v 1.425520 0.499761 0.298712
v 1.326604 0.211056 0.352138
v 1.262699 0.125086 0.352168
v 1.283844 0.196659 0.354477
v 1.348154 0.282175 0.345262
v 1.305290 0.268333 0.346141
v 1.220010 0.110650 0.351641
v 1.241308 0.182203 0.354592
v 1.262570 0.254026 0.348455
v 1.327384 0.339428 0.349281
v 1.284531 0.326091 0.348173
v 1.369748 0.353180 0.351860
v 1.349018 0.410305 0.350140
v 1.307376 0.396556 0.355550
v 1.384658 0.487295 0.338538
v 1.366659 0.546575 0.339670
v 1.407540 0.559687 0.298834
v 1.242377 0.311405 0.355507
v 1.220341 0.239837 0.350064
v 1.198953 0.167933 0.348527
v 1.200479 0.296890 0.359586
v 1.178350 0.225316 0.353312
v 1.177723 0.095863 0.352654
v 1.156574 0.153335 0.349534
v 1.156734 0.023526 0.353110
v 1.135777 0.080716 0.357067
v 1.133936 -0.045385 0.336307
v 1.114302 0.008651 0.350728
v 1.091707 -0.060791 0.335492
v 1.093649 0.065664 0.357106
v 1.114816 0.138407 0.355823
v 1.094560 0.196050 0.357500
v 1.072134 -0.006413 0.348331
v 1.072823 0.123487 0.356652
v 1.106984 -0.102307 0.295282
v 1.030084 -0.021434 0.345291
v 1.071478 -0.136372 0.238731
v 1.049394 -0.076278 0.334088
v 1.064842 -0.118547 0.294960
v 1.031591 -0.158788 0.186280
v 1.030070 -0.154682 0.239079
v 0.990743 -0.178679 0.133559
v 0.990636 -0.178321 0.186531
v 0.987896 -0.171668 0.239019
v 0.947736 -0.193526 0.186122
v 1.022586 -0.134501 0.294245
v 0.944679 -0.185974 0.238232
v 1.007134 -0.091600 0.332368
v 0.980126 -0.150043 0.293542
v 0.964947 -0.106956 0.331348
v 0.988062 -0.036378 0.342639
v 0.946009 -0.051839 0.342078
v 0.922936 -0.122613 0.331834
v 0.904190 -0.067765 0.344102
v 0.937501 -0.165259 0.293257
v 0.862634 -0.084024 0.348043
v 0.880945 -0.138409 0.333285
v 0.894655 -0.179870 0.293097
v 0.900938 -0.198242 0.237079
v 0.903529 -0.204116 0.184933
v 0.948602 -0.195266 0.133151
v 0.904615 -0.206488 0.132202
v 0.990022 -0.176859 0.080772
v 0.859938 -0.216688 0.183999
v 0.857069 -0.209689 0.235825
v 0.948411 -0.194480 0.080353
v 0.991445 -0.180322 0.028014
v 0.949608 -0.197462 0.027651
v 1.031725 -0.159557 0.028116
v 1.032229 -0.160470 -0.024698
v 0.990910 -0.178886 -0.024834
v 1.029371 -0.153665 -0.076898
v 1.068687 -0.130696 -0.129065
v 0.948882 -0.195639 -0.025113
v 0.987816 -0.171520 -0.077094
v 1.027227 -0.148530 -0.129232
v 0.946140 -0.188888 -0.077425
v 1.110429 -0.113498 -0.128919
v 1.193840 -0.078743 -0.128728
v 1.237025 -0.064802 -0.128709
v 1.281550 -0.056993 -0.128021
v 1.323107 -0.037638 -0.075473
v 1.325815 -0.048139 -0.127378
v 1.367761 -0.031325 -0.074792
v 1.368935 -0.034738 -0.127615
v 1.411740 -0.019661 -0.074860
v 1.411930 -0.020227 -0.127636
v 1.451219 0.003062 -0.075096
v 1.450981 0.002992 -0.127846
v 1.487947 0.028552 -0.127924
v 1.288621 0.194236 -0.361429
v 1.266686 0.122003 -0.356404
v 1.224191 0.107863 -0.355425
v 1.328345 0.207163 -0.343730
v 1.309287 0.135809 -0.359283
v 1.285653 0.069566 -0.331687
v 1.242676 0.055205 -0.330512
v 1.182557 0.091838 -0.360297
v 1.140151 0.076790 -0.361382
v 1.200053 0.039818 -0.332750
v 1.262142 -0.000745 -0.325578
v 1.097638 0.062985 -0.354378
v 1.159400 0.022360 -0.343208
v 1.220245 -0.016168 -0.327465
v 1.277779 -0.046163 -0.289779
v 1.304669 0.013406 -0.326186
v 1.235318 -0.060896 -0.290443
v 1.320289 -0.031378 -0.289633
v 1.178441 -0.031876 -0.329818
v 1.192382 -0.074386 -0.290440
v 1.362900 -0.016348 -0.290083
v 1.136470 -0.047769 -0.331964
v 1.149769 -0.088183 -0.290298
v 1.117725 0.005989 -0.348124
v 1.094201 -0.063086 -0.332714
v 1.107378 -0.103198 -0.290823
v 1.075406 -0.009245 -0.349169
v 1.055456 0.047869 -0.353820
v 1.035487 0.104687 -0.362903
v 1.015630 0.162248 -0.360818
v 1.051714 -0.078192 -0.333330
v 1.065083 -0.118581 -0.291690
v 1.033117 -0.024271 -0.349152
v 1.013104 0.032932 -0.353338
v 0.993360 0.089404 -0.365620
v 0.973379 0.147190 -0.363331
v 0.953432 0.204323 -0.357691
v 0.970879 0.017985 -0.353108
v 0.990769 -0.039300 -0.350275
v 1.009260 -0.093330 -0.334318
v 1.022392 -0.133027 -0.291912
v 0.966563 -0.107716 -0.334207
v 0.979597 -0.147460 -0.292155
v 0.948339 -0.054269 -0.351156
v 0.928633 0.002891 -0.355236
v 0.924028 -0.123155 -0.334793
v 0.937196 -0.162870 -0.292422
v 0.905602 -0.069155 -0.350888
v 0.886239 -0.012191 -0.354653
v 0.881696 -0.138665 -0.335297
v 0.894829 -0.178384 -0.292775
v 0.863215 -0.084369 -0.350585
v 0.843826 -0.026834 -0.351867
v 0.839326 -0.154058 -0.335791
v 0.852374 -0.193559 -0.293040
v 0.820957 -0.099989 -0.350968
v 0.801505 -0.042401 -0.350671
v 0.797189 -0.169940 -0.336738
v 0.809823 -0.208448 -0.293192
v 0.778870 -0.115851 -0.353559
v 0.759532 -0.058255 -0.355293
v 0.754956 -0.185485 -0.337051
v 0.767840 -0.224146 -0.293734
v 0.736627 -0.131302 -0.353567
v 0.717244 -0.073455 -0.351524
v 0.712744 -0.200921 -0.337435
v 0.725566 -0.239850 -0.294202
v 0.694338 -0.146597 -0.353273
v 0.675071 -0.088720 -0.351149
v 0.670384 -0.216415 -0.337598
v 0.683257 -0.255483 -0.294531
v 0.652218 -0.161816 -0.353125
v 0.632849 -0.104088 -0.350471
v 0.627907 -0.231703 -0.337371
v 0.640889 -0.270990 -0.294634
v 0.609895 -0.177126 -0.352769
v 0.590830 -0.119313 -0.351055
v 0.585733 -0.247242 -0.337445
v 0.598862 -0.287337 -0.295388
v 0.567687 -0.192562 -0.352589
v 0.548588 -0.134725 -0.351459
v 0.543542 -0.263147 -0.337630
v 0.556612 -0.303059 -0.295296
v 0.525568 -0.208331 -0.352544
v 0.506550 -0.150511 -0.352739
v 0.501235 -0.278708 -0.337169
v 0.514204 -0.318541 -0.294899
v 0.483454 -0.224058 -0.352722
v 0.464536 -0.166231 -0.353913
v 0.458878 -0.294189 -0.336570
v 0.471776 -0.333980 -0.294342
v 0.441272 -0.239729 -0.352780
v 0.422466 -0.181889 -0.354601
v 0.416543 -0.309761 -0.336150
v 0.429376 -0.349536 -0.293970
v 0.399036 -0.255312 -0.352493
v 0.380334 -0.197419 -0.353648
v 0.374213 -0.325338 -0.335874
v 0.386926 -0.365008 -0.293669
v 0.356810 -0.270915 -0.352317
v 0.337753 -0.212891 -0.353393
v 0.331751 -0.340841 -0.335721
v 0.344367 -0.380391 -0.293356
v 0.314180 -0.286284 -0.352041
v 0.295590 -0.228437 -0.353743
v 0.288783 -0.355777 -0.335156
v 0.301545 -0.395738 -0.293152
v 0.271730 -0.301563 -0.352042
v 0.253101 -0.243816 -0.355198
v 0.246018 -0.370899 -0.334874
v 0.258473 -0.410322 -0.292572
v 0.229101 -0.316980 -0.352874
v 0.210783 -0.259248 -0.358533
v 0.203210 -0.386134 -0.334842
v 0.215676 -0.425589 -0.292303
v 0.166504 -0.438474 -0.291909
v 0.186400 -0.332350 -0.352637
v 0.154559 -0.399030 -0.334678
v 0.117488 -0.451529 -0.291674
v 0.168172 -0.274646 -0.359546
v 0.106024 -0.412004 -0.334367
v 0.138347 -0.345054 -0.353022
v 0.068662 -0.464681 -0.291471
v 0.121036 -0.287589 -0.360752
v 0.057916 -0.425473 -0.334499
v 0.020030 -0.478601 -0.291816
v 0.090681 -0.358094 -0.352546
v 0.043132 -0.371327 -0.353005
v 0.009750 -0.439150 -0.335030
v -0.028756 -0.492047 -0.291860
v -0.004627 -0.384441 -0.352654
v -0.038372 -0.452891 -0.335549
v -0.077627 -0.504961 -0.291787
v -0.052168 -0.397834 -0.353066
v -0.086462 -0.466554 -0.336096
v -0.132485 -0.514748 -0.291699
v -0.099437 -0.411354 -0.354648
v -0.140372 -0.477222 -0.337194
v -0.187232 -0.524435 -0.291596
v -0.113348 -0.352064 -0.356183
v -0.066574 -0.338959 -0.358109
v -0.019530 -0.326808 -0.363049
v -0.081600 -0.281297 -0.371472
v 0.027461 -0.313781 -0.362786
v -0.035190 -0.268662 -0.372714
v 0.074120 -0.300552 -0.360490
v 0.011323 -0.255531 -0.370174
v -0.006713 -0.197619 -0.364352
v 0.057360 -0.242505 -0.366204
v 0.103395 -0.229444 -0.362648
v 0.039299 -0.184858 -0.358733
v 0.085500 -0.172267 -0.353688
v 0.149691 -0.217017 -0.357126
v 0.021486 -0.127924 -0.349224
v 0.067721 -0.114966 -0.346138
v 0.192187 -0.201372 -0.357230
v 0.131240 -0.159582 -0.352670
v 0.234310 -0.186086 -0.350586
v 0.173599 -0.143755 -0.353847
v 0.112984 -0.101866 -0.348934
v 0.562476 -0.324774 -0.079128
v 0.602134 -0.300462 -0.131298
v 0.605430 -0.310287 -0.079383
v 0.645177 -0.286530 -0.131418
v 0.523477 -0.351293 -0.027442
v 0.566825 -0.338121 -0.027885
v 0.481057 -0.367263 0.025960
v 0.524000 -0.353208 0.025456
v 0.649121 -0.298213 -0.080106
v 0.688216 -0.272652 -0.131211
v 0.609462 -0.322634 -0.028055
v 0.567477 -0.340246 0.025067
v 0.692810 -0.286190 -0.080458
v 0.731058 -0.258209 -0.130804
v 0.652952 -0.309746 -0.028563
v 0.611163 -0.327934 0.024611
v 0.736086 -0.272527 -0.080156
v 0.773783 -0.243581 -0.130623
v 0.696056 -0.295601 -0.028498
v 0.654339 -0.313765 0.024301
v 0.778477 -0.256488 -0.079593
v 0.738525 -0.279380 -0.027756
v 0.696547 -0.297024 0.024421
v 0.820398 -0.239400 -0.078895
v 0.780557 -0.262378 -0.027165
v 0.738600 -0.279833 0.025013
v 0.862099 -0.222046 -0.078240
v 0.822624 -0.245480 -0.026576
v 0.781040 -0.263824 0.025593
v 0.904406 -0.206180 -0.077880
v 0.865208 -0.230031 -0.026110
v 0.907486 -0.213897 -0.025647
v 0.823496 -0.247931 0.026165
v 0.865565 -0.231067 0.026649
v 0.907796 -0.214763 0.027171
v 0.906218 -0.210696 0.079670
v 0.863821 -0.226660 0.079130
v 0.171170 -0.453437 -0.234803
v 0.215676 -0.425589 -0.292303
v 0.122973 -0.470393 -0.182097
v 0.074416 -0.485106 -0.129117
v 0.220506 -0.440511 -0.235216
v 0.258473 -0.410322 -0.292572
v 0.172201 -0.456925 -0.182205
v 0.263522 -0.426035 -0.235600
v 0.301545 -0.395738 -0.293152
v 0.221081 -0.441957 -0.182485
v 0.306335 -0.410434 -0.235697
v 0.344367 -0.380391 -0.293356
v 0.263915 -0.426858 -0.182759
v 0.348974 -0.395066 -0.235927
v 0.386926 -0.365008 -0.293669
v 0.306880 -0.412375 -0.183050
v 0.391503 -0.379899 -0.236273
v 0.429376 -0.349536 -0.293970
v 0.348954 -0.395979 -0.183324
v 0.391247 -0.380102 -0.183576
v 0.434043 -0.364609 -0.236605
v 0.471776 -0.333980 -0.294342
v 0.433814 -0.365069 -0.183825
v 0.476405 -0.348910 -0.236863
v 0.514204 -0.318541 -0.294899
v 0.476122 -0.349343 -0.184077
v 0.518609 -0.332831 -0.237123
v 0.556612 -0.303059 -0.295296
v 0.517827 -0.332030 -0.184273
v 0.560809 -0.316814 -0.237348
v 0.598862 -0.287337 -0.295388
v 0.559452 -0.314491 -0.184381
v 0.517803 -0.333110 -0.131339
v 0.474996 -0.347487 -0.131141
v 0.603101 -0.301174 -0.237304
v 0.640889 -0.270990 -0.294634
v 0.601132 -0.297101 -0.184365
v 0.560057 -0.317075 -0.131384
v 0.644925 -0.284143 -0.236905
v 0.683257 -0.255483 -0.294531
v 0.643335 -0.280806 -0.184125
v 0.687211 -0.268216 -0.236412
v 0.725566 -0.239850 -0.294202
v 0.685989 -0.265680 -0.183613
v 0.729492 -0.252545 -0.236142
v 0.767840 -0.224146 -0.293734
v 0.728633 -0.250959 -0.183319
v 0.771759 -0.236785 -0.235773
v 0.809823 -0.208448 -0.293192
v 0.771314 -0.236318 -0.182997
v 0.814091 -0.221512 -0.235475
v 0.852374 -0.193559 -0.293040
v 0.856611 -0.206724 -0.235272
v 0.894829 -0.178384 -0.292775
v 0.813874 -0.221431 -0.182703
v 0.821414 -0.242480 0.078607
v 0.860513 -0.217126 0.131040
v 0.778960 -0.258393 0.078042
v 0.817210 -0.230903 0.129974
v 0.816670 -0.230290 0.183130
v 0.736270 -0.273768 0.077294
v 0.774710 -0.246971 0.129374
v 0.773637 -0.244402 0.182349
v 0.812579 -0.218710 0.233844
v 0.851616 -0.193834 0.292624
v 0.732025 -0.262368 0.128592
v 0.693986 -0.290255 0.076728
v 0.838707 -0.153895 0.334646
v 0.652478 -0.308497 0.077066
v 0.689382 -0.277895 0.127861
v 0.730626 -0.258613 0.181401
v 0.647230 -0.294744 0.127908
v 0.610077 -0.324846 0.077522
v 0.687915 -0.273621 0.180659
v 0.605829 -0.313377 0.128930
v 0.565557 -0.334902 0.077492
v 0.646140 -0.290993 0.180957
v 0.565130 -0.333422 0.130344
v 0.521741 -0.346043 0.077967
v 0.604819 -0.309448 0.181916
v 0.521999 -0.347616 0.130780
v 0.478918 -0.361169 0.078365
v 0.437787 -0.380756 0.026343
v 0.563258 -0.327550 0.182915
v 0.477660 -0.357289 0.130994
v 0.437721 -0.380154 0.079180
v 0.393224 -0.389334 0.027024
v 0.521580 -0.345337 0.183765
v 0.434775 -0.372633 0.131538
v 0.394405 -0.393843 0.079599
v 0.477548 -0.357127 0.183692
v 0.394554 -0.394026 0.132366
v 0.351156 -0.407184 0.080091
v 0.349541 -0.401240 0.027559
v 0.349598 -0.401013 -0.025248
v 0.307408 -0.417575 -0.024981
v 0.307257 -0.418449 0.080512
v 0.306096 -0.413959 0.027901
v 0.263661 -0.428704 -0.024823
v 0.263801 -0.430023 0.027910
v 0.263791 -0.431010 0.080645
v 0.221185 -0.445667 0.027805
v 0.219655 -0.439520 -0.024601
v 0.351598 -0.408846 0.132844
v 0.171074 -0.456414 0.027932
v 0.169329 -0.448367 -0.024256
v 0.120387 -0.463189 0.028753
v 0.172025 -0.460602 0.080583
v 0.220611 -0.444690 0.080718
v -0.024750 -0.511081 0.028855
v -0.075249 -0.521003 0.081692
v -0.025423 -0.509579 0.081585
v 0.022701 -0.492347 0.081331
v 0.023254 -0.493911 0.028825
v 0.071419 -0.476270 0.028796
v 0.072294 -0.478757 -0.023872
v 0.025325 -0.499272 -0.076172
v 0.073637 -0.482773 -0.076379
v 0.119674 -0.460695 -0.024166
v 0.121968 -0.467402 -0.076585
v 0.123190 -0.471001 -0.129211
v 0.169281 -0.448195 -0.077223
v 0.171312 -0.454139 -0.129527
v 0.218493 -0.434745 -0.077204
v 0.219231 -0.436891 -0.129944
v 0.262270 -0.423083 -0.077265
v 0.262046 -0.421968 -0.130096
v 0.304889 -0.407377 -0.130147
v 0.305979 -0.412113 -0.077611
v 0.347740 -0.393573 -0.130459
v 0.349594 -0.400234 -0.078027
v 0.390318 -0.378655 -0.130736
v 0.391906 -0.384389 -0.078304
v 0.432678 -0.363098 -0.130932
v 0.433311 -0.366133 -0.078079
v 0.393300 -0.389562 -0.025778
v 0.476179 -0.351627 -0.078308
v 0.436624 -0.376650 -0.026296
v 0.519833 -0.339830 -0.079017
v 0.479734 -0.363063 -0.026897
v 0.698095 -0.016124 -0.359435
v 0.740221 -0.000791 -0.359811
v 0.636914 0.025840 -0.367055
v 0.679082 0.040877 -0.369060
v 0.575899 0.068778 -0.366296
v 0.617914 0.083570 -0.372114
v 0.556829 0.126487 -0.370958
v 0.515653 0.111637 -0.358625
v 0.782452 0.014743 -0.359408
v 0.721112 0.056291 -0.367981
v 0.660012 0.098842 -0.371377
v 0.599117 0.141685 -0.370598
v 0.824581 0.029218 -0.366642
v 0.763142 0.071596 -0.368355
v 0.701786 0.114087 -0.366393
v 0.641235 0.156776 -0.366790
v 0.867078 0.044602 -0.365578
v 0.805322 0.087002 -0.367457
v 0.743673 0.129331 -0.363401
v 0.682226 0.170402 -0.354107
v 0.908699 0.060360 -0.357115
v 0.847491 0.102132 -0.368417
v 0.621375 0.212408 -0.349408
v 0.785813 0.144000 -0.359995
v 0.951015 0.074951 -0.361613
v 0.889361 0.117189 -0.367154
v 0.931354 0.132233 -0.367742
v 0.827689 0.159338 -0.361085
v 0.869495 0.174889 -0.364174
v 0.911264 0.189232 -0.357120
v 0.766104 0.200866 -0.352585
v 0.807820 0.216288 -0.354874
v 0.849461 0.231293 -0.354235
v 0.891477 0.246437 -0.354170
v 1.016744 0.426625 0.358647
v 1.036289 0.368691 0.351366
v 1.077742 0.383078 0.354216
v 1.099991 0.454619 0.354330
v 1.058189 0.441203 0.358073
v 0.975408 0.411595 0.358178
v 0.994929 0.353751 0.354455
v 0.934161 0.396207 0.357216
v 0.915366 0.449430 0.339800
v 0.874227 0.432973 0.337236
v 0.956767 0.465118 0.340705
v 0.860170 0.472609 0.295986
v 0.819030 0.455999 0.294149
v 0.901404 0.488989 0.297869
v 0.998355 0.480029 0.340333
v 0.943084 0.504068 0.298068
v 0.895730 0.505141 0.240643
v 0.854367 0.489625 0.239286
v 0.937207 0.521217 0.241675
v 0.813949 0.471257 0.237356
v 0.778941 0.439263 0.292739
v 0.895712 0.506820 0.187759
v 0.936002 0.524827 0.188904
v 0.855659 0.487919 0.185892
v 0.774166 0.452463 0.235102
v 0.814677 0.471317 0.184333
v 0.739247 0.421862 0.291162
v 0.753232 0.386631 0.337551
v 0.773844 0.454451 0.182822
v 0.712977 0.370635 0.337582
v 0.773041 0.333232 0.356463
v 0.735324 0.432496 0.233039
v 0.699531 0.404259 0.289614
v 0.732767 0.317208 0.357347
v 0.792827 0.275499 0.350074
v 0.672402 0.354330 0.336776
v 0.752328 0.259442 0.349875
v 0.811345 0.218059 0.355001
v 0.770714 0.202000 0.350556
v 0.692066 0.301376 0.357962
v 0.711391 0.243422 0.352108
v 0.729331 0.186138 0.347943
v 0.669863 0.227667 0.356149
v 0.687237 0.170372 0.348935
v 0.650580 0.285763 0.358197
v 0.631284 0.337961 0.335478
v 0.659321 0.387136 0.288208
v 0.627630 0.212222 0.359804
v 0.644864 0.154813 0.352276
v 0.608235 0.270175 0.357968
v 0.589513 0.321729 0.333885
v 0.618486 0.370607 0.286840
v 0.584692 0.197066 0.363274
v 0.602187 0.139235 0.358447
v 0.565602 0.254557 0.356828
v 0.547399 0.305400 0.331917
v 0.577034 0.354462 0.285586
v 0.541325 0.181927 0.365479
v 0.559513 0.123966 0.365499
v 0.522453 0.238758 0.355244
v 0.504838 0.289631 0.330218
v 0.534986 0.339013 0.284414
v 0.498148 0.166373 0.364505
v 0.516647 0.108765 0.370198
v 0.479396 0.222923 0.353115
v 0.462026 0.274282 0.329150
v 0.493056 0.323319 0.282895
v 0.455583 0.150474 0.361378
v 0.474007 0.093461 0.370994
v 0.437055 0.206947 0.350307
v 0.419653 0.259228 0.328609
v -0.319142 -0.385500 0.377450
v -0.369366 -0.390209 0.375887
v -0.313419 -0.443926 0.362246
v -0.365519 -0.448694 0.361487
v -0.420456 -0.394504 0.372734
v -0.360017 -0.502959 0.338544
v -0.417345 -0.454185 0.362401
v -0.471587 -0.399283 0.374216
v -0.474023 -0.339603 0.390537
v -0.478971 -0.277489 0.391796
v -0.355926 -0.541748 0.293490
v -0.307057 -0.498093 0.339315
v -0.302492 -0.536557 0.294114
v -0.252077 -0.488590 0.340425
v -0.246590 -0.526972 0.295290
v -0.259930 -0.433758 0.361169
v -0.197574 -0.479073 0.340964
v -0.191038 -0.517628 0.295980
v -0.143442 -0.469826 0.341053
v -0.089145 -0.461347 0.341949
v -0.100869 -0.406277 0.359187
v -0.153799 -0.415755 0.362820
v -0.206725 -0.424826 0.361767
v -0.268092 -0.376016 0.376739
v -0.216784 -0.366181 0.374509
v -0.114059 -0.347099 0.361791
v -0.053151 -0.394010 0.359089
v -0.004966 -0.382229 0.355359
v -0.066980 -0.334641 0.356573
v -0.165110 -0.356262 0.368923
v -0.127687 -0.288491 0.355850
v -0.178263 -0.297549 0.358568
v -0.227817 -0.306039 0.370667
v -0.020811 -0.322843 0.348599
v 0.025782 -0.311953 0.337155
v -0.036440 -0.265413 0.336896
v 0.009686 -0.253537 0.331956
v 0.072170 -0.300408 0.330326
v 0.055338 -0.242313 0.323041
v 0.102077 -0.229842 0.323422
v 0.148884 -0.217151 0.323329
v 0.130677 -0.159297 0.328796
v 0.084429 -0.171931 0.330231
v 0.038615 -0.183523 0.323876
v -0.006579 -0.194646 0.323859
v 0.023572 -0.125266 0.331703
v 0.069573 -0.112969 0.328487
v 0.116828 -0.099772 0.326336
v -0.021167 -0.136091 0.332580
v 0.008847 -0.067340 0.343243
v -0.051936 -0.206083 0.329414
v -0.033958 -0.079083 0.352532
v -0.065269 -0.147342 0.339418
v -0.077751 -0.089929 0.357232
v -0.006843 -0.008679 0.347323
v -0.049944 -0.019983 0.349068
v -0.121570 -0.100245 0.360651
v -0.109987 -0.158133 0.342309
v -0.096480 -0.217747 0.340185
v -0.092562 -0.030071 0.354844
v -0.064956 0.035944 0.333128
v -0.082058 -0.276637 0.346147
v -0.139480 -0.228593 0.358446
v -0.189932 -0.237979 0.358829
v -0.153579 -0.169695 0.351732
v 0.638673 -0.268433 0.289828
v 0.669015 -0.216484 0.335764
v 0.626629 -0.232058 0.335610
v 0.641002 -0.277120 0.231183
v 0.680786 -0.252335 0.289746
v 0.683528 -0.261523 0.231328
v 0.566605 -0.194289 0.353219
v 0.609311 -0.179327 0.355743
v 0.726511 -0.247266 0.232264
v 0.723266 -0.237201 0.290558
v 0.711512 -0.200914 0.336299
v 0.651846 -0.164023 0.357026
v 0.769283 -0.232297 0.233005
v 0.765829 -0.222122 0.291244
v 0.808583 -0.207686 0.291902
v 0.796497 -0.169741 0.336355
v 0.754040 -0.185367 0.336638
v 0.694390 -0.148343 0.357278
v 0.736805 -0.132601 0.357053
v 0.779104 -0.116668 0.355740
v 0.821035 -0.100377 0.352381
v 0.760323 -0.059672 0.365286
v 0.718088 -0.075449 0.365750
v 0.675722 -0.091164 0.365633
v 0.633275 -0.106886 0.365590
v 0.802550 -0.043546 0.362882
v 0.590829 -0.122316 0.365108
v 0.842962 -0.026643 0.351503
v 0.548269 -0.137776 0.364870
v 0.884118 -0.010256 0.342749
v 0.505585 -0.152956 0.362521
v 0.523970 -0.209395 0.350596
v 0.926082 0.005535 0.338456
v 0.462988 -0.168301 0.360095
v 0.481440 -0.224773 0.348643
v 0.968194 0.020858 0.339881
v 0.420420 -0.183558 0.356563
v 0.439056 -0.240575 0.347943
v 0.378066 -0.198666 0.350671
v 0.359938 -0.140543 0.351035
v 0.317286 -0.156209 0.349719
v 0.402177 -0.125453 0.357377
v 0.298596 -0.098479 0.352125
v 0.256150 -0.114249 0.352164
v 0.341124 -0.083113 0.357419
v 0.444514 -0.110343 0.363148
v 0.383429 -0.068036 0.363914
v 0.237631 -0.056793 0.358191
v 0.197335 -0.071007 0.346696
v 0.280131 -0.040991 0.357394
v 0.178665 -0.013533 0.350036
v 0.141849 -0.026410 0.330969
v 0.159750 0.044273 0.350855
v 0.219355 0.001467 0.359142
v 0.322368 -0.025761 0.363661
v 0.261484 0.016787 0.363238
v 0.202592 0.058995 0.347749
v 0.142385 0.102052 0.343739
v 0.100310 0.087197 0.344353
v 0.243910 0.074689 0.355472
v 0.083367 0.142366 0.327193
v 0.042427 0.127296 0.326987
v 0.184574 0.116384 0.342680
v 0.125766 0.155676 0.325370
v 0.072035 0.178550 0.281210
v 0.031710 0.162424 0.279938
v 0.113295 0.195200 0.283201
v 0.167280 0.171313 0.327413
v 0.226302 0.131540 0.344775
v 0.155128 0.210693 0.284273
v 0.209226 0.185813 0.327647
v 0.286226 0.089740 0.357111
v 0.268763 0.145656 0.343178
v 0.303636 0.032206 0.367892
v 0.364882 -0.010343 0.367774
v 0.346162 0.047660 0.369589
v 0.328212 0.105074 0.359779
v 0.426011 -0.052576 0.365038
v 0.407292 0.004974 0.371610
v 0.388767 0.062930 0.370067
v 0.487051 -0.095150 0.366633
v 0.468498 -0.037408 0.367518
v 0.529571 -0.080050 0.371302
v 0.449895 0.020273 0.373801
v 0.511013 -0.022210 0.370876
v 0.572137 -0.064657 0.372452
v 0.614576 -0.049122 0.371351
v 0.553481 -0.006866 0.370265
v 0.492571 0.035641 0.373474
v 0.431436 0.078144 0.370142
v 0.656916 -0.033404 0.370141
v 0.595884 0.008390 0.366997
v 0.534996 0.050976 0.369710
v 0.699162 -0.017608 0.370604
v 0.638174 0.024077 0.365379
v 0.577151 0.066207 0.363069
v 0.741336 -0.001816 0.369890
v 0.680372 0.039859 0.364269
v 0.619686 0.081509 0.357652
v 0.783396 0.014059 0.369163
v 0.722460 0.055898 0.365755
v 0.662432 0.096975 0.354762
v 0.825256 0.030001 0.365135
v 0.764375 0.071785 0.366843
v 0.704912 0.112695 0.354533
v 0.865822 0.046416 0.355909
v 0.806008 0.087769 0.369253
v 0.746759 0.128650 0.356582
v 0.906403 0.062975 0.347027
v 0.847667 0.103409 0.367362
v 0.787814 0.145034 0.362328
v 0.828761 0.161325 0.366883
v 0.888844 0.119338 0.362277
v 0.947941 0.078635 0.343519
v 0.276806 -0.170494 -0.352504
v 0.215786 -0.128311 -0.350295
v 0.155030 -0.085927 -0.353698
v 0.095288 -0.044273 -0.340572
v 0.050613 -0.057068 -0.339326
v 0.137289 -0.028390 -0.345530
v 0.197349 -0.070512 -0.354283
v 0.077259 0.014099 -0.339907
v 0.179065 -0.012563 -0.350720
v 0.258058 -0.112748 -0.348027
v 0.239327 -0.054884 -0.352572
v 0.319011 -0.155072 -0.352259
v 0.300325 -0.097190 -0.351714
v 0.361682 -0.139497 -0.352151
v 0.403671 -0.123936 -0.354890
v 0.342480 -0.081615 -0.351996
v 0.281584 -0.039335 -0.353194
v 0.221246 0.003098 -0.352277
v 0.445666 -0.108358 -0.356789
v 0.384895 -0.066012 -0.355690
v 0.323592 -0.023924 -0.357043
v 0.263264 0.018543 -0.349761
v 0.487697 -0.092862 -0.359733
v 0.426817 -0.050466 -0.358978
v 0.366135 -0.008108 -0.358621
v 0.305097 0.034154 -0.354382
v 0.529732 -0.077232 -0.358835
v 0.468822 -0.034833 -0.356891
v 0.408035 0.007524 -0.358623
v 0.347641 0.050036 -0.357231
v 0.571710 -0.061921 -0.357146
v 0.510805 -0.019381 -0.359646
v 0.449952 0.023087 -0.360431
v 0.389621 0.065522 -0.354197
v 0.613760 -0.046349 -0.355625
v 0.552787 -0.004292 -0.362771
v 0.491971 0.038454 -0.358304
v 0.431408 0.081012 -0.354984
v 0.655885 -0.031125 -0.356558
v 0.594829 0.010823 -0.364451
v 0.534176 0.053757 -0.359623
v 0.473596 0.096472 -0.354404
v 0.286907 0.091988 -0.348324
v 0.329267 0.107966 -0.350507
v 0.267987 0.149857 -0.349616
v 0.310291 0.165827 -0.351332
v 0.292821 0.220785 -0.336822
v 0.250787 0.204984 -0.335832
v 0.245153 0.076339 -0.344600
v 0.226618 0.134205 -0.347110
v 0.209117 0.189613 -0.334989
v 0.203078 0.060831 -0.344740
v 0.184670 0.118730 -0.346641
v 0.167294 0.174161 -0.334553
v 0.161237 0.045189 -0.343255
v 0.142916 0.103090 -0.345608
v 0.125551 0.158647 -0.333788
v 0.119380 0.029599 -0.340790
v 0.101013 0.087490 -0.344480
v 0.059239 0.071808 -0.341648
v 0.017704 0.059251 -0.338230
v 0.083639 0.143230 -0.332983
v 0.042341 0.127375 -0.331593
v 0.028752 0.171563 -0.294113
v 0.070445 0.186341 -0.294542
v 0.112220 0.201900 -0.295572
v 0.154036 0.217324 -0.296046
v 0.105871 0.222575 -0.240320
v 0.195850 0.232369 -0.296039
v 0.147918 0.236785 -0.240325
v 0.189850 0.251449 -0.240188
v 0.238262 0.246554 -0.295276
v 0.232624 0.263792 -0.238859
v 0.279859 0.260755 -0.294440
v 0.334813 0.236144 -0.336755
v 0.275883 0.272837 -0.236126
v 0.227340 0.277948 -0.188783
v 0.268540 0.294867 -0.188971
v 0.187340 0.258674 -0.188166
v 0.264842 0.304271 -0.136611
v 0.146762 0.240244 -0.187608
v 0.223899 0.287212 -0.136936
v 0.183096 0.269562 -0.136777
v 0.103222 0.230052 -0.188205
v 0.182988 0.269389 -0.084083
v 0.141191 0.254851 -0.136871
v 0.063786 0.208109 -0.240076
v 0.059572 0.221322 -0.189143
v 0.022349 0.192141 -0.238911
v 0.101256 0.234610 -0.135475
v 0.018890 0.202119 -0.187226
v 0.138946 0.261473 -0.084480
v 0.056858 0.227778 -0.136478
v 0.096663 0.248362 -0.084409
v 0.140136 0.257088 -0.031639
v 0.095788 0.251366 -0.031498
v 0.054804 0.233077 -0.084006
v 0.013122 0.219654 -0.136945
v -0.021973 0.192540 -0.188112
v -0.017805 0.179934 -0.238795
v -0.058918 0.171278 -0.240137
v -0.052537 0.149786 -0.295218
v -0.012111 0.160949 -0.294583
v 0.000948 0.116062 -0.331933
v -0.040034 0.103787 -0.330518
v -0.080832 0.093004 -0.331771
v -0.024487 0.047252 -0.337818
v 0.034128 0.001334 -0.339940
v -0.009762 -0.011045 -0.340548
v -0.066521 0.035301 -0.335542
v -0.121786 0.081342 -0.332660
v 0.005281 -0.069872 -0.341398
v -0.053491 -0.022922 -0.343392
v -0.108824 0.023103 -0.336092
v 0.450502 0.309089 0.282488
v 0.413115 0.135288 0.361077
v 0.394706 0.191919 0.349850
v 0.377674 0.244158 0.328080
v 0.408148 0.295318 0.282901
v 0.370574 0.120445 0.361707
v 0.352459 0.176848 0.349133
v 0.310317 0.161507 0.347284
v 0.335511 0.229473 0.328116
v 0.293431 0.214579 0.327451
v 0.251326 0.200220 0.327504
v 0.366086 0.280676 0.282981
v 0.323812 0.266928 0.283682
v 0.196915 0.225242 0.285027
v 0.238952 0.240480 0.285491
v 0.281707 0.253588 0.284691
v 0.361817 0.292070 0.225085
v 0.319536 0.277946 0.225497
v 0.275870 0.270624 0.228408
v 0.233773 0.255639 0.228213
v 0.192953 0.238354 0.226964
v 0.270405 0.282479 0.177639
v 0.311452 0.299683 0.178109
v 0.354653 0.310590 0.176316
v 0.151065 0.223735 0.226492
v 0.233416 0.257405 0.175665
v 0.191997 0.240589 0.174862
v 0.108007 0.212763 0.226968
v 0.148834 0.229492 0.174692
v 0.230772 0.265699 0.124084
v 0.189936 0.246462 0.121859
v 0.266621 0.292664 0.125922
v 0.306060 0.313195 0.127080
v 0.269249 0.290605 0.073186
v 0.848595 0.504980 0.135744
v 0.810280 0.482634 0.132766
v 0.845173 0.514967 0.083754
v 0.803547 0.500466 0.083041
v 0.801686 0.505790 0.030514
v 0.762131 0.485329 0.082183
v 0.845059 0.514146 0.030863
v 0.891659 0.517470 0.136216
v 0.888994 0.523680 0.084086
v 0.887288 0.527655 0.031598
v 0.931112 0.538029 0.137433
v 0.929213 0.543664 0.084459
v 0.930375 0.538345 0.031775
v 0.886468 0.531261 -0.021004
v 0.973018 0.552087 0.084419
v 0.929916 0.540593 -0.020889
v 0.974326 0.544955 0.031857
v 0.974085 0.549462 0.137407
v 1.016353 0.561219 0.084400
v 0.976781 0.542022 0.189676
v 1.017353 0.559099 0.137350
v 0.978693 0.537051 0.242202
v 1.018036 0.558509 0.190154
v 0.984863 0.518803 0.298039
v 1.020181 0.553017 0.242738
v 1.040162 0.494462 0.339703
v 1.026503 0.534170 0.298312
v 1.082042 0.508566 0.339039
v 1.060714 0.570740 0.190052
v 1.061961 0.568196 0.242874
v 1.068050 0.549957 0.299035
v 1.102961 0.584600 0.189945
v 1.104258 0.581839 0.242471
v 1.110050 0.564387 0.299045
v -0.121048 0.082258 0.325224
v -0.080168 0.092847 0.324122
v -0.172001 0.112246 0.284612
v -0.131953 0.125346 0.284821
v -0.135389 0.139516 0.227442
v -0.023978 0.049620 0.343030
v -0.091230 0.136240 0.284365
v -0.095601 0.152376 0.227466
v -0.049266 0.144000 0.282453
v -0.054502 0.163480 0.227469
v -0.038577 0.103973 0.324422
v -0.008680 0.152590 0.280643
v 0.002002 0.115418 0.326132
v 0.017664 0.060943 0.344570
v 0.035518 0.002661 0.342898
v 0.059303 0.071788 0.343401
v 0.054092 -0.055184 0.340880
v 0.077475 0.014700 0.331219
v 0.099158 -0.041798 0.327016
v 0.119761 0.029592 0.334172
v 0.159746 -0.084509 0.329816
v 0.173348 -0.143993 0.332858
v 0.191789 -0.201756 0.325623
v 0.214232 -0.129477 0.344739
v 0.233498 -0.186388 0.334664
v 0.209575 -0.260040 0.327923
v 0.251749 -0.244594 0.333087
v 0.269108 -0.302373 0.343475
v 0.287139 -0.358324 0.333578
v 0.329743 -0.342694 0.333406
v 0.311736 -0.287415 0.345719
v 0.293165 -0.229581 0.343671
v 0.343603 -0.384930 0.294140
v 0.307191 -0.419784 0.238722
v 0.274522 -0.171969 0.348689
v 0.335667 -0.214063 0.347616
v 0.308149 -0.422266 0.185971
v 0.349810 -0.403806 0.238239
v 0.307454 -0.419481 0.133241
v 0.351527 -0.408687 0.185706
v 0.386009 -0.368614 0.293551
v 0.392161 -0.387162 0.237636
v 0.393978 -0.392472 0.185143
v 0.372208 -0.326793 0.333291
v 0.428498 -0.352498 0.293266
v 0.434393 -0.370397 0.237016
v 0.435102 -0.373180 0.184278
v 0.476507 -0.353552 0.236278
v 0.470856 -0.336155 0.292693
v 0.414661 -0.310912 0.333252
v 0.518736 -0.336932 0.235631
v 0.513034 -0.319439 0.291814
v 0.456982 -0.294831 0.333026
v 0.354257 -0.271988 0.346931
v 0.396686 -0.256365 0.347556
v 0.499229 -0.278781 0.332826
v 0.555042 -0.302541 0.291288
v 0.560920 -0.319787 0.234921
v 0.541506 -0.262847 0.333010
v 0.596861 -0.285415 0.290518
v 0.599723 -0.296061 0.232236
v 0.584085 -0.247516 0.334959
v 1.010032 0.035902 0.345184
v 1.051614 0.050656 0.352607
v 0.989916 0.093395 0.345402
v 1.031049 0.108286 0.353666
v 0.929382 0.135489 0.354957
v 0.970111 0.151103 0.348674
v 1.011850 0.166219 0.348043
v 1.053057 0.181150 0.352240
v 0.869898 0.177096 0.368357
v 0.910975 0.192581 0.365578
v 0.851459 0.234365 0.360802
v 0.951764 0.208127 0.360137
v 0.891408 0.250275 0.365461
v 0.832804 0.291419 0.353153
v 0.991967 0.223768 0.350463
v 0.932600 0.265896 0.365263
v 0.872594 0.307294 0.356981
v 1.033720 0.238757 0.348154
v 0.973603 0.281220 0.359966
v 0.912773 0.323349 0.362544
v 0.812705 0.349058 0.355979
v 0.852481 0.364875 0.356182
v 0.793211 0.402399 0.337506
v 0.833423 0.417842 0.337236
v 0.892999 0.380461 0.356046
v 0.954007 0.338862 0.361502
v 1.014040 0.296444 0.349798
v 1.074830 0.253581 0.354749
v 1.055897 0.311340 0.349351
v 1.136423 0.210650 0.355712
v 1.116479 0.268119 0.358472
v 1.158383 0.282620 0.358706
v 1.096788 0.325718 0.358513
v 1.138621 0.340009 0.362393
v 1.180746 0.354324 0.359794
v 1.119273 0.397526 0.359130
v -0.298134 0.105933 -0.245224
v -0.296146 0.098157 -0.191769
v -0.295935 0.089364 -0.303131
v -0.257422 0.117130 -0.245715
v -0.289425 0.043635 -0.340011
v -0.253610 0.096561 -0.301482
v -0.258424 0.120003 -0.191732
v -0.245768 0.051852 -0.338569
v -0.216577 0.125999 -0.244717
v -0.212465 0.105354 -0.300824
v -0.216696 0.126212 -0.191374
v -0.176932 0.136910 -0.243200
v -0.255676 0.109236 -0.138115
v -0.176555 0.135006 -0.190244
v -0.218253 0.130443 -0.138020
v -0.138544 0.150059 -0.242922
v -0.172665 0.117149 -0.299738
v -0.641871 0.047738 0.285369
v -0.596866 0.006867 0.324524
v -0.599029 0.050665 0.285774
v -0.552713 0.010650 0.324559
v -0.642609 0.076882 0.233836
v -0.692395 0.046165 0.285095
v -0.548381 -0.044114 0.345287
v -0.503490 -0.040704 0.342606
v -0.640442 0.000904 0.321295
v -0.593435 -0.048579 0.343912
v -0.543827 -0.102472 0.358364
v -0.692805 0.075672 0.233538
v -0.643056 0.089894 0.181144
v -0.691533 -0.000072 0.321362
v -0.743118 0.042749 0.283816
v -0.690570 -0.055866 0.339441
v -0.637874 -0.054662 0.337464
v -0.589189 -0.107592 0.351334
v -0.688703 -0.112201 0.358551
v -0.635197 -0.112287 0.350981
v -0.538933 -0.161477 0.364955
v -0.585045 -0.166116 0.357134
v -0.497798 -0.098761 0.357950
v -0.458126 -0.037514 0.337884
v -0.464269 0.019873 0.325955
v -0.413448 -0.032338 0.339209
v -0.420301 0.025268 0.326687
v -0.452156 -0.096746 0.349604
v -0.492524 -0.157358 0.370470
v -0.533717 -0.221078 0.370564
v -0.445365 -0.154439 0.368032
v -0.485643 -0.217198 0.379163
v -0.406544 -0.092573 0.346213
v -0.437423 -0.213626 0.382322
v -0.360538 -0.086735 0.346501
v -0.399092 -0.151342 0.361416
v 0.227741 0.274223 0.072579
v 0.307438 0.313195 0.074301
v 0.346910 0.330756 0.127750
v 0.343377 0.339557 0.075322
v 0.344326 0.338797 0.022454
v 0.384150 0.357312 0.076178
v 0.388422 0.346153 0.128330
v 0.397139 0.323673 0.175676
v 0.425265 0.374174 0.077206
v 0.404155 0.305656 0.224531
v 0.431046 0.358905 0.127986
v 0.440578 0.332754 0.173672
v 0.446373 0.319626 0.224424
v 0.488463 0.333945 0.224921
v 0.483007 0.346822 0.174169
v 0.473538 0.371779 0.128123
v 0.467178 0.389071 0.078309
v 0.531167 0.347689 0.225546
v 0.524341 0.363376 0.175789
v 0.515877 0.385713 0.128413
v 0.508723 0.404758 0.079538
v 0.573754 0.361687 0.226448
v 0.566278 0.378392 0.176906
v 0.557249 0.402010 0.130122
v 0.550188 0.420796 0.080931
v 0.615941 0.376354 0.227476
v 0.608103 0.393436 0.177974
v 0.599015 0.417106 0.131352
v 0.592263 0.435236 0.081583
v 0.657373 0.392214 0.228738
v 0.649997 0.407646 0.178868
v 0.641535 0.430040 0.131358
v 0.635047 0.447398 0.081832
v 0.697344 0.410789 0.230561
v 0.691830 0.421909 0.179672
v 0.732852 0.438299 0.181020
v 0.685393 0.437470 0.129180
v 0.728357 0.449710 0.129264
v 0.769179 0.466605 0.131086
v 0.677812 0.458578 0.081083
v 0.720782 0.470142 0.080880
v 1.016075 0.562207 -0.073590
v 0.975499 0.543893 -0.179171
v 0.978848 0.533095 -0.230825
v 0.973778 0.548948 -0.126450
v 0.973975 0.546223 -0.020984
v 0.972873 0.551946 -0.073722
v 1.017634 0.555005 0.031857
v 1.060357 0.568137 0.084571
v 0.930146 0.539935 -0.073614
v 0.930505 0.539078 -0.126528
v 0.887604 0.527750 -0.073570
v 0.890921 0.518470 -0.125077
v 0.933645 0.528646 -0.178565
v 0.894049 0.509314 -0.176942
v 0.847861 0.507002 -0.125788
v 0.852404 0.493536 -0.176581
v 0.940015 0.511031 -0.227464
v 0.898947 0.495689 -0.227147
v 0.860787 0.472874 -0.224496
v 0.815575 0.468287 -0.173083
v 0.819848 0.456889 -0.224287
v 0.903451 0.480688 -0.284095
v 0.862461 0.465783 -0.284021
v 0.821802 0.449989 -0.283276
v 0.778358 0.444156 -0.225103
v 0.781449 0.435725 -0.283750
v 0.833537 0.414596 -0.330051
v 0.792579 0.400201 -0.330053
v 0.875485 0.428431 -0.329272
v 0.851534 0.361285 -0.349665
v 0.893130 0.375790 -0.349238
v 0.916599 0.441640 -0.326884
v 0.911972 0.318831 -0.359972
v 0.934778 0.388793 -0.345539
v 0.958392 0.455796 -0.326184
v 0.944171 0.497117 -0.285120
v 1.000190 0.469523 -0.324308
v 0.985832 0.512153 -0.285616
v 0.977175 0.400586 -0.337619
v 0.953788 0.333979 -0.363451
v 1.027436 0.527441 -0.286873
v 1.041516 0.484514 -0.325649
v 1.060625 0.429541 -0.336693
v 1.019272 0.415105 -0.337049
v 0.995945 0.348005 -0.361569
v 0.974079 0.276303 -0.368715
v 1.038225 0.360088 -0.353575
v 1.078977 0.375696 -0.357813
v 1.016057 0.291067 -0.374602
v 1.058209 0.305525 -0.373795
v 1.036727 0.233672 -0.372789
v 0.995182 0.219407 -0.364372
v 1.079071 0.248080 -0.378211
v 1.057978 0.177151 -0.364195
v 0.932648 0.261566 -0.361048
v 0.871352 0.303543 -0.351144
v 0.830150 0.288256 -0.344104
v 0.810310 0.346183 -0.348730
v 0.788141 0.273639 -0.350883
v 0.769508 0.331297 -0.347839
v 0.752513 0.384931 -0.329272
v 0.746894 0.258035 -0.345182
v 0.728818 0.315875 -0.345612
v 0.711920 0.370266 -0.329329
v 0.741406 0.422130 -0.284786
v 0.671011 0.356178 -0.332051
v 0.700712 0.409714 -0.287083
v 0.736774 0.434466 -0.227157
v 0.659907 0.394586 -0.288438
v 0.773388 0.455008 -0.173799
v 0.695014 0.425302 -0.230277
v 0.729411 0.455613 -0.178893
v 0.809648 0.483810 -0.122870
v 0.767267 0.470466 -0.123167
v 0.844413 0.518365 -0.074398
v 0.801746 0.505931 -0.075095
v 0.843138 0.522288 -0.021616
v 0.799634 0.513662 -0.022101
v 0.762312 0.484510 -0.072582
v 0.758048 0.498759 0.031075
v 0.757418 0.500443 -0.022411
v 0.716437 0.482764 0.029870
v 0.674164 0.469818 0.029579
v 0.714648 0.487958 -0.023239
v 0.717350 0.480675 -0.075927
v 0.723233 0.468912 -0.127498
v 0.631939 0.455842 0.029385
v 0.688504 0.439384 -0.179599
v 0.682388 0.451382 -0.127804
v 0.676639 0.462623 -0.075968
v 0.590739 0.439381 0.028870
v 0.673523 0.471258 -0.023716
v 0.634633 0.449580 -0.023235
v 0.592945 0.434714 -0.024165
v 0.548440 0.426031 0.027729
v 0.552262 0.417048 -0.024143
v 0.642042 0.434269 -0.073469
v 0.601445 0.414713 -0.073159
v 0.556517 0.409328 -0.076233
v 0.648029 0.422775 -0.125238
v 0.605998 0.407045 -0.125899
v 0.561703 0.399536 -0.128265
v 0.653890 0.411496 -0.177513
v 0.611948 0.395419 -0.177976
v 0.567019 0.389650 -0.180640
v 0.656843 0.403987 -0.229716
v 0.615877 0.387480 -0.230107
v 0.618730 0.378029 -0.288607
v 0.629322 0.340850 -0.333129
v 0.572558 0.374884 -0.231090
v 0.576485 0.362691 -0.288842
v 0.587496 0.325094 -0.332688
v 0.687708 0.300773 -0.346863
v 0.645909 0.285963 -0.349808
v 0.705440 0.242673 -0.341225
v 0.724384 0.185208 -0.349210
v 0.663267 0.227392 -0.344388
v 0.603898 0.271199 -0.351333
v 0.545381 0.308752 -0.331060
v 0.561839 0.255794 -0.350786
v 0.580208 0.199128 -0.362619
v 0.502948 0.293511 -0.330838
v 0.533452 0.348125 -0.289248
v 0.519916 0.240215 -0.349867
v 0.538006 0.184746 -0.366238
v 0.477553 0.227107 -0.355020
v 0.495915 0.169417 -0.363720
v 0.460644 0.279677 -0.333362
v 0.454253 0.154277 -0.360800
v 0.435612 0.212145 -0.355012
v 0.418590 0.265347 -0.335110
v 0.447963 0.317922 -0.290098
v 0.412643 0.138895 -0.353785
v 0.393621 0.197110 -0.355005
v 0.376497 0.251204 -0.336406
v 0.405885 0.303512 -0.291374
v 0.371112 0.123713 -0.352509
v 0.352219 0.181540 -0.352808
v -0.379264 -0.337275 -0.346626
v -0.421998 -0.402224 -0.358562
v -0.337500 -0.272060 -0.344975
v -0.346066 -0.212023 -0.342549
v -0.387090 -0.277257 -0.341783
v -0.394621 -0.217092 -0.342174
v -0.436519 -0.282844 -0.341877
v -0.429384 -0.342792 -0.348535
v -0.471901 -0.407494 -0.363916
v -0.478365 -0.347673 -0.353841
v -0.484475 -0.287572 -0.348540
v -0.490479 -0.227445 -0.342664
v -0.538959 -0.232622 -0.345909
v -0.533721 -0.292621 -0.351931
v -0.587201 -0.237508 -0.348109
v -0.583084 -0.297589 -0.355382
v -0.528451 -0.352877 -0.354841
v -0.578166 -0.357326 -0.363617
v -0.523160 -0.413075 -0.359080
v -0.165685 -0.110097 0.355191
v -0.200799 -0.178539 0.363944
v -0.239022 -0.247494 0.362593
v -0.178552 -0.051177 0.361102
v -0.249054 -0.187576 0.360430
v -0.212652 -0.118920 0.356662
v -0.259284 -0.128142 0.354132
v -0.296188 -0.195880 0.367634
v -0.306196 -0.136619 0.357440
v -0.286576 -0.256445 0.368564
v -0.352510 -0.146844 0.354054
v -0.276278 -0.315581 0.379345
v -0.342870 -0.205195 0.370740
v -0.332748 -0.265367 0.380340
v -0.325215 -0.325823 0.378519
v -0.373685 -0.330504 0.382463
v -0.380169 -0.270698 0.387664
v -0.423561 -0.335910 0.389946
v -0.429278 -0.274486 0.391678
v -0.389288 -0.209696 0.379391
v -0.315416 -0.076903 0.349180
v -0.368523 -0.026799 0.338707
v -0.270016 -0.068048 0.352559
v -0.324939 -0.016982 0.343281
v -0.376494 0.029994 0.325942
v -0.382140 0.075567 0.288432
v -0.333477 0.039551 0.327379
v -0.280174 -0.009012 0.343251
v -0.224303 -0.059511 0.353412
v -0.289909 0.047279 0.328146
v -0.339795 0.083323 0.288049
v -0.342609 0.106022 0.233543
v -0.299276 0.111886 0.233189
v -0.300477 0.117586 0.180182
v -0.296375 0.090842 0.288542
v -0.257155 0.111745 0.230491
v -0.253902 0.095901 0.287376
v -0.236266 0.000041 0.348927
v -0.246944 0.055834 0.330528
v -0.212137 0.101600 0.285893
v -0.203514 0.062681 0.330113
v -0.191588 0.008142 0.350658
v -0.162196 0.072402 0.327437
v -0.149242 0.016771 0.344336
v -0.135460 -0.040241 0.359558
v -0.107325 0.025132 0.334993
v 0.145392 0.240212 0.123266
v 0.100825 0.238742 0.125958
v 0.140344 0.258543 0.073613
v 0.096930 0.249327 0.073873
v 0.138792 0.262937 0.020837
v 0.183603 0.268038 0.073278
v 0.181356 0.275118 0.020408
v 0.225600 0.280591 0.020642
v 0.184083 0.264675 -0.031811
v 0.266519 0.297440 0.020995
v 0.226985 0.277455 -0.032042
v 0.224472 0.285018 -0.084080
v 0.306067 0.316849 0.021906
v 0.267340 0.296262 -0.031544
v 0.267705 0.296701 -0.084039
v 0.305761 0.320370 -0.136322
v 0.305147 0.321362 -0.083191
v 0.308209 0.313028 -0.030965
v 0.310600 0.307259 -0.187397
v 0.347649 0.334922 -0.135447
v 0.348151 0.332905 -0.082614
v 0.348843 0.330490 -0.029939
v 0.386048 0.354669 0.023471
v 0.424861 0.376510 0.024361
v 0.388233 0.351264 -0.029169
v 0.388717 0.350992 -0.081711
v 0.389082 0.350996 -0.134827
v 0.425447 0.376398 -0.028543
v 0.427768 0.372780 -0.081145
v 0.467907 0.389659 -0.026956
v 0.465910 0.393431 0.025584
v 0.506141 0.412518 0.026590
v 0.510139 0.403120 -0.025572
v 0.470278 0.386224 -0.079757
v 0.513160 0.398076 -0.077943
v 0.431322 0.365132 -0.133496
v 0.474626 0.375795 -0.131263
v 0.517747 0.389415 -0.130159
v 0.522939 0.378282 -0.182102
v 0.479555 0.364176 -0.182878
v 0.437949 0.346988 -0.182887
v 0.394156 0.337609 -0.185949
v 0.528093 0.364908 -0.232846
v 0.484192 0.351962 -0.233892
v 0.490318 0.333504 -0.289720
v 0.443132 0.332596 -0.232928
v 0.402232 0.314875 -0.232885
v 0.363992 0.288913 -0.292202
v 0.360331 0.299863 -0.233724
v 0.321854 0.274984 -0.293376
v 0.318121 0.285654 -0.234697
v 0.351711 0.324564 -0.187590
v -0.214797 0.112843 0.227300
v -0.259047 0.119861 0.179399
v -0.175353 0.127298 0.227808
v -0.179182 0.140680 0.177204
v -0.141040 0.158267 0.178818
v -0.101043 0.171507 0.179287
v -0.217891 0.125041 0.176237
v -0.143925 0.167651 0.126397
v -0.059421 0.180042 0.177948
v -0.103601 0.177991 0.126125
v -0.061552 0.185188 0.125722
v -0.017517 0.181877 0.174597
v -0.183454 0.153577 0.126071
v -0.143400 0.165945 0.073392
v -0.224602 0.145892 0.126484
v -0.184972 0.159716 0.073142
v -0.100852 0.169494 0.074145
v -0.183538 0.154693 0.020086
v -0.024504 0.205005 0.126431
v -0.225703 0.147533 0.073695
v -0.029000 0.213713 0.074299
v -0.224619 0.142877 0.020999
v -0.222255 0.135984 -0.031727
v -0.261604 0.119826 -0.031211
v -0.180117 0.138952 -0.030626
v -0.257020 0.113818 0.021968
v -0.297960 0.099586 0.022731
v -0.257688 0.117404 0.074213
v -0.140536 0.153768 0.021966
v -0.138465 0.148138 -0.030484
v -0.259471 0.121369 0.126565
v -0.299183 0.104228 0.075306
v -0.300000 0.110384 0.127440
v -0.343850 0.117079 0.126861
v -0.100236 0.168423 0.021644
v -0.100269 0.167407 -0.030829
v -0.067035 0.194653 0.021296
v -0.061542 0.186160 0.073366
v -0.068345 0.195069 -0.031368
v -0.101232 0.167181 -0.083489
v -0.030404 0.214857 -0.031360
v -0.068231 0.193639 -0.084084
v -0.100157 0.164811 -0.136241
v -0.030490 0.216280 0.021699
v 0.009227 0.231631 0.021770
v -0.065412 0.188630 -0.136388
v -0.062668 0.183273 -0.189155
v -0.028318 0.209238 -0.083968
v -0.026274 0.204501 -0.136530
v 0.011520 0.222085 -0.083878
v 0.009889 0.227611 -0.031192
v 0.052937 0.238656 -0.031388
v 0.052591 0.240875 0.021415
v 0.097243 0.246170 0.021121
v 0.010115 0.231373 0.075241
v 0.053759 0.239164 0.074378
v 0.014867 0.217820 0.126283
v 0.056836 0.230609 0.126569
v 0.023654 0.190260 0.171351
v -0.012203 0.162619 0.222443
v 0.029401 0.171982 0.221589
v 0.061539 0.213075 0.176352
v 0.070555 0.187856 0.222460
v 0.103967 0.227192 0.176853
v -0.176373 0.132522 -0.137049
v -0.132547 0.128450 -0.298217
v -0.138650 0.150807 -0.189542
v -0.099153 0.161926 -0.241763
v -0.102799 0.171222 -0.189583
v -0.135750 0.143497 -0.136914
v -0.093052 0.139002 -0.295931
v -0.136984 0.144749 -0.083252
v -0.177462 0.132125 -0.083567
v -0.219892 0.131470 -0.084646
v -0.258422 0.113099 -0.084448
v -0.296697 0.095372 -0.084159
v -0.297185 0.094825 -0.030365
v -0.339500 0.087225 -0.030012
v -0.381750 0.083086 -0.029055
v -0.341313 0.103584 0.021507
v -0.425334 0.080146 -0.029139
v -0.383174 0.097327 0.022267
v -0.342427 0.112527 0.073658
v -0.426064 0.089699 0.023033
v -0.384206 0.104782 0.074916
v -0.469145 0.083717 0.023661
v -0.513045 0.078992 0.023602
v -0.427049 0.099139 0.075448
v -0.469970 0.093404 0.075732
v -0.384175 0.103547 0.127535
v -0.529908 -0.280587 0.388927
v -0.581689 -0.224906 0.368823
v -0.632260 -0.170185 0.359776
v -0.578651 -0.285467 0.378371
v -0.629039 -0.230159 0.359941
v -0.686361 -0.171374 0.366499
v -0.684438 -0.231111 0.356645
v -0.626478 -0.291158 0.368092
v -0.740049 -0.231407 0.354189
v -0.741083 -0.172375 0.370702
v -0.742106 -0.111663 0.366157
v -0.792210 -0.170224 0.380095
v -0.742857 -0.054544 0.345689
v -0.792264 -0.107147 0.379249
v -0.743412 -0.001926 0.321305
v -0.847795 -0.106978 0.379939
v -0.792136 -0.046883 0.361407
v -0.791919 0.006318 0.333720
v -0.846918 -0.045468 0.365914
v -0.849129 -0.169951 0.379094
v -0.902499 -0.045029 0.366909
v -0.944050 -0.044381 0.366545
v -0.945376 -0.106942 0.371672
v -0.900927 0.010601 0.342126
v -0.956711 -0.044632 0.352381
v -0.943094 0.013276 0.345199
v -0.955745 0.013548 0.331830
v -0.941911 0.052485 0.298573
v -0.954945 0.040260 0.299252
v -0.955133 0.012308 0.299361
v -0.899923 0.050347 0.296536
v -0.955192 0.010720 0.240728
v -0.954945 0.040260 0.299252
v -0.954798 0.052257 0.240578
v -0.941911 0.052485 0.298573
v -0.954798 0.052257 0.240578
v -0.941818 0.066319 0.239894
v -0.953786 0.062766 0.186505
v -0.941818 0.066319 0.239894
v -0.954510 0.069505 0.130230
v -0.940748 0.077527 0.185790
v -0.940748 0.077527 0.185790
v -0.940550 0.083270 0.129704
v -0.898484 0.070184 0.237890
v -0.898196 0.085559 0.184177
v -0.845165 0.048364 0.293207
v -0.843586 0.073773 0.237299
v -0.843246 0.091523 0.183688
v -0.845904 0.008694 0.338355
v -0.791568 0.049533 0.292040
v -0.790125 0.077630 0.237457
v -0.742972 0.071333 0.231646
v -0.789804 0.094309 0.183303
v -0.692847 0.087484 0.180147
v -0.742857 0.087463 0.179162
v -0.790261 0.099639 0.127114
v -0.843804 0.097893 0.127533
v -0.643298 0.085984 0.127668
v -0.845355 0.099274 0.072278
v -0.600469 0.084535 0.128200
v -0.791638 0.096229 0.072173
v -0.600358 0.086847 0.075232
v -0.556850 0.086143 0.075653
v -0.847164 0.095417 0.018605
v -0.793523 0.092957 0.018301
v -0.848735 0.092979 -0.034427
v -0.746181 0.074199 0.019010
v -0.903975 0.087857 -0.086082
v -0.849727 0.091665 -0.087836
v -0.694505 0.074103 0.020587
v -0.744748 0.077729 0.071693
v -0.643583 0.084712 0.021619
v -0.693787 0.077168 0.073755
v -0.743271 0.084988 0.124618
v -0.693184 0.079767 0.126414
v -0.643567 0.083625 0.075117
v -0.600055 0.082587 0.022052
v -0.556672 0.083667 0.022672
v -0.426611 0.096230 0.128115
v -0.512891 0.082320 0.076383
v -0.470151 0.095852 0.128654
v -0.514046 0.092457 0.128642
v -0.470143 0.095668 0.181680
v -0.427200 0.098802 0.181311
v -0.385134 0.108366 0.180673
v -0.343632 0.112019 0.180554
v -0.384459 0.099199 0.233758
v -0.427325 0.093927 0.234332
v -0.425254 0.071228 0.289347
v -0.470197 0.089644 0.234546
v -0.468799 0.066475 0.289389
v -0.512390 0.060303 0.287476
v -0.513958 0.085271 0.234012
v -0.514292 0.096408 0.181898
v -0.555766 0.055029 0.286458
v -0.557046 0.085109 0.128740
v -0.556991 0.081361 0.233782
v -0.557478 0.093645 0.181737
v -0.508554 0.015427 0.325386
v -0.600056 0.077893 0.233491
v -0.600501 0.091641 0.181660
vn 0.9324 0.2864 0.2207
vn 0.8090 0.2661 0.5241
vn 0.8237 0.2795 0.4934
vn 0.9446 0.2905 0.1531
vn 0.9423 0.3260 0.0758
vn 0.9482 0.3170 0.0195
vn 0.9314 0.3551 -0.0794
vn 0.9362 0.2849 0.2057
vn 0.9402 0.3121 0.1362
vn 0.9191 0.3518 0.1775
vn 0.9041 0.3635 0.2246
vn 0.8182 0.3024 0.4890
vn 0.9059 0.3487 0.2404
vn 0.8088 0.2979 0.5071
vn 0.9230 0.3572 0.1429
vn 0.9372 0.3359 0.0944
vn 0.9460 0.3085 0.0998
vn 0.9422 0.3084 0.1311
vn 0.9553 0.2906 0.0533
vn 0.9189 0.3121 0.2411
vn 0.8147 0.2851 0.5049
vn 0.9536 0.2893 0.0832
vn 0.9191 0.3307 0.2140
vn 0.8110 0.3022 0.5010
vn 0.9856 0.1675 0.0217
vn 0.9640 0.2028 0.1719
vn 0.8460 0.1920 0.4974
vn 0.9757 -0.1723 0.1356
vn 0.8782 -0.1495 0.4544
vn 0.9719 0.2352 0.0076
vn 0.9661 0.2507 0.0619
vn 0.6793 -0.5751 0.4558
vn 0.9897 0.1395 -0.0317
vn 0.9829 -0.1839 0.0030
vn 0.9828 0.1847 0.0007
vn 0.9869 -0.1605 -0.0188
vn 0.7605 -0.6493 0.0067
vn 0.8753 0.4007 -0.2706
vn 0.8144 0.2604 -0.5186
vn 0.9083 0.3428 -0.2397
vn 0.7879 0.3582 -0.5009
vn 0.9098 0.4054 -0.0890
vn 0.9063 0.4121 -0.0943
vn 0.8809 0.4410 -0.1717
vn 0.5874 0.6718 -0.4512
vn 0.6508 0.7487 -0.1260
vn 0.6524 0.7579 0.0034
vn 0.9130 0.4011 -0.0740
vn 0.8685 0.4951 -0.0252
vn 0.6487 0.7610 0.0126
vn 0.8463 0.5322 -0.0247
vn 0.6253 0.7803 -0.0077
vn 0.9000 0.4306 -0.0680
vn 0.8270 0.5597 -0.0532
vn 0.5936 0.8046 -0.0160
vn 0.8136 0.5790 -0.0521
vn 0.5823 0.8130 0.0035
vn 0.8981 0.4356 -0.0602
vn 0.7962 0.6049 -0.0141
vn 0.5914 0.8063 -0.0103
vn 0.9084 0.4151 -0.0488
vn 0.7885 0.6150 0.0090
vn 0.9017 0.4268 -0.0689
vn 0.5972 0.8017 -0.0254
vn 0.9231 0.3814 -0.0494
vn 0.8112 0.5845 0.0181
vn 0.8872 0.4614 0.0068
vn 0.8958 0.4319 0.1047
vn 0.8494 0.5257 0.0466
vn 0.6114 0.7906 -0.0341
vn 0.8701 0.4652 0.1630
vn 0.6402 0.7634 0.0859
vn 0.5858 0.6842 0.4344
vn 0.7703 0.3856 0.5079
vn 0.9232 0.3536 0.1507
vn 0.9296 0.3013 0.2123
vn 0.9906 0.1337 -0.0273
vn 0.9914 -0.1304 -0.0108
vn 0.9872 0.1551 0.0380
vn 0.9748 0.2171 0.0505
vn 0.9477 0.3156 0.0467
vn 0.9200 0.3917 -0.0113
vn 0.9254 0.3780 -0.0286
vn 0.9083 0.4166 -0.0369
vn 0.9390 0.3422 -0.0348
vn 0.9126 0.4058 -0.0494
vn 0.9170 0.3921 -0.0735
vn 0.9091 0.4133 -0.0513
vn 0.9250 0.3778 -0.0409
vn 0.9297 0.3664 -0.0370
vn 0.9716 0.2362 0.0118
vn 0.9637 0.2664 -0.0203
vn 0.9641 0.2606 -0.0504
vn 0.9827 0.1730 0.0667
vn 0.9780 0.2088 0.0004
vn 0.9714 0.2319 -0.0505
vn 0.9909 0.1299 0.0349
vn 0.9867 0.1612 -0.0205
vn 0.9889 0.1254 0.0795
vn 0.9718 -0.2344 0.0266
vn 0.9670 -0.2546 0.0042
vn 0.9900 0.1362 0.0359
vn 0.6852 -0.7275 -0.0356
vn 0.9822 -0.1848 0.0328
vn 0.6652 -0.7466 0.0115
vn 0.9904 -0.1377 0.0160
vn 0.7274 -0.6848 -0.0441
vn 0.4687 -0.8810 -0.0648
vn 0.7624 -0.6471 0.0055
vn 0.4467 -0.8920 -0.0693
vn 0.7561 -0.6542 -0.0191
vn 0.4325 -0.9011 -0.0310
vn 0.4460 -0.8950 -0.0065
vn -1.0000 0.0073 0.0060
vn -0.9432 -0.3309 -0.0314
vn -0.9999 0.0087 0.0068
vn -0.9366 -0.3488 0.0332
vn -0.9999 0.0097 0.0059
vn -0.9200 -0.3898 0.0405
vn -0.9999 0.0093 0.0078
vn -0.9211 -0.3880 -0.0321
vn -0.9999 0.0097 0.0065
vn -0.9999 0.0092 0.0064
vn -0.9999 0.0097 0.0070
vn -0.9999 0.0024 -0.0141
vn -0.9638 -0.0110 0.2663
vn -0.9996 0.0009 -0.0281
vn -0.9990 0.0001 -0.0452
vn -0.9670 -0.0163 0.2543
vn -0.9984 0.0060 -0.0555
vn -0.9675 -0.0256 0.2515
vn -0.9987 0.0137 -0.0498
vn -0.9456 -0.0072 0.3254
vn -0.9535 0.0408 0.2987
vn -0.9455 -0.0072 0.3254
vn -0.9993 0.0153 -0.0339
vn -0.9535 0.0409 0.2987
vn -0.9997 0.0124 -0.0189
vn -0.9359 0.0402 -0.3500
vn -0.9113 0.1375 -0.3880
vn -0.2930 0.3306 -0.8971
vn -0.9638 -0.0109 0.2664
vn -0.9297 -0.0686 0.3618
vn -0.5504 -0.0384 0.8340
vn -0.4336 -0.1646 0.8859
vn -0.0968 -0.1188 0.9882
vn -0.8852 -0.2842 0.3684
vn -0.3399 -0.4839 0.8065
vn -0.4336 -0.1647 0.8859
vn 0.0526 -0.5013 0.8637
vn -1.0000 0.0054 -0.0055
vn 0.0353 -0.2309 0.9723
vn -1.0000 0.0077 0.0056
vn -0.8831 -0.3902 0.2607
vn -0.8851 -0.2843 0.3684
vn -0.3383 -0.8223 0.4577
vn -0.3398 -0.4839 0.8064
vn 0.0036 -0.8563 0.5164
vn -1.0000 0.0076 0.0040
vn -0.9999 0.0077 0.0071
vn -0.8831 -0.3902 0.2606
vn -0.9999 0.0092 0.0063
vn -0.9186 -0.3840 0.0929
vn -0.9999 0.0093 0.0079
vn -0.3383 -0.8223 0.4576
vn -0.9200 -0.3899 0.0405
vn -0.3724 -0.9092 0.1862
vn -0.3686 -0.9266 0.0745
vn 0.0259 -0.9985 0.0491
vn -0.0057 -0.9822 0.1877
vn -0.9999 0.0094 0.0048
vn -0.9999 0.0096 0.0070
vn 0.0470 -0.9836 0.1742
vn -0.9999 0.0097 0.0077
vn -1.0000 0.0091 0.0029
vn -1.0000 0.0076 0.0024
vn -1.0000 0.0076 0.0008
vn -1.0000 0.0094 0.0015
vn -0.9999 0.0097 0.0083
vn -1.0000 0.0076 -0.0008
vn -1.0000 0.0095 -0.0003
vn -0.9999 0.0095 0.0098
vn -1.0000 0.0077 -0.0024
vn -1.0000 0.0081 -0.0009
vn -0.9999 0.0063 0.0119
vn -1.0000 0.0084 -0.0044
vn -0.9997 0.0011 0.0235
vn -1.0000 0.0080 0.0013
vn -0.9997 -0.0039 0.0256
vn -0.9993 -0.0178 0.0328
vn -0.9992 -0.0217 0.0344
vn -0.9998 -0.0154 0.0146
vn -1.0000 0.0010 0.0010
vn -0.9995 0.0209 0.0215
vn -0.9999 0.0035 0.0109
vn -0.9996 0.0284 0.0041
vn -0.9996 0.0119 0.0261
vn -0.9999 0.0083 -0.0114
vn -0.9991 0.0367 -0.0193
vn -0.9128 0.4049 0.0531
vn -0.9221 0.3844 0.0445
vn -0.4426 0.8901 0.1083
vn -0.4228 0.8993 0.1122
vn -0.9481 0.0384 0.3156
vn -0.4760 0.0660 0.8770
vn -0.4599 0.0102 0.8879
vn -0.0386 -0.0689 0.9969
vn -0.0763 0.9950 0.0651
vn -0.0635 0.0809 0.9947
vn -0.1279 0.9866 0.1011
vn -0.3883 0.9211 0.0297
vn -0.9152 0.4010 0.0397
vn -0.0115 0.9999 -0.0113
vn -0.9994 0.0308 0.0147
vn -0.9236 0.3830 0.0146
vn -0.3684 0.9292 -0.0290
vn -0.3882 0.9211 0.0297
vn 0.0222 0.9988 -0.0440
vn -0.9989 0.0220 0.0412
vn -0.9002 0.4341 -0.0352
vn -0.3118 0.9476 -0.0699
vn -0.9996 0.0259 -0.0060
vn -0.9998 0.0074 0.0176
vn -0.9998 -0.0144 0.0167
vn -0.9996 -0.0188 -0.0203
vn -0.9998 -0.0086 0.0195
vn -0.9998 0.0071 0.0160
vn -0.9999 -0.0097 0.0072
vn -0.9999 0.0086 0.0134
vn -0.9999 0.0060 0.0140
vn -0.9996 -0.0085 -0.0272
vn -0.9994 -0.0344 0.0097
vn -0.9999 0.0086 0.0116
vn -0.9999 0.0072 0.0129
vn -0.9998 0.0120 -0.0148
vn -0.9999 -0.0098 -0.0047
vn -0.9999 0.0086 0.0099
vn -0.9999 0.0097 0.0064
vn -0.9999 0.0073 0.0113
vn -1.0000 0.0087 -0.0047
vn -0.9998 0.0179 -0.0129
vn -0.9999 0.0086 0.0082
vn -0.9999 0.0073 0.0097
vn -1.0000 0.0040 -0.0043
vn -0.9431 -0.3309 -0.0315
vn -0.9999 0.0070 0.0078
vn -0.4492 -0.8878 -0.1000
vn -0.9999 0.0110 -0.0034
vn -0.3985 -0.9158 -0.0508
vn 0.0348 -0.9988 -0.0334
vn -0.0214 -0.9976 -0.0652
vn -1.0000 0.0058 -0.0081
vn -0.9998 0.0043 0.0170
vn 0.0136 -0.9996 -0.0246
vn -0.9999 0.0073 0.0114
vn -0.9996 0.0043 0.0276
vn -0.0084 -1.0000 0.0029
vn -0.9989 0.0250 0.0401
vn -0.9998 0.0192 -0.0045
vn -0.9991 0.0002 0.0423
vn -0.9986 0.0092 0.0526
vn -0.9967 -0.0275 0.0761
vn -0.9964 -0.0123 0.0833
vn -0.9957 -0.0294 0.0876
vn -0.9982 -0.0118 0.0596
vn -0.9980 0.0403 0.0483
vn -0.9999 0.0154 0.0068
vn -0.9999 0.0168 0.0020
vn -0.9993 0.0291 0.0222
vn -0.9970 0.0763 -0.0116
vn -0.9149 0.4020 -0.0373
vn -0.3370 0.9354 -0.1068
vn 0.0306 0.9940 -0.1054
vn -0.9987 -0.0192 0.0475
vn -0.9326 0.3601 0.0224
vn -0.9149 0.4021 -0.0373
vn -0.3924 0.9146 -0.0977
vn -0.3371 0.9354 -0.1068
vn -0.9999 0.0110 -0.0099
vn 0.0261 0.9885 -0.1491
vn 0.0514 0.9728 -0.2259
vn -0.3773 0.9134 -0.1528
vn -0.9326 0.3602 0.0224
vn -0.9325 0.3606 -0.0198
vn -0.9981 -0.0575 0.0221
vn -0.9964 -0.0749 0.0385
vn -0.8692 0.3145 -0.3816
vn -0.3294 0.7764 -0.5373
vn 0.0271 0.8052 -0.5924
vn -0.9986 0.0023 0.0528
vn -0.9114 0.1375 -0.3880
vn -0.9359 0.0401 -0.3501
vn -0.2946 0.0520 -0.9542
vn -0.9359 0.0402 -0.3501
vn 0.0450 0.0275 -0.9986
vn -0.9964 -0.0749 0.0386
vn -0.8691 0.3145 -0.3817
vn -0.0042 0.3555 -0.9347
vn -0.0418 0.3759 -0.9257
vn -0.0746 0.0279 -0.9968
vn -0.0248 0.8222 -0.5686
vn 0.1122 0.3542 -0.9284
vn -0.0940 -0.0082 -0.9955
vn -0.0172 0.9711 -0.2379
vn -0.0054 0.9885 -0.1512
vn 0.0441 0.9693 -0.2420
vn 0.0066 0.9951 -0.0985
vn 0.0665 0.9902 -0.1227
vn 0.0791 0.7896 -0.6086
vn 0.1105 0.7650 -0.6345
vn 0.0838 0.9681 -0.2359
vn 0.0938 0.9913 -0.0921
vn 0.0935 0.9924 -0.0802
vn 0.0095 0.7814 -0.6240
vn 0.1189 0.9927 -0.0183
vn 0.0291 0.9725 -0.2310
vn 0.1140 0.9896 -0.0875
vn 0.0517 0.9977 -0.0439
vn -0.0150 0.8032 -0.5955
vn 0.0098 0.9805 -0.1963
vn 0.0239 0.9994 -0.0253
vn 0.0880 0.9937 -0.0689
vn 0.0887 0.9959 -0.0169
vn 0.0372 0.9986 -0.0383
vn 0.0670 0.9944 -0.0816
vn 0.1697 0.9851 -0.0293
vn 0.0955 0.9951 0.0257
vn -0.0311 0.9995 0.0044
vn 0.0658 0.9913 -0.1141
vn -0.0142 0.9998 -0.0151
vn -0.0139 0.9992 -0.0364
vn -0.0459 0.9879 -0.1482
vn -0.0580 0.8253 -0.5617
vn -0.0823 0.9893 -0.1203
vn -0.0773 0.9970 -0.0033
vn -0.0733 0.8312 -0.5511
vn -0.0257 0.3887 -0.9210
vn -0.0783 0.8375 -0.5408
vn -0.0498 0.4015 -0.9145
vn -0.0644 0.4236 -0.9035
vn -0.0212 0.3689 -0.9292
vn -0.0327 0.0681 -0.9971
vn -0.0355 0.0634 -0.9974
vn -0.0210 0.3433 -0.9390
vn 0.0064 0.0733 -0.9973
vn 0.0074 0.0985 -0.9951
vn 0.1253 0.3215 -0.9386
vn -0.0288 0.1249 -0.9917
vn 0.0853 0.0800 -0.9931
vn 0.1092 0.1215 -0.9866
vn 0.0057 0.1117 -0.9937
vn 0.0049 0.0242 -0.9997
vn 0.0500 0.0980 -0.9939
vn -0.0450 0.0303 -0.9985
vn -0.0058 0.0382 -0.9993
vn 0.0672 0.0599 -0.9959
vn -0.0392 0.0660 -0.9970
vn 0.0370 0.0483 -0.9981
vn -0.0072 0.0527 -0.9986
vn 0.0439 0.0103 -0.9990
vn 0.0955 0.0531 -0.9940
vn 0.0833 0.0429 -0.9956
vn 0.0052 -0.0349 -0.9994
vn 0.0449 0.0141 -0.9989
vn 0.0287 0.0540 -0.9981
vn -0.0017 -0.0648 -0.9979
vn -0.0123 0.0063 -0.9999
vn 0.0123 0.0210 -0.9997
vn 0.0524 -0.0702 -0.9962
vn 0.0289 0.0080 -0.9996
vn 0.0053 0.0346 -0.9994
vn 0.0230 0.0365 -0.9991
vn 0.0108 -0.0645 -0.9979
vn -0.0722 0.4306 -0.8996
vn 0.0168 0.0408 -0.9990
vn 0.0119 0.0050 -0.9999
vn -0.1006 0.8425 -0.5292
vn -0.0051 0.0395 -0.9992
vn -0.0579 0.4218 -0.9049
vn -0.0693 0.3962 -0.9155
vn -0.1206 0.8415 -0.5266
vn -0.0354 0.0132 -0.9993
vn -0.0658 -0.0509 -0.9965
vn -0.0548 0.0001 -0.9985
vn -0.1162 0.9773 -0.1772
vn -0.1092 0.9775 -0.1803
vn -0.1222 0.9827 -0.1394
vn -0.1807 0.9833 -0.0197
vn -0.0634 0.9979 -0.0130
vn -0.0824 0.9952 -0.0519
vn -0.1228 0.9916 -0.0397
vn -0.1738 0.9842 -0.0333
vn -0.0116 0.9954 -0.0955
vn -0.0755 0.9943 -0.0747
vn -0.0944 0.9954 0.0127
vn -0.1122 0.9930 -0.0369
vn 0.0313 0.9952 -0.0931
vn 0.0165 0.9916 -0.1285
vn -0.0289 0.9953 -0.0923
vn -0.0436 0.9990 0.0079
vn -0.0494 0.9979 -0.0416
vn -0.0117 0.9987 0.0497
vn -0.0428 0.9984 -0.0357
vn -0.0040 0.9998 0.0185
vn -0.0950 0.9954 0.0148
vn -0.0772 0.9959 0.0466
vn -0.0750 0.9967 0.0307
vn -0.1625 0.9861 0.0349
vn -0.1322 0.9821 -0.1338
vn -0.1733 0.9847 0.0203
vn -0.1770 0.9809 -0.0801
vn -0.1465 0.8303 -0.5377
vn -0.1562 0.9868 0.0418
vn -0.1762 0.8226 -0.5406
vn -0.0934 0.3928 -0.9149
vn -0.0456 0.0506 -0.9977
vn -0.2661 0.9636 0.0252
vn 0.3284 -0.9367 -0.1213
vn 0.2984 -0.8170 -0.4934
vn 0.3261 -0.9361 -0.1316
vn 0.2886 -0.8178 -0.4979
vn 0.3305 -0.9418 -0.0613
vn 0.3289 -0.9427 -0.0556
vn 0.3438 -0.9216 -0.1803
vn 0.3399 -0.9268 -0.1594
vn 0.3232 -0.9358 -0.1409
vn 0.2801 -0.8194 -0.5001
vn 0.3309 -0.9427 -0.0438
vn 0.3417 -0.9293 -0.1401
vn 0.3184 -0.9376 -0.1397
vn 0.2879 -0.8123 -0.5073
vn 0.3328 -0.9427 -0.0261
vn 0.3558 -0.9276 -0.1141
vn 0.3136 -0.9390 -0.1411
vn 0.2947 -0.8060 -0.5133
vn 0.3407 -0.9402 -0.0027
vn 0.3601 -0.9293 -0.0818
vn 0.3206 -0.9343 -0.1557
vn 0.2846 -0.8038 -0.5224
vn 0.3282 -0.9442 0.0287
vn 0.3262 -0.9325 -0.1553
vn 0.2697 -0.7951 -0.5433
vn 0.3232 -0.9446 0.0561
vn 0.3099 -0.9415 -0.1327
vn 0.2685 -0.7777 -0.5684
vn 0.3548 -0.9313 0.0821
vn 0.2916 -0.9483 -0.1253
vn 0.2678 -0.7660 -0.5844
vn 0.3402 -0.9336 0.1124
vn 0.3012 -0.9425 -0.1452
vn 0.2616 -0.7703 -0.5815
vn 0.2719 -0.9553 0.1156
vn 0.2557 -0.9637 0.0767
vn 0.3347 -0.9294 -0.1554
vn 0.2814 -0.7765 -0.5638
vn 0.3199 -0.9470 0.0282
vn 0.3450 -0.9245 -0.1624
vn 0.2838 -0.7916 -0.5412
vn 0.3245 -0.9459 -0.0051
vn 0.3438 -0.9220 -0.1779
vn 0.2710 -0.8115 -0.5177
vn 0.3850 -0.9122 -0.1401
vn 0.3968 -0.7742 -0.4931
vn 0.3570 -0.9341 -0.0048
vn 0.4767 -0.8755 -0.0789
vn 0.6781 -0.5845 -0.4455
vn 0.4806 -0.8754 0.0507
vn 0.7284 -0.6793 -0.0893
vn 0.9684 -0.2050 -0.1417
vn 0.8719 -0.1690 -0.4597
vn 0.6917 -0.7207 0.0471
vn 0.8346 0.1597 -0.5273
vn 0.4978 -0.8626 0.0896
vn 0.9712 0.1705 -0.1664
vn 0.7746 0.2751 -0.5695
vn 0.9711 -0.2381 -0.0182
vn 0.9415 0.2804 -0.1872
vn 0.7522 0.2845 -0.5943
vn 0.9839 0.1751 -0.0365
vn 0.9224 0.3110 -0.2290
vn 0.7471 0.2950 -0.5957
vn 0.9662 0.2534 -0.0483
vn 0.8989 0.3591 -0.2511
vn 0.7463 0.3357 -0.5748
vn 0.9568 0.2756 -0.0925
vn 0.8784 0.4009 -0.2601
vn 0.7685 0.3386 -0.5429
vn 0.9214 0.3719 -0.1132
vn -0.9995 0.0176 0.0278
vn -0.9320 -0.3623 0.0122
vn -0.9999 0.0127 0.0004
vn -0.9188 -0.3937 -0.0301
vn -0.4023 -0.9155 0.0079
vn -0.3815 -0.9193 -0.0972
vn -0.9247 -0.3806 0.0065
vn 0.0049 -0.9910 -0.1335
vn -0.9998 0.0080 0.0157
vn -0.3844 -0.9232 0.0043
vn -0.9997 0.0211 -0.0117
vn -0.9992 0.0244 0.0331
vn -0.9998 0.0150 0.0159
vn -0.9999 0.0004 -0.0167
vn -0.9999 0.0106 0.0120
vn -0.9118 -0.4082 0.0449
vn -0.3323 -0.9373 0.1045
vn 0.0264 -0.9987 0.0435
vn -0.0084 -1.0000 0.0006
vn 0.0788 -0.9875 0.1367
vn 0.0234 -0.9997 0.0103
vn 0.0214 -0.9872 -0.1579
vn 0.0202 -0.8684 -0.4954
vn 0.0137 -0.8660 -0.4998
vn -0.3814 -0.9193 -0.0973
vn 0.1295 -0.8597 -0.4941
vn -0.3442 -0.8253 -0.4476
vn -0.9187 -0.3937 -0.0301
vn -0.8857 -0.3968 -0.2408
vn 0.1265 -0.9780 -0.1660
vn -0.9993 -0.0003 0.0384
vn -0.8811 -0.2780 -0.3827
vn 0.1392 -0.8650 -0.4821
vn -0.9983 0.0164 0.0561
vn -0.8811 -0.2779 -0.3827
vn -0.9235 -0.0683 -0.3775
vn -0.3450 -0.4681 -0.8135
vn -0.3948 -0.1667 -0.9035
vn -0.0226 -0.1951 -0.9805
vn -0.9995 0.0101 0.0308
vn -0.9977 0.0175 0.0658
vn -0.9361 0.0058 -0.3518
vn -0.3949 -0.1666 -0.9035
vn -0.4115 -0.0043 -0.9114
vn -0.0250 0.0054 -0.9997
vn -0.9980 -0.0102 0.0630
vn -0.9412 0.0235 -0.3371
vn -0.3893 0.0774 -0.9179
vn 0.0026 0.1092 -0.9940
vn -0.9996 -0.0251 0.0121
vn -0.9985 -0.0389 0.0373
vn -0.9276 0.0062 -0.3735
vn -0.3285 0.0690 -0.9420
vn 0.0267 0.0875 -0.9958
vn -0.9998 -0.0192 0.0005
vn -0.9992 -0.0368 0.0182
vn -0.9999 0.0019 0.0158
vn -0.9998 0.0149 0.0140
vn -0.9999 0.0091 0.0050
vn -0.9143 -0.3980 0.0759
vn -0.9366 -0.3489 0.0332
vn -0.3187 -0.9356 0.1520
vn -0.3999 -0.9159 0.0362
vn 0.0494 -0.9936 0.1016
vn -0.9431 -0.3309 -0.0314
vn -0.0309 -0.9993 -0.0202
vn 0.0148 -0.9999 -0.0021
vn 0.0748 -0.9879 0.1360
vn -0.0310 -0.9988 -0.0375
vn 0.0587 -0.9924 0.1079
vn 0.0632 -0.9963 -0.0583
vn 0.0994 -0.9925 -0.0708
vn 0.1225 -0.9861 0.1120
vn 0.1288 -0.9816 0.1407
vn 0.1262 -0.9918 0.0208
vn 0.1177 -0.9842 0.1325
vn 0.0783 -0.9947 0.0669
vn 0.1335 -0.9904 0.0349
vn 0.1352 -0.9791 -0.1521
vn 0.0283 -0.8760 -0.4816
vn 0.0443 -0.9888 -0.1427
vn 0.0655 -0.8795 -0.4714
vn 0.0462 -0.9944 0.0953
vn 0.0769 -0.9880 -0.1336
vn 0.0593 -0.9972 0.0446
vn 0.1038 -0.8801 -0.4632
vn 0.0251 -0.9979 0.0603
vn -0.0009 -1.0000 0.0084
vn 0.1145 -0.9836 -0.1392
vn 0.0568 -0.9979 0.0326
vn 0.1121 -0.8826 -0.4565
vn 0.0847 -0.9963 -0.0124
vn 0.1136 -0.9816 -0.1533
vn 0.1197 -0.8904 -0.4392
vn 0.1279 -0.9754 -0.1796
vn 0.1001 -0.9083 -0.4061
vn 0.0915 -0.9945 -0.0515
vn 0.0455 -0.9984 0.0332
vn 0.0274 -0.9996 -0.0096
vn 0.1241 -0.9718 -0.2006
vn 0.0703 -0.9147 -0.3981
vn 0.0838 -0.9921 -0.0931
vn 0.0831 -0.9962 0.0254
vn 0.0581 -0.9978 0.0312
vn 0.0645 -0.9971 0.0412
vn 0.0770 -0.9784 -0.1919
vn 0.0942 -0.9935 0.0644
vn 0.0982 -0.9844 -0.1460
vn 0.1180 -0.9019 -0.4155
vn 0.0644 -0.9970 0.0421
vn 0.1315 -0.9781 -0.1616
vn 0.1809 -0.8868 -0.4253
vn 0.1000 -0.9822 -0.1589
vn 0.2026 -0.9692 -0.1403
vn 0.1724 -0.8897 -0.4229
vn 0.1601 -0.9776 -0.1367
vn 0.0958 -0.9952 0.0181
vn 0.1827 -0.9727 -0.1434
vn 0.1533 -0.8883 -0.4328
vn 0.2006 -0.9709 -0.1305
vn 0.1497 -0.9885 -0.0212
vn 0.1586 -0.9765 -0.1461
vn 0.1910 -0.8713 -0.4521
vn 0.1837 -0.9744 -0.1299
vn 0.1851 -0.9811 -0.0569
vn 0.2080 -0.9688 -0.1348
vn 0.2335 -0.8519 -0.4687
vn 0.1797 -0.9782 -0.1040
vn 0.1928 -0.9789 -0.0672
vn 0.2608 -0.9576 -0.1226
vn 0.2361 -0.8460 -0.4780
vn 0.2300 -0.9706 -0.0705
vn 0.2058 -0.9769 -0.0574
vn 0.2441 -0.9607 -0.1325
vn 0.2325 -0.8420 -0.4868
vn 0.2680 -0.9619 -0.0551
vn 0.2423 -0.9689 -0.0493
vn 0.2443 -0.9565 -0.1597
vn 0.2239 -0.8411 -0.4923
vn 0.2303 -0.9716 -0.0545
vn 0.2607 -0.9637 -0.0578
vn 0.2545 -0.9519 -0.1708
vn 0.2192 -0.8411 -0.4944
vn 0.2368 -0.9701 -0.0529
vn 0.2486 -0.9674 -0.0477
vn 0.2564 -0.9662 0.0284
vn 0.2704 -0.4142 -0.8691
vn 0.6781 -0.5845 -0.4456
vn 0.3968 -0.7742 -0.4932
vn 0.5648 -0.2582 -0.7838
vn 0.8718 -0.1690 -0.4597
vn 0.1468 -0.4795 -0.8652
vn 0.2837 -0.7915 -0.5413
vn 0.1767 -0.0124 -0.9842
vn 0.4632 0.0869 -0.8820
vn 0.8345 0.1597 -0.5273
vn 0.7745 0.2751 -0.5696
vn 0.3632 0.2087 -0.9080
vn 0.7521 0.2845 -0.5944
vn 0.1083 -0.4730 -0.8744
vn 0.0752 -0.4189 -0.9049
vn 0.0944 -0.1080 -0.9897
vn 0.0190 -0.2111 -0.9773
vn -0.0157 -0.2638 -0.9645
vn 0.0943 0.0278 -0.9952
vn 0.1123 0.1531 -0.9818
vn 0.1231 0.1903 -0.9740
vn 0.1262 0.1796 -0.9756
vn 0.0967 0.1323 -0.9865
vn 0.1004 -0.0245 -0.9946
vn 0.3179 0.1613 -0.9343
vn 0.7470 0.2950 -0.5958
vn 0.3511 0.1001 -0.9310
vn 0.7462 0.3356 -0.5749
vn 0.4447 0.1146 -0.8883
vn -0.0873 -0.0737 -0.9934
vn 0.0264 0.0522 -0.9983
vn 0.0163 -0.0146 -0.9998
vn -0.0805 -0.1138 -0.9902
vn -0.0610 -0.1351 -0.9890
vn 0.0148 0.1135 -0.9934
vn -0.0202 0.1606 -0.9868
vn -0.1173 0.2026 -0.9722
vn 0.1163 0.0776 -0.9902
vn 0.0601 -0.1224 -0.9907
vn -0.0630 0.1389 -0.9883
vn -0.1642 0.2140 -0.9629
vn 0.1387 0.0512 -0.9890
vn 0.1299 0.0565 -0.9899
vn 0.2621 0.0803 -0.9617
vn -0.1696 0.2081 -0.9633
vn -0.2086 0.4129 -0.8866
vn 0.0378 0.0631 -0.9973
vn 0.1983 -0.0326 -0.9796
vn -0.2213 0.4484 -0.8660
vn -0.2809 0.7971 -0.5345
vn -0.1162 0.2049 -0.9719
vn 0.0158 -0.0048 -0.9999
vn -0.2726 0.8196 -0.5040
vn -0.2105 0.4945 -0.8433
vn -0.2529 0.9517 -0.1744
vn -0.2546 0.9589 -0.1254
vn -0.1918 0.9804 -0.0444
vn -0.2714 0.8377 -0.4739
vn -0.3207 0.9424 -0.0947
vn -0.2888 0.9573 0.0093
vn -0.2610 0.9638 -0.0547
vn -0.3887 0.9208 0.0303
vn -0.3691 0.9237 -0.1023
vn -0.2689 0.9630 0.0186
vn -0.2892 0.8381 -0.4625
vn -0.2490 0.9609 -0.1210
vn -0.3073 0.8277 -0.4696
vn 0.1713 0.9777 -0.1216
vn -0.1924 0.8584 -0.4755
vn -0.1814 0.5251 -0.8315
vn -0.0653 0.2013 -0.9773
vn -0.0208 0.2014 -0.9793
vn -0.1647 0.5182 -0.8393
vn -0.0374 0.5297 -0.8474
vn 0.1330 0.2134 -0.9679
vn 0.1640 0.8810 -0.4437
vn 0.2898 0.5748 -0.7653
vn 0.5873 0.6719 -0.4513
vn 0.6507 0.7488 -0.1261
vn 0.4684 0.2654 -0.8427
vn 0.7879 0.3581 -0.5010
vn 0.8144 0.2604 -0.5187
vn 0.5389 0.1689 -0.8252
vn 0.7684 0.3385 -0.5430
vn 0.2203 0.0858 -0.9717
vn 0.5212 0.1750 -0.8353
vn 0.0334 0.0149 -0.9993
vn 0.2237 -0.0287 -0.9742
vn 0.0547 -0.1419 -0.9884
vn 0.0787 -0.1270 -0.9888
vn 0.1625 -0.1159 -0.9799
vn 0.2457 0.0284 -0.9689
vn 0.1294 -0.0721 -0.9890
vn 0.2231 0.1504 -0.9631
vn 0.0906 -0.1568 -0.9835
vn 0.2180 0.1831 -0.9586
vn 0.1694 0.1170 -0.9786
vn 0.1165 0.0204 -0.9930
vn 0.1232 -0.0898 -0.9883
vn 0.1311 0.0060 -0.9914
vn -0.2188 0.9746 -0.0484
vn -0.2576 0.9662 -0.0134
vn -0.2759 0.9594 -0.0581
vn -0.1483 0.4552 0.8780
vn -0.1426 0.4524 0.8804
vn -0.2692 0.7932 0.5462
vn -0.3137 0.9493 -0.0220
vn -0.2804 0.9544 -0.1025
vn -0.3186 0.9266 0.1997
vn -0.2578 0.9652 -0.0438
vn -0.2803 0.9415 0.1871
vn -0.0573 0.2130 0.9754
vn -0.1675 0.4414 0.8816
vn -0.0840 0.1835 0.9794
vn -0.0336 0.0636 0.9974
vn -0.0566 0.0411 0.9975
vn 0.0282 -0.0781 0.9965
vn -0.0209 0.1842 0.9827
vn 0.0832 0.1052 0.9910
vn 0.1199 -0.0479 0.9916
vn 0.0755 0.0484 0.9960
vn -0.0387 0.1123 0.9929
vn 0.1010 0.0199 0.9947
vn 0.0790 0.1376 0.9873
vn -0.1738 0.4563 0.8727
vn -0.2691 0.8007 0.5352
vn -0.0409 0.5042 0.8626
vn 0.2690 0.5674 0.7782
vn -0.2588 0.8192 0.5118
vn -0.2521 0.9562 0.1488
vn 0.1645 0.8907 0.4239
vn 0.5857 0.6843 0.4345
vn -0.1566 0.8641 0.4784
vn 0.1827 0.9815 0.0574
vn 0.6402 0.7634 0.0858
vn 0.6113 0.7906 -0.0342
vn -0.1547 0.9832 0.0973
vn 0.1885 0.9797 -0.0680
vn -0.1301 0.9892 -0.0681
vn 0.1847 0.9822 -0.0358
vn 0.5913 0.8064 -0.0103
vn -0.1586 0.9850 -0.0680
vn 0.1790 0.9835 -0.0250
vn 0.5822 0.8130 0.0035
vn -0.2214 0.9733 -0.0601
vn -0.2275 0.9680 -0.1061
vn -0.2464 0.9620 -0.1180
vn 0.1638 0.9864 -0.0136
vn 0.5935 0.8046 -0.0159
vn -0.1798 0.9835 -0.0207
vn -0.2475 0.9687 -0.0183
vn -0.1628 0.9865 -0.0200
vn 0.1584 0.9872 0.0198
vn 0.6253 0.7804 -0.0077
vn -0.2745 0.9605 -0.0453
vn -0.2675 0.9632 -0.0275
vn -0.1631 0.9863 0.0239
vn -0.3005 0.9538 0.0009
vn 0.1714 0.9845 0.0364
vn -0.1986 0.9797 0.0258
vn 0.1792 0.9835 0.0238
vn 0.6486 0.7610 0.0125
vn 0.6523 0.7579 0.0034
vn 0.1768 0.9842 0.0079
vn -0.2515 0.9679 -0.0017
vn -0.3762 0.9257 -0.0405
vn -0.3387 0.9408 -0.0146
vn -0.3107 0.9505 -0.0096
vn -0.2845 0.9585 -0.0150
vn -0.3087 0.9500 -0.0475
vn -0.2047 0.9787 0.0140
vn -0.2448 0.9688 -0.0378
vn -0.2635 0.9622 -0.0685
vn -0.1941 0.9808 -0.0199
vn -0.2413 0.9700 -0.0310
vn -0.1922 0.9808 0.0326
vn -0.1771 0.9841 0.0093
vn -0.1642 0.9853 -0.0476
vn -0.1793 0.9835 0.0251
vn -0.1752 0.9833 -0.0497
vn -0.2451 0.9686 0.0422
vn -0.2050 0.9744 -0.0926
vn -0.2314 0.9701 -0.0734
vn -0.2615 0.9574 -0.1227
vn -0.2242 0.9735 0.0446
vn -0.2330 0.9707 0.0592
vn -0.2820 0.9372 -0.2054
vn -0.2438 0.9656 -0.0907
vn -0.2469 0.9594 -0.1362
vn -0.2736 0.9322 -0.2368
vn 0.7606 -0.6491 0.0120
vn 0.4634 -0.8860 0.0130
vn 0.3459 -0.9383 -0.0050
vn 0.4595 -0.8881 0.0142
vn 0.7520 -0.6467 0.1275
vn 0.4429 -0.8860 0.1374
vn 0.3518 -0.9356 0.0307
vn 0.3901 -0.7739 0.4989
vn 0.3159 -0.9482 -0.0328
vn 0.3233 -0.9335 0.1550
vn 0.3035 -0.9526 0.0183
vn 0.3276 -0.9448 -0.0077
vn 0.2515 -0.9669 -0.0435
vn 0.2290 -0.9726 -0.0402
vn 0.2779 -0.9601 -0.0319
vn 0.2383 -0.9684 -0.0741
vn 0.4051 -0.9142 -0.0111
vn 0.2549 -0.9664 0.0344
vn 0.3077 -0.9490 0.0682
vn 0.2255 -0.9734 -0.0409
vn 0.1698 -0.9807 0.0974
vn 0.1956 -0.9802 0.0317
vn 0.3794 -0.9231 -0.0631
vn 0.2514 -0.9659 0.0620
vn 0.3868 -0.9204 -0.0568
vn 0.3344 -0.9420 -0.0276
vn 0.3499 -0.9355 -0.0500
vn -0.0293 -0.3004 0.9534
vn -0.0240 -0.3447 0.9384
vn -0.0125 -0.3641 0.9313
vn 0.0036 -0.4755 0.8797
vn -0.0549 -0.2823 0.9577
vn -0.0195 -0.3669 0.9301
vn 0.0964 -0.4421 0.8917
vn 0.0191 -0.5012 0.8651
vn 0.0179 -0.5284 0.8488
vn -0.0022 -0.8793 0.4762
vn 0.0534 -0.8716 0.4872
vn 0.1157 -0.8841 0.4528
vn -0.0477 -0.9895 0.1365
vn 0.0497 -0.3116 0.9489
vn 0.0603 -0.2813 0.9577
vn 0.0357 -0.2732 0.9613
vn 0.0868 -0.4241 0.9014
vn 0.0526 -0.2738 0.9603
vn 0.0352 -0.4441 0.8953
vn 0.0515 -0.2690 0.9618
vn 0.0242 -0.8555 0.5173
vn 0.1334 -0.8636 0.4862
vn 0.1710 -0.9751 0.1409
vn 0.0354 -0.9984 0.0448
vn 0.1037 -0.9885 0.1102
vn 0.1702 -0.9811 0.0924
vn -0.3985 -0.9158 -0.0507
vn -0.3686 -0.9266 0.0744
vn -0.9211 -0.3881 -0.0321
vn 0.1190 -0.9868 0.1098
vn 0.0938 -0.9950 0.0349
vn 0.0408 -0.9989 0.0210
vn 0.1040 -0.9875 0.1183
vn 0.0716 -0.9972 0.0227
vn -0.0802 -0.9917 0.1004
vn -0.0542 -0.9922 0.1125
vn 0.0583 -0.9843 0.1664
vn 0.0602 -0.9921 0.1103
vn 0.1440 -0.8792 0.4542
vn 0.2379 -0.9619 0.1347
vn 0.0277 -0.5647 0.8248
vn 0.1248 -0.9145 0.3849
vn 0.2441 -0.9592 0.1424
vn 0.0491 -0.9947 0.0900
vn 0.1832 -0.9793 0.0866
vn 0.1640 -0.9750 0.1502
vn 0.1909 -0.9654 0.1776
vn -0.0038 -1.0000 0.0002
vn 0.0329 -0.9992 -0.0246
vn 0.0692 -0.9936 -0.0889
vn 0.0023 -0.9972 -0.0753
vn 0.0968 -0.9953 -0.0032
vn 0.0632 -0.9951 -0.0765
vn -0.0206 -0.9981 -0.0574
vn 0.0444 -0.9979 -0.0465
vn 0.0379 -0.9970 -0.0677
vn 0.0948 -0.9949 -0.0352
vn 0.0915 -0.9916 -0.0914
vn 0.0901 -0.9952 -0.0390
vn 0.0807 -0.9914 -0.1028
vn 0.0660 -0.9958 -0.0631
vn 0.0752 -0.9941 -0.0779
vn 0.0744 -0.9947 0.0711
vn 0.0569 -0.9968 -0.0568
vn 0.0474 -0.9969 0.0635
vn 0.0680 -0.9968 0.0427
vn 0.0732 -0.9971 -0.0222
vn 0.1172 -0.9929 0.0197
vn 0.1660 -0.9861 0.0010
vn 0.1159 -0.9932 0.0047
vn 0.1881 -0.9820 -0.0151
vn 0.1576 -0.9874 0.0135
vn 0.1410 -0.9836 0.1121
vn 0.2208 -0.9752 -0.0142
vn 0.1566 -0.9786 0.1336
vn 0.1784 -0.9839 0.0103
vn 0.2560 -0.9666 0.0094
vn 0.2226 -0.9749 0.0016
vn 0.2709 -0.9626 -0.0040
vn 0.2783 -0.9604 0.0144
vn 0.2435 -0.9694 0.0304
vn 0.2975 -0.9536 0.0462
vn 0.1903 -0.9777 0.0887
vn 0.1653 -0.9781 0.1263
vn -0.0420 0.3471 -0.9369
vn 0.0412 0.1973 -0.9795
vn -0.0284 0.3774 -0.9256
vn 0.1034 0.2029 -0.9737
vn 0.1269 0.1130 -0.9855
vn 0.1866 0.1405 -0.9723
vn 0.1016 0.1672 -0.9807
vn 0.0606 0.2405 -0.9687
vn 0.0289 0.2033 -0.9787
vn -0.0299 0.1519 -0.9879
vn -0.0346 0.1921 -0.9808
vn 0.1052 0.1393 -0.9846
vn 0.1684 0.1503 -0.9742
vn 0.0973 0.1068 -0.9895
vn 0.0169 -0.0055 -0.9998
vn 0.0908 0.0818 -0.9925
vn -0.0843 0.0878 -0.9926
vn -0.1331 0.0862 -0.9873
vn -0.0502 0.0888 -0.9948
vn -0.0969 0.0004 -0.9953
vn -0.2144 0.0276 -0.9764
vn -0.1115 0.0043 -0.9938
vn -0.2236 -0.0337 -0.9741
vn -0.1819 -0.0099 -0.9833
vn -0.0622 -0.0310 -0.9976
vn -0.0848 -0.0227 -0.9961
vn -0.2111 -0.0329 -0.9769
vn -0.0861 -0.0072 -0.9963
vn -0.1661 -0.0649 -0.9840
vn -0.1794 -0.1200 -0.9764
vn -0.0614 0.0027 -0.9981
vn -0.1082 -0.1063 -0.9884
vn -0.0909 -0.1433 -0.9855
vn -0.1028 -0.0673 -0.9924
vn -0.0121 0.0021 -0.9999
vn -0.0918 0.0364 -0.9951
vn -0.0219 0.0522 -0.9984
vn -0.0710 0.0725 -0.9948
vn 0.0386 -0.1752 -0.9838
vn 0.0537 -0.1643 -0.9849
vn 0.1077 -0.5535 -0.8258
vn -0.0800 0.0628 -0.9948
vn -0.0056 -0.1618 -0.9868
vn 0.1050 -0.5488 -0.8294
vn 0.1180 -0.9019 -0.4156
vn 0.0860 -0.5566 -0.8263
vn 0.0703 -0.9146 -0.3981
vn 0.0144 -0.1276 -0.9917
vn 0.0665 -0.5627 -0.8240
vn 0.1001 -0.9083 -0.4062
vn -0.0275 0.0734 -0.9969
vn 0.0634 -0.1215 -0.9906
vn 0.0546 -0.5783 -0.8140
vn 0.1197 -0.8903 -0.4393
vn 0.0575 -0.5735 -0.8172
vn 0.0490 -0.1665 -0.9848
vn 0.0586 0.0897 -0.9942
vn -0.0232 0.0655 -0.9976
vn 0.0666 -0.5588 -0.8266
vn 0.1038 -0.8801 -0.4634
vn 0.0114 -0.1985 -0.9800
vn 0.0591 -0.5497 -0.8333
vn 0.0058 -0.1904 -0.9817
vn 0.0206 -0.1831 -0.9829
vn 0.0330 -0.5495 -0.8349
vn 0.0283 -0.8759 -0.4816
vn 0.0103 -0.1970 -0.9803
vn 0.0121 -0.5402 -0.8415
vn 0.1392 -0.8650 -0.4822
vn 0.1293 -0.5289 -0.8388
vn 0.0024 -0.1998 -0.9798
vn -0.0085 -0.0026 -1.0000
vn 0.0052 -0.0102 -0.9999
vn 0.1159 -0.5310 -0.8394
vn 0.0202 -0.8684 -0.4955
vn -0.0026 -0.5271 -0.8498
vn 0.0136 -0.8660 -0.4999
vn 0.0945 -0.1980 -0.9756
vn -0.0015 -0.5192 -0.8546
vn -0.3442 -0.8253 -0.4477
vn -0.8810 -0.2780 -0.3827
vn -0.8857 -0.3969 -0.2409
vn -0.0187 -0.2001 -0.9796
vn 0.1082 -0.1917 -0.9755
vn 0.0685 0.0196 -0.9975
vn -0.0145 0.0231 -0.9996
vn 0.0209 0.0705 -0.9973
vn -0.0215 0.1086 -0.9939
vn 0.0112 -0.0016 -0.9999
vn 0.0797 0.0012 -0.9968
vn -0.0116 0.0226 -0.9997
vn 0.0306 0.0054 -0.9995
vn 0.0416 0.0193 -0.9989
vn -0.0569 0.0659 -0.9962
vn -0.0199 0.0366 -0.9991
vn 0.0396 0.0430 -0.9983
vn -0.0678 0.0601 -0.9959
vn -0.3284 0.0690 -0.9420
vn 0.0381 0.0294 -0.9988
vn 0.0837 0.0716 -0.9939
vn -0.2740 0.0355 -0.9611
vn -0.9276 0.0062 -0.3736
vn -0.8967 0.0078 -0.4427
vn -0.2637 0.0474 -0.9634
vn -0.9996 -0.0294 0.0004
vn -0.8966 0.0078 -0.4427
vn 0.0540 0.0493 -0.9973
vn -0.8935 0.0434 -0.4469
vn -0.9985 -0.0338 0.0437
vn -0.9994 0.0282 -0.0178
vn -0.9996 0.0020 0.0280
vn -0.9971 0.0746 0.0126
vn -0.9324 0.0278 -0.3603
vn -0.9324 0.0277 -0.3603
vn -0.2786 -0.0086 -0.9604
vn -0.9359 0.0401 -0.3500
vn -0.2637 0.0474 -0.9635
vn -0.2946 0.0519 -0.9542
vn -0.2786 -0.0087 -0.9604
vn 0.0701 0.0012 -0.9975
vn -0.0702 0.0447 -0.9965
vn 0.4468 -0.8942 -0.0282
vn 0.3947 -0.9188 -0.0073
vn 0.3284 -0.9302 0.1638
vn 0.3613 -0.9308 0.0563
vn 0.4684 -0.8813 -0.0621
vn 0.4105 -0.9119 0.0016
vn 0.4440 -0.8912 -0.0925
vn 0.4240 -0.9038 -0.0584
vn 0.3419 -0.9388 0.0426
vn 0.3635 -0.9313 -0.0232
vn 0.4125 -0.9019 -0.1282
vn 0.3881 -0.9205 -0.0452
vn 0.3727 -0.9223 -0.1024
vn 0.2629 -0.9602 0.0945
vn 0.4076 -0.9039 -0.1300
vn 0.3535 -0.9355 0.0002
vn 0.3041 -0.9490 0.0826
vn 0.4095 -0.9021 -0.1361
vn 0.4041 -0.9085 -0.1063
vn 0.3318 -0.9426 0.0365
vn 0.1305 -0.3834 0.9143
vn 0.1429 -0.4080 0.9017
vn 0.2012 -0.8395 0.5047
vn 0.1956 -0.9747 0.1078
vn 0.1873 -0.8589 0.4767
vn 0.1753 -0.9803 0.0912
vn 0.1517 -0.9874 0.0460
vn 0.0250 0.0772 0.9967
vn -0.0087 0.0605 0.9981
vn 0.1393 -0.3817 0.9137
vn -0.0419 0.0318 0.9986
vn 0.1434 -0.4452 0.8839
vn -0.0486 0.1395 0.9890
vn 0.0579 0.0736 0.9956
vn -0.0100 0.1661 0.9861
vn 0.1834 -0.8717 0.4544
vn 0.0958 0.0357 0.9948
vn 0.1803 -0.9821 0.0535
vn 0.1367 -0.4880 0.8620
vn 0.1877 -0.8786 0.4392
vn 0.1463 -0.9889 0.0274
vn 0.1689 -0.9772 0.1285
vn 0.1616 -0.9736 0.1613
vn 0.1837 -0.9822 0.0385
vn 0.1786 -0.9839 0.0047
vn 0.1869 -0.9735 0.1317
vn 0.1614 -0.9692 0.1862
vn 0.1585 -0.9703 0.1825
vn 0.1834 -0.9793 0.0859
vn 0.1615 -0.9714 0.1740
vn 0.2102 -0.9777 -0.0027
vn 0.1889 -0.9799 0.0643
vn 0.1629 -0.8909 0.4239
vn 0.1321 -0.5220 0.8426
vn 0.2027 -0.9792 -0.0003
vn 0.1869 -0.9824 -0.0017
vn 0.1485 -0.8910 0.4291
vn 0.1773 -0.9824 0.0582
vn 0.1892 -0.9771 0.0970
vn 0.1792 -0.9770 0.1160
vn 0.1388 -0.9903 -0.0039
vn 0.1604 -0.9729 0.1664
vn 0.1513 -0.9864 0.0644
vn 0.1254 -0.9906 0.0547
vn 0.1624 -0.9737 0.1598
vn 0.1085 -0.9939 -0.0196
vn 0.1501 -0.9780 0.1448
vn 0.1309 -0.9844 0.1178
vn 0.0768 -0.9969 0.0147
vn 0.1242 -0.9737 0.1911
vn 0.1173 -0.9874 0.1062
vn 0.1082 -0.9930 0.0469
vn 0.1239 -0.9633 0.2383
vn 0.1559 -0.9618 0.2252
vn 0.0785 -0.9862 0.1461
vn 0.0570 -0.9958 0.0721
vn 0.0493 -0.9963 0.0707
vn 0.0325 -0.9960 0.0835
vn 0.0665 -0.9921 0.1062
vn 0.0668 -0.9227 0.3798
vn 0.0551 -0.9054 0.4210
vn 0.0459 -0.5920 0.8046
vn 0.0522 -0.5977 0.8000
vn 0.1382 -0.9831 0.1197
vn 0.0044 -0.3388 0.9409
vn 0.0243 -0.3054 0.9519
vn -0.0056 -0.2915 0.9566
vn 0.0383 -0.2677 0.9628
vn -0.0789 0.0169 0.9967
vn -0.0149 -0.0645 0.9978
vn -0.0836 0.0811 0.9932
vn -0.0750 0.1190 0.9901
vn -0.0764 0.2008 0.9766
vn 0.0573 0.1887 0.9804
vn 0.0397 0.1171 0.9923
vn 0.0595 0.0825 0.9948
vn 0.0852 0.1755 0.9808
vn 0.0933 -0.0895 0.9916
vn -0.0025 -0.0889 0.9960
vn -0.0063 -0.2275 0.9738
vn -0.0633 0.0744 0.9952
vn -0.1518 0.0593 0.9866
vn -0.5504 -0.0385 0.8340
vn -0.0377 0.1364 0.9899
vn -0.5505 0.0120 0.8348
vn -0.9670 -0.0164 0.2544
vn -0.9638 -0.0110 0.2664
vn -0.0550 0.0551 0.9970
vn 0.0112 -0.0926 0.9956
vn -0.4712 -0.0353 0.8813
vn -0.9670 -0.0163 0.2544
vn -0.4599 0.0101 0.8879
vn -0.4038 -0.0633 0.9126
vn -0.9455 -0.0072 0.3255
vn -0.9534 0.0409 0.2988
vn 0.1999 -0.9761 -0.0852
vn 0.1980 -0.9801 0.0122
vn 0.2195 -0.9732 -0.0693
vn 0.1896 -0.9807 0.0488
vn 0.2509 -0.9678 0.0217
vn 0.2251 -0.9739 0.0300
vn 0.2949 -0.9555 -0.0040
vn 0.2730 -0.9619 -0.0157
vn 0.2932 -0.9554 -0.0340
vn 0.2534 -0.9673 -0.0039
vn 0.2172 -0.9760 0.0120
vn 0.2265 -0.9734 0.0356
vn 0.2010 -0.9784 0.0487
vn 0.2125 -0.9718 0.1026
vn 0.2163 -0.9699 0.1119
vn 0.2624 -0.9553 0.1359
vn 0.3090 -0.9373 0.1612
vn 0.2460 -0.8037 0.5419
vn 0.2817 -0.7824 0.5553
vn 0.2112 -0.8223 0.5284
vn 0.1326 -0.3811 0.9150
vn 0.2919 -0.7748 0.5608
vn 0.4229 -0.8955 -0.1389
vn 0.3046 -0.9481 0.0911
vn 0.3072 -0.9514 0.0226
vn 0.3914 -0.9199 -0.0248
vn 0.3088 -0.9309 0.1952
vn 0.3682 -0.9278 -0.0603
vn 0.4178 -0.9072 -0.0498
vn 0.4092 -0.9037 -0.1258
vn 0.3826 -0.9238 -0.0164
vn 0.3884 -0.9161 0.0995
vn 0.4071 -0.9103 -0.0748
vn 0.4174 -0.9037 -0.0954
vn 0.4230 -0.9002 -0.1032
vn 0.3838 -0.9231 0.0250
vn 0.3444 -0.9356 0.0778
vn 0.4083 -0.9128 0.0069
vn 0.3114 -0.9472 0.0768
vn 0.4166 -0.9079 0.0460
vn 0.3744 -0.9260 0.0489
vn 0.3137 -0.9306 0.1884
vn 0.3741 -0.9148 0.1521
vn 0.4286 -0.9025 0.0422
vn 0.4252 -0.9049 0.0173
vn 0.3415 -0.9263 0.1589
vn 0.2865 -0.8082 0.5145
vn 0.2985 -0.7992 0.5217
vn 0.2630 -0.8123 0.5205
vn 0.2570 -0.8080 0.5302
vn 0.1589 -0.4618 0.8726
vn 0.1420 -0.4598 0.8766
vn 0.1550 -0.4663 0.8710
vn 0.0318 -0.1167 0.9927
vn 0.0640 -0.1196 0.9908
vn 0.0029 -0.1315 0.9913
vn 0.1320 -0.4647 0.8756
vn 0.2710 -0.8058 0.5265
vn 0.3326 -0.9325 0.1408
vn 0.2836 -0.8096 0.5139
vn 0.3208 -0.9345 0.1546
vn 0.3214 -0.9318 0.1686
vn 0.2767 -0.8163 0.5070
vn 0.2675 -0.8202 0.5057
vn 0.1461 -0.4685 0.8713
vn 0.1517 -0.4692 0.8699
vn 0.1504 -0.4707 0.8694
vn 0.2697 -0.4171 0.8679
vn 0.0114 -0.1486 0.9888
vn 0.0419 -0.1493 0.9879
vn 0.5665 -0.2606 0.7818
vn 0.8781 -0.1495 0.4545
vn 0.1698 -0.0784 0.9823
vn 0.5030 0.0627 0.8620
vn 0.8460 0.1920 0.4975
vn 0.4764 0.1719 0.8623
vn 0.8147 0.2851 0.5050
vn 0.0520 -0.1363 0.9893
vn 0.1170 0.0518 0.9918
vn -0.0026 0.0290 0.9996
vn 0.4599 0.1746 0.8706
vn 0.8087 0.2979 0.5072
vn 0.0561 0.0681 0.9961
vn 0.4406 0.1646 0.8825
vn 0.8181 0.3024 0.4891
vn -0.0033 0.0263 0.9996
vn -0.0545 0.0744 0.9957
vn 0.0290 0.0285 0.9992
vn 0.4259 0.1483 0.8925
vn 0.8236 0.2794 0.4935
vn -0.0410 -0.0080 0.9991
vn 0.4177 0.1614 0.8941
vn 0.8089 0.2661 0.5242
vn -0.0038 0.1038 0.9946
vn -0.0524 -0.0159 0.9985
vn -0.0186 0.0645 0.9977
vn -0.0559 0.0019 0.9984
vn 0.0382 0.0311 0.9988
vn -0.0196 0.0108 0.9997
vn -0.0400 0.0098 0.9992
vn 0.0591 0.0145 0.9981
vn 0.0268 -0.0713 0.9971
vn 0.0945 -0.0970 0.9908
vn 0.0620 0.0040 0.9981
vn 0.0878 0.0329 0.9956
vn 0.1031 -0.0004 0.9947
vn 0.4457 0.1492 0.8826
vn 0.4179 0.2538 0.8723
vn 0.7702 0.3856 0.5080
vn 0.0928 -0.0840 0.9921
vn 0.0327 -0.0353 0.9988
vn -0.0073 -0.0119 0.9999
vn 0.0603 -0.0684 0.9958
vn 0.0368 -0.0620 0.9974
vn 0.0464 0.0299 0.9985
vn 0.0695 0.0068 0.9976
vn 0.0544 -0.1490 0.9873
vn 0.0446 -0.0031 0.9990
vn 0.1441 -0.4575 0.8774
vn 0.0146 -0.1699 0.9854
vn 0.1342 -0.4395 0.8882
vn -0.0279 -0.0534 0.9982
vn 0.0392 0.0163 0.9991
vn -0.0288 -0.0059 0.9996
vn -0.0183 -0.1542 0.9879
vn -0.0581 0.0099 0.9983
vn 0.3010 -0.7888 0.5359
vn -0.0380 -0.1185 0.9922
vn 0.3970 -0.9004 0.1783
vn 0.1205 -0.4233 0.8979
vn 0.2967 -0.7753 0.5576
vn 0.4299 -0.9012 0.0546
vn 0.3851 -0.8959 0.2217
vn 0.3818 -0.9242 0.0007
vn 0.3728 -0.9250 0.0737
vn 0.3394 -0.9056 0.2546
vn 0.2893 -0.9533 0.0867
vn 0.2831 -0.7639 0.5799
vn 0.2857 -0.9240 0.2541
vn 0.1223 -0.4088 0.9044
vn 0.2718 -0.7611 0.5889
vn 0.1469 -0.4020 0.9038
vn -0.0178 -0.0810 0.9966
vn 0.0383 -0.0605 0.9974
vn 0.1778 -0.4115 0.8939
vn 0.1069 -0.0692 0.9919
vn 0.2645 -0.7731 0.5765
vn 0.1613 -0.1137 0.9803
vn 0.1958 -0.4403 0.8763
vn 0.2584 -0.7961 0.5473
vn 0.2613 -0.9370 0.2318
vn 0.2501 -0.9645 0.0853
vn 0.3179 -0.9479 0.0182
vn 0.2717 -0.9604 0.0611
vn 0.3869 -0.9221 0.0122
vn 0.2644 -0.9601 0.0912
vn 0.2503 -0.9436 0.2168
vn 0.3585 -0.9328 0.0367
vn 0.3994 -0.9167 0.0124
vn 0.3804 -0.9246 0.0194
vn 0.4113 -0.9115 0.0033
vn 0.4161 -0.9062 -0.0758
vn 0.3957 -0.9147 -0.0820
vn 0.4053 -0.9055 -0.1257
vn 0.3791 -0.9254 0.0029
vn 0.3839 -0.9192 -0.0881
vn 0.3807 -0.9141 -0.1395
vn 0.3772 -0.9250 -0.0458
vn 0.3769 -0.9142 -0.1488
vn 0.3630 -0.9300 0.0580
vn 0.3637 -0.9233 0.1230
vn 0.2640 -0.9550 0.1352
vn 0.2190 -0.9661 0.1365
vn 0.2116 -0.9684 0.1320
vn 0.2550 -0.9618 0.0996
vn 0.2109 -0.9730 0.0941
vn 0.2822 -0.9586 0.0386
vn 0.3704 -0.9284 0.0308
vn 0.3851 -0.9225 0.0268
vn 0.4896 -0.8715 -0.0293
vn 0.5232 -0.8513 0.0391
vn 0.4899 -0.8714 0.0261
vn 0.1759 0.1420 -0.9741
vn 0.0882 -0.2790 -0.9562
vn 0.1489 -0.3026 -0.9414
vn 0.1670 0.2048 -0.9644
vn 0.0874 -0.1547 -0.9841
vn 0.0330 -0.2563 -0.9660
vn 0.1031 -0.2351 -0.9665
vn 0.1722 -0.2770 -0.9453
vn 0.0679 -0.2352 -0.9696
vn 0.1839 -0.2150 -0.9591
vn 0.1294 -0.3358 -0.9330
vn 0.0043 -0.1698 -0.9855
vn 0.1630 -0.2041 -0.9653
vn 0.1865 -0.3447 -0.9200
vn 0.2677 -0.7659 -0.5845
vn 0.0899 -0.3624 -0.9277
vn 0.2616 -0.7703 -0.5816
vn 0.2125 -0.3987 -0.8921
vn 0.2697 -0.7950 -0.5433
vn 0.2814 -0.7764 -0.5639
vn 0.1961 -0.4526 -0.8699
vn 0.0893 -0.1857 -0.9785
vn 0.1817 -0.4703 -0.8636
vn 0.0661 -0.1658 -0.9839
vn 0.0394 -0.1203 -0.9920
vn 0.0177 -0.0675 -0.9976
vn -0.0435 -0.0202 -0.9988
vn 0.1803 -0.4703 -0.8639
vn 0.2879 -0.8122 -0.5074
vn 0.0645 -0.1563 -0.9856
vn 0.0355 -0.1139 -0.9929
vn 0.0381 -0.0778 -0.9962
vn 0.0009 0.0417 -0.9991
vn -0.0657 -0.0013 -0.9978
vn 0.0237 -0.0899 -0.9957
vn 0.0727 -0.1508 -0.9859
vn 0.1753 -0.4763 -0.8617
vn 0.2801 -0.8194 -0.5002
vn 0.1733 -0.4800 -0.8600
vn 0.2885 -0.8178 -0.4980
vn 0.0650 -0.1584 -0.9852
vn 0.0466 -0.0666 -0.9967
vn 0.1781 -0.4761 -0.8611
vn 0.2983 -0.8170 -0.4935
vn 0.0458 -0.1570 -0.9865
vn 0.0413 -0.0981 -0.9943
vn 0.1786 -0.4726 -0.8630
vn 0.2984 -0.8206 -0.4874
vn 0.0415 -0.1375 -0.9896
vn 0.0011 -0.1202 -0.9928
vn 0.1897 -0.4735 -0.8601
vn 0.2978 -0.8247 -0.4808
vn 0.0767 -0.1196 -0.9899
vn 0.0359 -0.0727 -0.9967
vn 0.1933 -0.4830 -0.8540
vn 0.3040 -0.8263 -0.4741
vn 0.0677 -0.1260 -0.9897
vn 0.0306 -0.0478 -0.9984
vn 0.1848 -0.4872 -0.8535
vn 0.3101 -0.8258 -0.4710
vn 0.0341 -0.1259 -0.9914
vn -0.0164 -0.0517 -0.9985
vn 0.1803 -0.4828 -0.8570
vn 0.3091 -0.8256 -0.4721
vn 0.0363 -0.1110 -0.9932
vn -0.0063 -0.0344 -0.9994
vn 0.1740 -0.4805 -0.8596
vn 0.3055 -0.8251 -0.4753
vn 0.0357 -0.1073 -0.9936
vn 0.0088 -0.0244 -0.9997
vn 0.1744 -0.4744 -0.8628
vn 0.3129 -0.8186 -0.4817
vn 0.0389 -0.1087 -0.9933
vn 0.0247 -0.0299 -0.9992
vn 0.1775 -0.4673 -0.8661
vn 0.3130 -0.8139 -0.4895
vn 0.0460 -0.1116 -0.9927
vn 0.0323 -0.0415 -0.9986
vn 0.1720 -0.4686 -0.8665
vn 0.3010 -0.8170 -0.4919
vn 0.0518 -0.1190 -0.9916
vn 0.0252 -0.0446 -0.9987
vn 0.1673 -0.4746 -0.8642
vn 0.2964 -0.8170 -0.4946
vn 0.0523 -0.1311 -0.9900
vn 0.0101 -0.0339 -0.9994
vn 0.1676 -0.4788 -0.8618
vn 0.2952 -0.8152 -0.4982
vn 0.0468 -0.1410 -0.9889
vn -0.0087 -0.0197 -0.9998
vn 0.1700 -0.4804 -0.8604
vn 0.2942 -0.8147 -0.4996
vn 0.0443 -0.1425 -0.9888
vn -0.0134 -0.0073 -0.9999
vn 0.1709 -0.4814 -0.8597
vn 0.2925 -0.8163 -0.4981
vn 0.0483 -0.1415 -0.9888
vn 0.0003 0.0002 -1.0000
vn 0.1677 -0.4837 -0.8590
vn 0.2899 -0.8178 -0.4971
vn 0.0542 -0.1461 -0.9878
vn 0.0037 0.0027 -1.0000
vn 0.1677 -0.4870 -0.8571
vn 0.2844 -0.8182 -0.4997
vn 0.0730 -0.1581 -0.9847
vn 0.0417 0.0095 -0.9991
vn 0.1722 -0.4927 -0.8530
vn 0.2827 -0.8179 -0.5012
vn 0.0792 -0.1786 -0.9807
vn 0.0495 -0.0094 -0.9987
vn 0.1552 -0.5076 -0.8475
vn 0.2518 -0.8315 -0.4952
vn 0.2192 -0.8411 -0.4945
vn 0.0683 -0.2003 -0.9774
vn 0.1328 -0.5122 -0.8486
vn 0.2239 -0.8411 -0.4924
vn 0.0387 -0.0391 -0.9985
vn 0.1380 -0.5134 -0.8470
vn 0.0573 -0.2091 -0.9762
vn 0.0472 -0.0660 -0.9967
vn 0.1468 -0.5127 -0.8459
vn 0.2361 -0.8460 -0.4781
vn 0.0640 -0.2153 -0.9744
vn 0.0709 -0.2223 -0.9724
vn 0.1498 -0.5108 -0.8466
vn 0.2335 -0.8519 -0.4688
vn 0.0513 -0.2187 -0.9744
vn 0.1535 -0.5142 -0.8438
vn 0.1910 -0.8712 -0.4522
vn 0.0485 -0.1899 -0.9806
vn 0.1381 -0.5353 -0.8333
vn 0.1533 -0.8883 -0.4329
vn 0.0557 -0.1689 -0.9841
vn 0.1125 -0.5488 -0.8283
vn 0.1724 -0.8896 -0.4230
vn -0.0236 -0.0765 -0.9968
vn -0.0174 -0.1438 -0.9895
vn 0.0214 -0.1554 -0.9876
vn -0.0293 -0.1365 -0.9902
vn 0.0667 -0.1270 -0.9897
vn 0.0454 -0.0638 -0.9969
vn 0.0587 -0.0994 -0.9933
vn 0.0749 0.0021 -0.9972
vn 0.0739 0.1558 -0.9850
vn 0.0641 0.0387 -0.9972
vn 0.0498 0.0645 -0.9967
vn 0.0509 0.1611 -0.9856
vn 0.0205 0.1320 -0.9910
vn 0.0165 0.0594 -0.9981
vn 0.0424 0.1558 -0.9869
vn -0.0142 0.1211 -0.9925
vn 0.0370 0.0581 -0.9976
vn -0.0286 0.0702 -0.9971
vn 0.0387 0.0560 -0.9977
vn 0.0075 0.0277 -0.9996
vn -0.0850 0.0736 -0.9937
vn 0.3248 -0.9234 -0.2045
vn 0.3322 -0.9336 -0.1342
vn 0.3001 -0.9281 -0.2203
vn 0.3026 -0.9377 -0.1708
vn 0.2821 -0.9486 -0.1437
vn 0.3046 -0.9399 -0.1542
vn 0.3166 -0.9484 0.0144
vn 0.2906 -0.9560 0.0392
vn 0.2753 -0.9339 -0.2283
vn 0.3048 -0.9312 -0.2000
vn 0.2972 -0.9404 -0.1652
vn 0.2768 -0.9606 0.0240
vn 0.2965 -0.9279 -0.2262
vn 0.3183 -0.9244 -0.2102
vn 0.2964 -0.9434 -0.1489
vn 0.2969 -0.9549 0.0004
vn 0.3303 -0.9199 -0.2113
vn 0.3343 -0.9208 -0.2008
vn 0.3301 -0.9373 -0.1117
vn 0.3401 -0.9403 0.0142
vn 0.3551 -0.9150 -0.1918
vn 0.3562 -0.9308 -0.0820
vn 0.3655 -0.9297 0.0445
vn 0.3611 -0.9153 -0.1786
vn 0.3662 -0.9274 -0.0765
vn 0.3610 -0.9311 0.0527
vn 0.3520 -0.9200 -0.1725
vn 0.3637 -0.9277 -0.0844
vn 0.3547 -0.9340 0.0425
vn 0.3610 -0.9184 -0.1621
vn 0.3573 -0.9297 -0.0893
vn 0.3740 -0.9232 -0.0885
vn 0.3569 -0.9335 0.0343
vn 0.3575 -0.9333 0.0332
vn 0.3692 -0.9289 0.0280
vn 0.3290 -0.9407 0.0832
vn 0.3296 -0.9345 0.1346
vn 0.2560 -0.9528 -0.1634
vn 0.2518 -0.8315 -0.4951
vn 0.2722 -0.9615 -0.0384
vn 0.2644 -0.9644 -0.0041
vn 0.2907 -0.9445 -0.1529
vn 0.2827 -0.8179 -0.5011
vn 0.2865 -0.9581 -0.0056
vn 0.3242 -0.9341 -0.1491
vn 0.3114 -0.9499 0.0268
vn 0.3336 -0.9312 -0.1467
vn 0.2899 -0.8179 -0.4970
vn 0.3270 -0.9443 0.0375
vn 0.3386 -0.9305 -0.1398
vn 0.2925 -0.8163 -0.4980
vn 0.3345 -0.9419 0.0302
vn 0.3353 -0.9323 -0.1353
vn 0.2943 -0.8148 -0.4995
vn 0.3428 -0.9392 0.0201
vn 0.3399 -0.9403 0.0161
vn 0.3385 -0.9311 -0.1357
vn 0.2952 -0.8153 -0.4982
vn 0.3424 -0.9394 0.0170
vn 0.3493 -0.9278 -0.1308
vn 0.2964 -0.8171 -0.4945
vn 0.3540 -0.9351 0.0131
vn 0.3567 -0.9270 -0.1160
vn 0.3010 -0.8170 -0.4918
vn 0.3661 -0.9306 0.0045
vn 0.3566 -0.9292 -0.0973
vn 0.3714 -0.9285 0.0027
vn 0.3383 -0.9386 -0.0684
vn 0.3300 -0.9435 -0.0312
vn 0.3623 -0.9282 -0.0843
vn 0.3129 -0.8187 -0.4815
vn 0.3612 -0.9325 -0.0005
vn 0.3569 -0.9285 -0.1023
vn 0.3571 -0.9304 -0.0823
vn 0.3417 -0.9396 -0.0191
vn 0.3430 -0.9353 -0.0871
vn 0.3091 -0.8256 -0.4720
vn 0.3310 -0.9428 -0.0409
vn 0.3415 -0.9350 -0.0958
vn 0.3101 -0.8259 -0.4709
vn 0.3301 -0.9423 -0.0552
vn 0.3403 -0.9344 -0.1057
vn 0.3326 -0.9409 -0.0639
vn 0.3329 -0.9362 -0.1131
vn 0.2979 -0.8247 -0.4807
vn 0.3281 -0.9374 -0.1166
vn 0.2984 -0.8207 -0.4873
vn 0.3330 -0.9407 -0.0650
vn 0.3409 -0.9257 0.1640
vn 0.2912 -0.9516 0.0982
vn 0.3395 -0.9246 0.1728
vn 0.3239 -0.9380 0.1233
vn 0.2929 -0.9486 0.1195
vn 0.3440 -0.9216 0.1798
vn 0.3322 -0.9327 0.1407
vn 0.3159 -0.9377 0.1449
vn 0.2681 -0.9392 0.2147
vn 0.2531 -0.8251 0.5051
vn 0.3323 -0.9304 0.1544
vn 0.3665 -0.9110 0.1891
vn 0.2054 -0.4768 0.8547
vn 0.3684 -0.9118 0.1811
vn 0.3576 -0.9188 0.1669
vn 0.3205 -0.9343 0.1558
vn 0.3858 -0.9070 0.1690
vn 0.3235 -0.9360 0.1391
vn 0.3446 -0.9240 0.1659
vn 0.3859 -0.9120 0.1390
vn 0.2812 -0.9559 0.0853
vn 0.3870 -0.9055 0.1743
vn 0.3475 -0.9346 0.0762
vn 0.2855 -0.9558 0.0699
vn 0.4244 -0.8902 0.1653
vn 0.2861 -0.9577 0.0317
vn 0.3331 -0.9391 0.0843
vn 0.2854 -0.9581 -0.0228
vn 0.4047 -0.9041 0.1372
vn 0.3089 -0.9503 0.0398
vn 0.3429 -0.9378 0.0545
vn 0.2543 -0.9661 -0.0445
vn 0.3216 -0.9420 0.0963
vn 0.3898 -0.9196 0.0487
vn 0.3059 -0.9518 -0.0213
vn 0.3146 -0.9479 0.0503
vn 0.3725 -0.9278 0.0206
vn 0.2730 -0.9600 -0.0623
vn 0.2809 -0.9588 -0.0426
vn 0.2995 -0.9539 -0.0209
vn 0.2960 -0.9548 -0.0275
vn 0.2809 -0.9581 -0.0559
vn 0.3013 -0.9532 -0.0243
vn 0.2710 -0.9604 -0.0645
vn 0.3083 -0.9510 -0.0250
vn 0.3073 -0.9509 -0.0365
vn 0.2668 -0.9619 -0.0598
vn 0.2365 -0.9674 -0.0901
vn 0.2902 -0.9569 -0.0131
vn 0.2044 -0.9737 -0.1007
vn 0.2264 -0.9724 -0.0559
vn 0.2173 -0.9720 -0.0889
vn 0.2465 -0.9679 -0.0497
vn 0.2910 -0.9564 -0.0253
vn 0.2969 -0.9549 0.0010
vn 0.1853 -0.9696 0.1599
vn 0.2528 -0.9634 0.0895
vn 0.2761 -0.9611 0.0019
vn 0.3150 -0.9491 0.0056
vn 0.2825 -0.9589 -0.0255
vn 0.3197 -0.9458 0.0569
vn 0.2760 -0.9603 0.0407
vn 0.3056 -0.9499 0.0662
vn 0.2838 -0.9587 0.0177
vn 0.3200 -0.9439 0.0820
vn 0.3035 -0.9520 0.0396
vn 0.2961 -0.9539 0.0486
vn 0.3167 -0.9460 0.0693
vn 0.2655 -0.9640 -0.0145
vn 0.3100 -0.9483 0.0678
vn 0.2667 -0.9617 -0.0640
vn 0.3071 -0.9509 0.0387
vn 0.3059 -0.9520 0.0017
vn 0.2806 -0.9561 -0.0841
vn 0.3253 -0.9452 -0.0290
vn 0.3087 -0.9471 -0.0877
vn 0.3486 -0.9367 -0.0320
vn 0.3385 -0.9351 -0.1051
vn 0.3483 -0.9372 -0.0190
vn 0.3375 -0.9320 -0.1321
vn 0.2849 -0.9565 -0.0627
vn 0.2936 -0.9432 -0.1556
vn 0.2951 -0.9475 -0.1234
vn 0.2953 -0.9381 -0.1809
vn 0.2843 -0.9474 -0.1472
vn 0.0137 -0.1333 -0.9910
vn 0.0476 -0.1155 -0.9922
vn -0.0111 -0.1198 -0.9927
vn 0.0339 -0.0888 -0.9955
vn -0.1016 -0.0601 -0.9930
vn -0.0204 -0.0316 -0.9993
vn -0.0974 -0.0203 -0.9950
vn -0.1161 -0.0616 -0.9913
vn 0.0191 -0.1325 -0.9910
vn 0.0459 -0.0484 -0.9978
vn 0.0612 0.0516 -0.9968
vn 0.0250 0.0965 -0.9950
vn 0.0004 -0.1358 -0.9907
vn 0.0070 -0.0151 -0.9999
vn 0.0570 0.1255 -0.9905
vn 0.0994 0.1950 -0.9758
vn 0.0803 -0.0917 -0.9925
vn -0.0198 0.0237 -0.9995
vn -0.0077 0.1438 -0.9896
vn 0.0740 0.2154 -0.9737
vn 0.0631 -0.0919 -0.9938
vn 0.0101 0.0219 -0.9997
vn 0.1062 0.1536 -0.9824
vn -0.0468 0.1200 -0.9917
vn 0.0051 -0.1097 -0.9940
vn 0.0279 -0.0019 -0.9996
vn 0.0082 0.0243 -0.9997
vn -0.0643 0.0970 -0.9932
vn -0.0122 0.1112 -0.9937
vn -0.0028 0.0913 -0.9958
vn -0.0936 0.1029 -0.9903
vn -0.0565 0.1009 -0.9933
vn -0.0252 0.1140 -0.9932
vn -0.0824 0.0357 -0.9960
vn -0.0332 0.1053 0.9939
vn -0.0039 -0.0585 0.9983
vn -0.0649 -0.0225 0.9976
vn -0.0473 0.1591 0.9861
vn -0.0365 0.1259 0.9914
vn -0.0265 0.1280 0.9914
vn 0.0951 -0.0179 0.9953
vn -0.0608 0.1644 0.9845
vn -0.2115 0.4755 0.8539
vn -0.2128 0.4818 0.8500
vn -0.1856 0.4886 0.8525
vn -0.3370 0.7898 0.5126
vn -0.3469 0.7983 0.4924
vn -0.3198 0.7944 0.5164
vn -0.1718 0.4966 0.8508
vn -0.2982 0.8029 0.5162
vn -0.3706 0.9147 0.1611
vn -0.3862 0.9117 0.1403
vn -0.3589 0.9140 0.1892
vn -0.4015 0.9059 0.1348
vn -0.3651 0.8090 0.4606
vn -0.3907 0.9095 0.1419
vn -0.3774 0.9144 0.1464
vn -0.3955 0.9082 0.1370
vn -0.4145 0.8992 0.1403
vn -0.4054 0.9047 0.1313
vn -0.3869 0.8205 0.4209
vn -0.2180 0.5246 0.8230
vn -0.3925 0.9086 0.1430
vn -0.2273 0.5410 0.8097
vn -0.0440 0.1056 0.9934
vn -0.4328 0.8881 0.1551
vn -0.3878 0.8396 0.3803
vn -0.0300 0.1082 0.9937
vn -0.0392 -0.0226 0.9990
vn -0.2366 0.5557 0.7970
vn 0.0138 -0.0481 0.9987
vn -0.1264 0.0916 0.9877
vn -0.0948 0.0702 0.9930
vn -0.0331 0.1311 0.9908
vn 0.0572 -0.0584 0.9967
vn -0.0280 0.0342 0.9990
vn 0.0767 -0.0494 0.9958
vn 0.0408 0.0046 0.9992
vn -0.0488 0.1679 0.9846
vn -0.2408 0.5682 0.7869
vn -0.3667 0.8584 0.3587
vn 0.0723 -0.0190 0.9972
vn 0.0885 -0.0098 0.9960
vn -0.0740 0.2068 0.9756
vn -0.2444 0.5757 0.7803
vn -0.3474 0.8661 0.3594
vn 0.0517 0.0326 0.9981
vn 0.1181 -0.0034 0.9930
vn -0.0983 0.2430 0.9650
vn -0.2456 0.5780 0.7782
vn -0.3327 0.8661 0.3731
vn 0.0003 0.0845 0.9964
vn 0.0995 0.0200 0.9948
vn -0.1207 0.2646 0.9568
vn -0.2358 0.5791 0.7805
vn -0.3238 0.8615 0.3912
vn -0.0656 0.1194 0.9907
vn 0.0312 0.0536 0.9981
vn -0.1394 0.2614 0.9551
vn -0.2208 0.5702 0.7912
vn -0.3110 0.8594 0.4059
vn -0.0817 0.1439 0.9862
vn -0.0276 0.0822 0.9962
vn -0.1243 0.2556 0.9588
vn -0.2086 0.5551 0.8052
vn 0.0256 -0.1500 0.9884
vn 0.0225 -0.1774 0.9839
vn 0.0379 -0.3137 0.9488
vn 0.0175 -0.3084 0.9511
vn 0.0291 -0.2166 0.9758
vn 0.0501 -0.5902 0.8057
vn 0.0223 -0.2959 0.9550
vn 0.0492 -0.2426 0.9689
vn 0.0276 -0.1264 0.9916
vn -0.0462 0.0981 0.9941
vn 0.0699 -0.8920 0.4466
vn 0.0691 -0.5846 0.8084
vn 0.1169 -0.8879 0.4449
vn 0.0908 -0.5693 0.8171
vn 0.1486 -0.8855 0.4403
vn 0.0587 -0.2976 0.9529
vn 0.0918 -0.5670 0.8186
vn 0.1560 -0.8867 0.4352
vn 0.0951 -0.5636 0.8206
vn 0.1139 -0.5462 0.8299
vn 0.0830 -0.1678 0.9823
vn 0.0782 -0.2196 0.9724
vn 0.0568 -0.2710 0.9609
vn 0.0565 -0.1212 0.9910
vn 0.0943 -0.0505 0.9943
vn 0.0871 0.0679 0.9939
vn 0.0835 -0.1096 0.9905
vn 0.1068 -0.0381 0.9936
vn 0.0983 0.1252 0.9873
vn 0.0989 0.0265 0.9947
vn 0.1232 0.0994 0.9874
vn 0.0972 0.0933 0.9909
vn 0.1263 0.1117 0.9857
vn 0.1183 0.1749 0.9775
vn 0.1073 0.1951 0.9749
vn 0.1269 0.1756 0.9762
vn 0.1034 0.1384 0.9850
vn 0.0433 0.1906 0.9807
vn 0.0391 0.0608 0.9974
vn -0.0024 -0.0031 1.0000
vn -0.0118 -0.0291 0.9995
vn -0.0129 -0.0382 0.9992
vn -0.0012 -0.0473 0.9989
vn 0.0125 -0.0452 0.9989
vn 0.0902 -0.0035 0.9959
vn 0.0744 -0.1464 0.9864
vn 0.0756 -0.0614 0.9952
vn 0.0091 -0.0069 0.9999
vn 0.1423 -0.1850 0.9724
vn 0.1209 -0.1005 0.9876
vn 0.1468 0.0313 0.9887
vn 0.1477 -0.0993 0.9840
vn 0.1648 -0.1812 0.9695
vn 0.1290 -0.1062 0.9859
vn 0.0247 0.0414 0.9988
vn 0.0247 0.1383 0.9901
vn 0.0672 -0.1100 0.9917
vn 0.1673 -0.1010 0.9807
vn 0.2259 0.0720 0.9715
vn 0.0710 0.1890 0.9794
vn -0.0774 0.2006 0.9766
vn 0.1754 0.1575 0.9718
vn 0.1792 0.0532 0.9824
vn 0.0760 0.0228 0.9968
vn 0.1570 0.0104 0.9875
vn 0.3326 -0.8448 0.4191
vn 0.1924 -0.5490 0.8134
vn 0.1874 -0.5376 0.8221
vn 0.3743 -0.9016 0.2168
vn 0.3074 -0.8568 0.4141
vn 0.3317 -0.9202 0.2077
vn 0.0446 -0.2485 0.9676
vn 0.0617 -0.2434 0.9679
vn 0.3150 -0.9263 0.2068
vn 0.2967 -0.8566 0.4222
vn 0.1913 -0.5471 0.8149
vn 0.0750 -0.2388 0.9682
vn 0.3067 -0.9279 0.2122
vn 0.2911 -0.8531 0.4330
vn 0.2676 -0.8468 0.4597
vn 0.2036 -0.5110 0.8351
vn 0.1945 -0.5354 0.8219
vn 0.0832 -0.2338 0.9687
vn 0.0940 -0.2273 0.9693
vn 0.1219 -0.2145 0.9691
vn 0.1612 -0.1756 0.9712
vn 0.0738 -0.1025 0.9920
vn 0.0454 -0.1023 0.9937
vn 0.0396 -0.1030 0.9939
vn 0.0406 -0.1129 0.9928
vn 0.1529 -0.0882 0.9843
vn 0.0322 -0.1318 0.9908
vn 0.2087 -0.0642 0.9759
vn 0.0055 -0.1471 0.9891
vn 0.1661 -0.0422 0.9852
vn -0.0132 -0.1442 0.9895
vn 0.0418 -0.2431 0.9691
vn 0.0685 -0.0256 0.9973
vn -0.0243 -0.1260 0.9917
vn 0.0491 -0.2215 0.9739
vn -0.0348 -0.0270 0.9990
vn -0.0583 -0.0986 0.9934
vn 0.0380 -0.1902 0.9810
vn -0.0559 -0.0596 0.9967
vn -0.0773 -0.0790 0.9939
vn -0.0269 -0.0606 0.9978
vn -0.0902 -0.0859 0.9922
vn -0.0207 -0.0880 0.9959
vn -0.0808 -0.1079 0.9909
vn -0.0790 -0.1192 0.9897
vn -0.0580 -0.0669 0.9961
vn -0.0633 -0.1105 0.9919
vn -0.0916 -0.0937 0.9914
vn -0.2746 -0.1156 0.9546
vn -0.0380 -0.0977 0.9945
vn -0.2670 -0.0926 0.9592
vn -0.2251 -0.1139 0.9676
vn -0.1556 -0.0183 0.9876
vn -0.1233 0.0010 0.9924
vn -0.0758 -0.1057 0.9915
vn -0.1014 0.0131 0.9948
vn -0.1026 0.0931 0.9904
vn -0.0816 0.1499 0.9853
vn -0.0835 0.0743 0.9937
vn -0.1285 0.1282 0.9834
vn -0.1883 0.5160 0.8357
vn -0.1755 0.5224 0.8345
vn -0.0909 0.1784 0.9797
vn -0.1817 0.4969 0.8486
vn -0.3562 0.8274 0.4341
vn -0.2789 0.8673 0.4123
vn -0.3318 0.8112 0.4816
vn -0.1914 0.4805 0.8558
vn -0.1005 0.2009 0.9744
vn -0.2921 0.8226 0.4878
vn -0.1727 0.4829 0.8585
vn -0.1083 0.1610 0.9810
vn -0.1071 0.2280 0.9677
vn -0.0883 0.0220 0.9958
vn -0.0483 -0.0738 0.9961
vn -0.0675 0.0491 0.9965
vn -0.1091 0.1603 0.9810
vn -0.0351 -0.0854 0.9957
vn -0.0298 -0.0496 0.9983
vn -0.0504 0.0718 0.9961
vn -0.0562 -0.0634 0.9964
vn -0.0399 -0.0668 0.9970
vn -0.0292 -0.0575 0.9979
vn -0.0204 -0.0288 0.9994
vn -0.0129 -0.0233 0.9996
vn 0.0204 -0.0318 0.9993
vn 0.0293 -0.0071 0.9995
vn 0.0396 0.0376 0.9985
vn 0.0161 -0.0004 0.9999
vn -0.0416 0.0893 0.9951
vn 0.0103 0.0047 0.9999
vn 0.0411 0.0817 0.9958
vn 0.0781 0.0286 0.9965
vn -0.0007 0.0059 1.0000
vn 0.0031 0.1069 0.9943
vn 0.0996 0.0531 0.9936
vn 0.0109 -0.0035 0.9999
vn -0.0357 0.1171 0.9925
vn 0.0661 0.0795 0.9946
vn 0.0723 -0.0324 0.9969
vn -0.0574 0.1097 0.9923
vn 0.0062 0.1049 0.9945
vn 0.1687 -0.0819 0.9822
vn -0.0580 0.0758 0.9954
vn -0.0516 0.1232 0.9910
vn 0.2141 -0.1232 0.9690
vn -0.0006 0.0164 0.9999
vn -0.1088 0.1237 0.9863
vn 0.1692 -0.1317 0.9767
vn 0.0992 -0.0549 0.9936
vn -0.1259 0.1079 0.9862
vn -0.0750 0.0736 0.9945
vn 0.1574 -0.1111 0.9813
vn 0.0688 -0.1025 0.9924
vn -0.0202 0.0321 -0.9993
vn 0.0482 0.0074 -0.9988
vn -0.0690 0.0395 -0.9968
vn -0.0799 0.0565 -0.9952
vn -0.0104 0.0612 -0.9981
vn -0.1090 0.0638 -0.9920
vn 0.0006 0.0072 -1.0000
vn -0.0382 -0.0110 -0.9992
vn -0.0737 0.0683 -0.9949
vn -0.0052 -0.0120 -0.9999
vn 0.0088 -0.0121 -0.9999
vn -0.0162 0.0182 -0.9997
vn -0.0268 -0.0237 -0.9994
vn -0.0302 -0.0015 -0.9995
vn -0.0396 -0.0251 -0.9989
vn -0.0322 -0.0417 -0.9986
vn -0.0371 -0.0180 -0.9992
vn -0.0212 0.0695 -0.9974
vn -0.0131 -0.0380 -0.9992
vn -0.0431 -0.0451 -0.9981
vn -0.0561 -0.0275 -0.9980
vn -0.0567 0.0551 -0.9969
vn 0.0097 -0.0437 -0.9990
vn -0.0183 -0.0232 -0.9996
vn -0.0262 -0.0097 -0.9996
vn -0.0937 0.0434 -0.9947
vn 0.0251 -0.0609 -0.9978
vn -0.0061 -0.0076 -1.0000
vn -0.0131 0.0169 -0.9998
vn -0.0362 0.0556 -0.9978
vn 0.0388 -0.0854 -0.9956
vn -0.0203 -0.0119 -0.9997
vn -0.0110 0.0264 -0.9996
vn -0.0213 0.0519 -0.9984
vn 0.0304 -0.1099 -0.9935
vn -0.0273 -0.0418 -0.9988
vn -0.0324 0.0258 -0.9991
vn -0.0339 0.0258 -0.9991
vn 0.0091 -0.1340 -0.9909
vn -0.0271 -0.0939 -0.9952
vn -0.1036 -0.0179 -0.9945
vn -0.0425 -0.0192 -0.9989
vn -0.0752 0.0149 -0.9971
vn -0.0423 0.0246 -0.9988
vn -0.0790 0.0824 -0.9935
vn -0.0717 0.1009 -0.9923
vn -0.1768 0.4631 -0.8685
vn -0.1766 0.4383 -0.8813
vn -0.0444 0.0197 -0.9988
vn -0.0603 0.0742 -0.9954
vn -0.1662 0.4204 -0.8920
vn -0.0217 0.0341 -0.9992
vn -0.0440 0.0744 -0.9963
vn -0.1630 0.4098 -0.8975
vn -0.0567 0.0187 -0.9982
vn -0.0536 0.0657 -0.9964
vn -0.1683 0.4043 -0.8990
vn -0.0602 -0.0051 -0.9982
vn -0.0612 0.0554 -0.9966
vn -0.0599 0.0515 -0.9969
vn -0.0423 0.0628 -0.9971
vn -0.1740 0.3962 -0.9015
vn -0.1470 0.3786 -0.9138
vn -0.2509 0.7678 -0.5896
vn -0.2890 0.7565 -0.5867
vn -0.2849 0.7624 -0.5810
vn -0.2813 0.7706 -0.5719
vn -0.2913 0.9198 -0.2631
vn -0.2684 0.7848 -0.5586
vn -0.3200 0.9191 -0.2298
vn -0.3279 0.9116 -0.2480
vn -0.2536 0.8099 -0.5289
vn -0.2830 0.9138 -0.2914
vn -0.2614 0.8332 -0.4873
vn -0.1773 0.4884 -0.8544
vn -0.2630 0.9111 -0.3173
vn -0.3498 0.9042 -0.2452
vn -0.2999 0.9030 -0.3075
vn -0.3725 0.9069 -0.1972
vn -0.3721 0.9260 -0.0639
vn -0.3363 0.9266 -0.1680
vn -0.3736 0.9250 -0.0690
vn -0.3526 0.9271 -0.1273
vn -0.2593 0.9531 -0.1558
vn -0.2809 0.9588 0.0426
vn -0.3322 0.9257 -0.1810
vn -0.3239 0.8979 -0.2981
vn -0.2808 0.9392 -0.1975
vn -0.3071 0.9044 -0.2963
vn -0.2815 0.9434 -0.1752
vn -0.3063 0.9191 -0.2478
vn -0.2552 0.9660 -0.0423
vn -0.2335 0.9598 -0.1558
vn -0.2864 0.9509 -0.1169
vn -0.2158 0.9763 -0.0158
vn -0.2456 0.9693 -0.0120
vn -0.2543 0.9601 -0.1160
vn -0.2835 0.9434 -0.1722
vn -0.2568 0.9374 -0.2354
vn -0.2298 0.9276 -0.2945
vn -0.2188 0.9282 -0.3011
vn -0.1910 0.7715 -0.6069
vn -0.2066 0.7805 -0.5900
vn -0.1180 0.3687 -0.9220
vn -0.1035 0.3521 -0.9302
vn -0.0783 0.3420 -0.9365
vn -0.0284 0.0782 -0.9965
vn -0.0075 0.0077 -0.9999
vn 0.0194 0.0462 -0.9987
vn -0.0050 0.1072 -0.9942
vn -0.0560 0.3337 -0.9410
vn 0.0459 0.0829 -0.9955
vn 0.0685 0.1179 -0.9907
vn 0.0279 0.1559 -0.9874
vn -0.2936 0.8608 0.4158
vn -0.0606 0.1586 0.9855
vn -0.0995 0.2605 0.9603
vn -0.1945 0.5468 0.8144
vn -0.2900 0.8567 0.4266
vn -0.0734 0.1595 0.9845
vn -0.1115 0.2565 0.9601
vn -0.1355 0.2378 0.9618
vn -0.1896 0.5337 0.8242
vn -0.1881 0.5070 0.8412
vn -0.1725 0.4879 0.8557
vn -0.2863 0.8524 0.4375
vn -0.2551 0.8504 0.4602
vn -0.3015 0.8202 0.4863
vn -0.2868 0.8171 0.5001
vn -0.2478 0.8337 0.4935
vn -0.2852 0.9117 0.2957
vn -0.2559 0.9182 0.3024
vn -0.3057 0.9165 0.2581
vn -0.3752 0.9091 0.1811
vn -0.3406 0.9281 0.1506
vn -0.4293 0.8739 0.2279
vn -0.3045 0.8919 0.3343
vn -0.2771 0.8790 0.3880
vn -0.2617 0.9449 0.1965
vn -0.4558 0.8812 0.1256
vn -0.3177 0.9421 0.1073
vn -0.3347 0.9009 0.2763
vn -0.1628 0.9725 0.1664
vn -0.4427 0.8804 0.1701
vn -0.2583 0.9331 0.2503
vn -0.4958 0.8614 0.1105
vn -0.4295 0.8890 0.1589
vn -0.4568 0.8872 0.0653
vn -0.3589 0.8983 0.2533
vn -0.3898 0.8732 0.2925
vn -0.2927 0.9471 0.1315
vn -0.3179 0.9218 0.2220
vn -0.2321 0.9652 0.1207
vn -0.3218 0.8968 0.3038
vn -0.2394 0.9670 0.0872
vn -0.3684 0.9074 0.2022
vn -0.3227 0.9433 0.0774
vn -0.2691 0.9619 0.0486
vn -0.3576 0.9196 0.1627
vn -0.3000 0.9538 0.0180
vn -0.2203 0.9754 -0.0100
vn -0.2327 0.9724 0.0143
vn -0.2050 0.9783 -0.0297
vn -0.2014 0.9792 0.0246
vn -0.1828 0.9818 -0.0510
vn -0.2624 0.9592 0.1054
vn -0.2116 0.9769 -0.0295
vn -0.3380 0.9334 0.1205
vn -0.2350 0.9714 0.0340
vn -0.3526 0.9116 0.2115
vn -0.3039 0.9505 0.0648
vn -0.2917 0.7995 0.5251
vn -0.3373 0.9167 0.2142
vn -0.1550 0.4892 0.8583
vn -0.2918 0.7917 0.5367
vn -0.1447 0.4676 0.8720
vn -0.2927 0.9560 0.0213
vn -0.3143 0.9285 0.1979
vn -0.2782 0.7917 0.5439
vn -0.3185 0.9479 -0.0014
vn -0.3155 0.9292 0.1926
vn -0.2621 0.7960 0.5456
vn -0.0669 0.4514 0.8898
vn -0.1246 0.4372 0.8907
vn -0.2342 0.8415 0.4868
vn -0.2326 0.8260 0.5135
vn -0.2994 0.9044 0.3040
vn -0.1021 0.1641 0.9812
vn -0.2001 0.8244 0.5294
vn -0.2444 0.9125 0.3282
vn -0.1518 0.8468 0.5098
vn -0.1156 0.9409 0.3184
vn -0.1581 0.4863 0.8594
vn -0.1725 0.8770 0.4485
vn -0.1482 0.5281 0.8361
vn -0.0000 0.1373 0.9905
vn 0.1376 -0.0059 0.9905
vn 0.0048 0.0679 0.9977
vn 0.1638 -0.0544 0.9850
vn 0.1066 -0.0713 0.9917
vn 0.0801 -0.0362 0.9961
vn -0.1404 -0.1305 0.9814
vn -0.2222 -0.0628 0.9730
vn -0.1534 -0.0926 0.9838
vn -0.1029 -0.0837 0.9912
vn -0.2171 -0.1432 0.9656
vn -0.1887 -0.1388 0.9722
vn -0.1125 0.0909 0.9895
vn -0.1761 0.0107 0.9843
vn -0.0597 -0.0282 0.9978
vn 0.1401 -0.4013 0.9052
vn 0.1518 -0.4206 0.8944
vn -0.0308 -0.0874 0.9957
vn -0.1267 -0.0402 0.9911
vn 0.3013 -0.7728 0.5585
vn 0.3239 -0.9270 0.1891
vn -0.1139 -0.1081 0.9876
vn -0.0390 -0.0390 0.9985
vn 0.2975 -0.9546 0.0117
vn 0.3455 -0.9143 0.2113
vn 0.2777 -0.9602 -0.0306
vn 0.3239 -0.9451 0.0421
vn 0.3028 -0.7765 0.5525
vn 0.3649 -0.9068 0.2109
vn 0.3871 -0.9205 0.0523
vn 0.1607 -0.4340 0.8865
vn 0.3058 -0.7802 0.5456
vn 0.3672 -0.9092 0.1961
vn 0.3889 -0.9205 0.0369
vn 0.3474 -0.9157 0.2022
vn 0.3124 -0.7825 0.5386
vn 0.1675 -0.4421 0.8812
vn 0.3534 -0.9079 0.2255
vn 0.3164 -0.7861 0.5310
vn 0.1744 -0.4494 0.8761
vn 0.0137 -0.1210 0.9926
vn 0.0255 -0.1527 0.9879
vn 0.1742 -0.4649 0.8680
vn 0.3397 -0.7930 0.5057
vn 0.4128 -0.8808 0.2318
vn 0.1657 -0.4916 0.8549
vn 0.3538 -0.8171 0.4553
vn 0.4261 -0.8762 0.2252
vn 0.1697 -0.5173 0.8388
vn -0.1046 -0.0509 0.9932
vn -0.0953 -0.0703 0.9930
vn -0.0569 -0.0585 0.9967
vn -0.1081 -0.0151 0.9940
vn 0.1564 -0.1206 0.9803
vn 0.0850 -0.0765 0.9934
vn -0.0161 -0.0053 0.9999
vn -0.0821 0.0177 0.9965
vn 0.0079 0.0141 0.9999
vn 0.0946 -0.0464 0.9944
vn -0.1138 0.0827 0.9901
vn 0.1537 -0.0680 0.9858
vn -0.0502 0.0483 0.9976
vn -0.0792 0.0115 0.9968
vn 0.1234 -0.0407 0.9915
vn 0.0629 0.0057 0.9980
vn -0.0876 0.0403 0.9953
vn -0.0202 -0.0049 0.9998
vn 0.1580 -0.0127 0.9874
vn -0.0346 0.0538 0.9980
vn -0.0670 0.1212 0.9904
vn -0.0874 0.1518 0.9845
vn -0.2099 0.5098 0.8343
vn -0.2012 0.4993 0.8427
vn -0.0942 0.1743 0.9802
vn 0.0746 0.0396 0.9964
vn 0.0869 -0.0143 0.9961
vn -0.0986 0.0010 0.9951
vn -0.0769 -0.0160 0.9969
vn 0.0492 -0.0412 0.9979
vn -0.0408 -0.0280 0.9988
vn 0.0260 -0.0575 0.9980
vn -0.1091 -0.0120 0.9940
vn -0.0321 -0.0093 0.9994
vn 0.0061 -0.0351 0.9994
vn -0.0495 0.0334 0.9982
vn -0.2664 0.9587 -0.0994
vn -0.2992 0.9529 0.0495
vn -0.1667 0.8117 -0.5598
vn -0.2439 0.9553 -0.1670
vn -0.0706 0.3984 -0.9145
vn -0.1471 0.8009 -0.5805
vn -0.3124 0.9492 0.0372
vn -0.0386 0.4050 -0.9135
vn -0.2179 0.9590 -0.1814
vn -0.1725 0.7818 -0.5992
vn -0.2203 0.9754 0.0074
vn -0.2834 0.9438 -0.1700
vn -0.3643 0.9311 0.0210
vn -0.2631 0.9644 0.0264
vn -0.2408 0.9706 -0.0058
vn -0.3178 0.9240 -0.2125
vn -0.2029 0.7705 -0.6042
vn -0.0466 0.7615 0.6465
vn -0.0899 0.4888 0.8678
vn -0.0739 0.7761 0.6263
vn -0.0540 0.4974 0.8659
vn -0.0347 0.9301 0.3658
vn -0.0429 0.7597 0.6489
vn -0.0375 0.2669 0.9630
vn 0.0383 0.2623 0.9642
vn -0.0631 0.4633 0.8839
vn -0.0991 0.2427 0.9650
vn -0.0828 0.1623 0.9833
vn -0.0496 0.9278 0.3698
vn -0.0392 0.9969 0.0680
vn 0.0014 0.4830 0.8756
vn 0.0817 0.7743 0.6275
vn 0.0698 0.3170 0.9459
vn -0.0354 0.2596 0.9651
vn -0.0908 0.1376 0.9863
vn 0.1125 0.2154 0.9700
vn 0.0340 0.1800 0.9831
vn -0.1260 0.1208 0.9846
vn -0.0857 0.1121 0.9900
vn 0.0424 0.2239 0.9737
vn 0.0273 0.2114 0.9770
vn -0.0507 0.4334 0.8998
vn -0.0160 0.1733 0.9847
vn -0.0479 0.4272 0.9029
vn 0.0777 0.2360 0.9686
vn -0.0371 0.1780 0.9833
vn -0.1349 0.1727 0.9757
vn 0.0579 0.2529 0.9658
vn -0.0864 0.1770 0.9804
vn 0.0324 0.1900 0.9812
vn 0.0181 0.1976 0.9801
vn -0.0383 0.1333 0.9903
vn 0.0860 0.2647 0.9605
vn -0.3215 0.9336 0.1581
vn -0.5014 0.8641 0.0445
vn -0.3677 0.8909 0.2665
vn -0.4499 0.8905 0.0672
vn -0.4446 0.8931 -0.0681
vn -0.3800 0.9190 0.1049
vn -0.2992 0.8885 0.3479
vn -0.2517 0.8801 0.4027
vn -0.3584 0.9192 0.1631
vn -0.2828 0.9205 0.2695
vn -0.2740 0.8750 0.3992
vn -0.2555 0.8808 0.3986
vn -0.2931 0.9249 0.2423
vn -0.3213 0.9176 0.2340
vn -0.3059 0.8686 0.3899
vn -0.2983 0.8563 0.4217
vn -0.3445 0.9124 0.2212
vn -0.3259 0.9146 0.2395
vn -0.3215 0.8613 0.3935
vn -0.3257 0.8460 0.4221
vn -0.3500 0.9027 0.2505
vn -0.3288 0.9137 0.2390
vn -0.3177 0.8563 0.4071
vn -0.3254 0.8457 0.4230
vn -0.3311 0.9110 0.2457
vn -0.3426 0.9114 0.2281
vn -0.3087 0.8591 0.4083
vn -0.2921 0.8605 0.4174
vn -0.3066 0.9214 0.2386
vn -0.3693 0.9062 0.2059
vn -0.2979 0.8810 0.3675
vn -0.2363 0.8868 0.3971
vn -0.2631 0.9269 0.2678
vn -0.4164 0.8915 0.1782
vn -0.3357 0.8993 0.2802
vn -0.3856 0.9021 0.1936
vn -0.2403 0.8994 0.3651
vn -0.3208 0.8872 0.3317
vn -0.3581 0.8807 0.3100
vn -0.2435 0.9192 0.3095
vn -0.3023 0.8949 0.3284
vn -0.2332 0.9714 0.0453
vn -0.2891 0.9402 -0.1801
vn -0.3492 0.8949 -0.2780
vn -0.2428 0.9656 -0.0935
vn -0.1891 0.9804 0.0549
vn -0.2233 0.9745 0.0204
vn -0.2340 0.9709 -0.0506
vn -0.2334 0.9721 -0.0227
vn -0.2656 0.9635 -0.0336
vn -0.3380 0.9332 -0.1220
vn -0.2620 0.9592 -0.1064
vn -0.3372 0.9236 -0.1825
vn -0.3825 0.8929 -0.2376
vn -0.3880 0.8805 -0.2722
vn -0.3661 0.8920 -0.2653
vn -0.4295 0.8524 -0.2981
vn -0.3901 0.8737 -0.2907
vn -0.3961 0.8749 -0.2785
vn -0.4181 0.8738 -0.2481
vn -0.3930 0.8727 -0.2898
vn -0.3550 0.9123 -0.2040
vn -0.3251 0.8172 -0.4759
vn -0.3307 0.8428 -0.4246
vn -0.3084 0.8655 -0.3947
vn -0.2343 0.9475 -0.2174
vn -0.2811 0.8672 -0.4110
vn -0.1893 0.5407 -0.8197
vn -0.1978 0.5331 -0.8226
vn -0.1578 0.5368 -0.8288
vn -0.1050 0.1600 -0.9815
vn -0.0826 0.2373 -0.9679
vn -0.1270 0.5094 -0.8511
vn -0.1284 0.0667 -0.9895
vn -0.0244 0.2986 -0.9541
vn -0.1240 0.4583 -0.8801
vn -0.3160 0.7921 -0.5222
vn -0.1472 0.4218 -0.8947
vn -0.3050 0.7697 -0.5608
vn -0.0106 0.2970 -0.9548
vn -0.0759 0.1817 -0.9804
vn -0.2800 0.7768 -0.5640
vn -0.1841 0.4047 -0.8957
vn -0.1253 0.2276 -0.9657
vn -0.0700 0.2543 -0.9646
vn -0.0249 0.2823 -0.9590
vn -0.1224 -0.0206 -0.9923
vn -0.0646 0.2922 -0.9542
vn -0.1079 0.2538 -0.9612
vn -0.0682 0.0799 -0.9945
vn -0.0330 0.1598 -0.9866
vn -0.1018 -0.0982 -0.9899
vn -0.1011 -0.0888 -0.9909
vn -0.0406 -0.0222 -0.9989
vn -0.1182 -0.0880 -0.9891
vn -0.1304 -0.0418 -0.9906
vn -0.1227 0.0139 -0.9923
vn -0.0202 0.0421 -0.9989
vn -0.0650 0.1373 -0.9884
vn -0.0264 0.0493 -0.9984
vn -0.0694 0.1417 -0.9875
vn -0.1878 0.5142 -0.8368
vn -0.0857 0.0215 -0.9961
vn -0.0700 0.1181 -0.9905
vn -0.1566 0.5013 -0.8510
vn -0.2495 0.8561 -0.4526
vn -0.1482 0.4989 -0.8539
vn -0.2771 0.8355 -0.4745
vn -0.2078 0.9378 -0.2782
vn -0.3234 0.8308 -0.4530
vn -0.1576 0.9459 -0.2835
vn -0.3655 0.8923 -0.2650
vn -0.1722 0.9371 -0.3037
vn -0.3967 0.8585 -0.3250
vn -0.1703 0.9377 -0.3028
vn -0.2657 0.9465 -0.1833
vn -0.3478 0.9000 -0.2627
vn -0.2227 0.9747 0.0206
vn -0.2638 0.9643 -0.0248
vn -0.2435 0.9312 -0.2713
vn -0.2874 0.9456 0.1526
vn -0.2805 0.9569 -0.0755
vn -0.3189 0.9345 0.1583
vn -0.3232 0.9395 0.1136
vn -0.3053 0.9501 -0.0646
vn -0.2489 0.9427 -0.2221
vn -0.1964 0.9454 -0.2601
vn -0.3405 0.9394 0.0407
vn -0.4566 0.8467 -0.2731
vn -0.5072 0.8258 -0.2467
vn -0.4933 0.8412 -0.2214
vn -0.3346 0.9423 -0.0079
vn -0.4232 0.9007 -0.0977
vn -0.4204 0.8862 -0.1948
vn -0.3251 0.9180 -0.2270
vn -0.3259 0.9450 -0.0268
vn -0.2905 0.9383 -0.1874
vn -0.4853 0.8337 -0.2636
vn -0.2800 0.9245 -0.2587
vn -0.2186 0.9557 -0.1969
vn -0.5009 0.8340 -0.2315
vn -0.2486 0.9457 -0.2092
vn -0.1783 0.9638 -0.1984
vn -0.4750 0.8530 -0.2163
vn -0.2576 0.9428 -0.2114
vn -0.1900 0.9532 -0.2351
vn -0.4231 0.8853 -0.1929
vn -0.3060 0.9335 -0.1869
vn -0.3089 0.8444 -0.4378
vn -0.1711 0.5063 -0.8452
vn -0.2409 0.9404 -0.2403
vn -0.2784 0.8411 -0.4638
vn -0.1926 0.5083 -0.8394
vn -0.0032 0.1008 -0.9949
vn 0.0119 0.1123 -0.9936
vn -0.0005 0.0337 -0.9994
vn -0.0340 0.1647 -0.9858
vn 0.0836 0.0836 -0.9930
vn -0.0078 0.1674 -0.9859
vn -0.1926 0.5018 -0.8433
vn -0.0499 0.2387 -0.9698
vn 0.0439 0.1801 -0.9827
vn -0.1535 0.5156 -0.8430
vn -0.2643 0.8216 -0.5051
vn -0.0595 0.2731 -0.9601
vn -0.0589 0.1238 -0.9906
vn -0.0592 0.2505 -0.9663
vn -0.0786 0.0344 -0.9963
vn -0.1419 0.5326 -0.8344
vn -0.0643 -0.0166 -0.9978
vn -0.0883 0.1920 -0.9774
vn -0.1623 0.5284 -0.8333
vn -0.2965 0.8197 -0.4901
vn -0.0510 -0.0158 -0.9986
vn -0.0849 0.1429 -0.9861
vn -0.1724 0.5130 -0.8409
vn -0.2876 0.8394 -0.4611
vn -0.0277 0.0092 -0.9996
vn -0.0732 0.1157 -0.9906
vn 0.0198 0.0957 -0.9952
vn 0.0630 0.0841 -0.9945
vn -0.0182 0.0276 -0.9995
vn -0.0246 0.0141 -0.9996
vn 0.0049 0.0249 -0.9997
vn 0.0124 0.0243 -0.9996
vn 0.0507 0.0357 -0.9981
vn 0.0634 0.1338 -0.9890
vn 0.0092 0.0513 -0.9986
vn 0.0465 0.1181 -0.9919
vn 0.0521 0.0690 -0.9963
vn -0.0028 0.0745 -0.9972
vn 0.0519 0.1030 -0.9933
vn 0.0627 0.0975 -0.9933
vn 0.0780 0.0922 -0.9927
vn 0.0374 0.0831 -0.9958
vn 0.0483 0.0750 -0.9960
vn 0.0071 0.0430 -0.9991
vn 0.0005 0.0097 -1.0000
vn 0.0322 -0.0480 0.9983
vn 0.0448 0.0430 0.9981
vn 0.0992 0.0738 0.9923
vn -0.0441 0.0581 0.9973
vn 0.0348 0.0685 0.9970
vn -0.0135 0.0386 0.9992
vn -0.0147 0.0904 0.9958
vn 0.0745 0.1311 0.9886
vn -0.0182 0.1408 0.9899
vn 0.1197 0.1062 0.9871
vn 0.0131 0.2101 0.9776
vn 0.0809 0.0661 0.9945
vn 0.0947 0.1983 0.9756
vn 0.1255 0.0794 0.9889
vn 0.0615 -0.0132 0.9980
vn 0.0830 -0.0855 0.9929
vn 0.1131 0.0567 0.9920
vn 0.0581 -0.1341 0.9893
vn 0.0369 0.0638 0.9973
vn 0.1042 0.2238 0.9691
vn -0.0670 0.1027 0.9925
vn -0.0613 0.1641 0.9845
vn -0.0522 0.0817 0.9953
vn -0.0836 0.1757 0.9809
vn -0.0814 0.4336 0.8974
vn -0.1128 0.7927 0.5991
vn -0.1117 0.4578 0.8820
vn -0.0866 0.1835 0.9792
vn -0.0792 0.0490 0.9956
vn -0.1135 0.4788 0.8705
vn -0.1439 0.8007 0.5816
vn -0.1383 0.9565 0.2567
vn -0.0839 0.9683 0.2351
vn -0.0743 0.9963 0.0431
vn -0.1105 0.8260 0.5528
vn -0.0462 0.9746 0.2189
vn -0.0825 0.8613 0.5014
vn -0.1057 0.1955 0.9750
vn -0.1091 0.5157 0.8498
vn -0.1531 0.8668 0.4745
vn -0.0702 0.5350 0.8419
vn -0.0311 0.2420 0.9698
vn -0.0543 0.5110 0.8579
vn 0.0589 0.2798 0.9583
vn 0.0442 0.1372 0.9896
vn 0.0428 0.2596 0.9648
vn -0.1209 0.9571 0.2633
vn -0.1438 0.9590 0.2441
vn -0.2016 0.9585 0.2016
vn -0.1951 0.9736 0.1188
vn -0.2535 0.9673 -0.0089
vn -0.2022 0.9507 0.2353
vn -0.2012 0.9795 -0.0124
vn -0.2793 0.9600 0.0219
vn -0.2305 0.9729 -0.0204
vn -0.4158 0.9088 0.0348
vn -0.3182 0.9480 0.0056
vn -0.3392 0.9373 0.0801
vn -0.4703 0.8824 -0.0133
vn -0.4062 0.9137 0.0160
vn -0.3992 0.9132 0.0820
vn -0.3578 0.9286 -0.0987
vn -0.3888 0.9189 0.0669
vn -0.4135 0.9105 0.0026
vn -0.3050 0.8880 -0.3441
vn -0.3372 0.9346 -0.1130
vn -0.3618 0.9315 0.0388
vn -0.4059 0.9133 -0.0329
vn -0.4371 0.8977 -0.0545
vn -0.4159 0.9094 -0.0075
vn -0.4741 0.8791 -0.0492
vn -0.4378 0.8988 -0.0224
vn -0.3367 0.9285 -0.1565
vn -0.4233 0.9045 -0.0523
vn -0.3730 0.9227 -0.0977
vn -0.3193 0.9437 -0.0868
vn -0.3641 0.9314 0.0008
vn -0.3497 0.9367 -0.0198
vn -0.3042 0.9426 -0.1379
vn -0.2775 0.9508 -0.1377
vn -0.2639 0.9522 -0.1536
vn -0.2987 0.9282 -0.2218
vn -0.2786 0.9328 -0.2288
vn -0.2538 0.9445 -0.2086
vn -0.2532 0.9353 -0.2473
vn -0.3142 0.9114 -0.2659
vn -0.2978 0.9008 -0.3162
vn -0.2723 0.8952 -0.3528
vn -0.2583 0.9251 -0.2783
vn -0.3319 0.8993 -0.2847
vn -0.2828 0.8078 -0.5172
vn -0.3461 0.8910 -0.2938
vn -0.3041 0.8964 -0.3224
vn -0.2813 0.8469 -0.4511
vn -0.3045 0.8915 -0.3355
vn -0.2757 0.8446 -0.4590
vn -0.2910 0.8992 -0.3268
vn -0.3108 0.8810 -0.3568
vn -0.1937 0.9541 0.2285
vn -0.1452 0.9814 0.1258
vn -0.3195 0.9104 0.2628
vn -0.3342 0.8997 0.2808
vn -0.3223 0.9075 0.2693
vn -0.2423 0.9364 0.2537
vn -0.2597 0.9319 0.2532
vn -0.2676 0.9601 0.0808
vn -0.1545 0.9484 0.2768
vn -0.2279 0.9734 0.0243
vn -0.3240 0.9399 0.1074
vn -0.1505 0.9145 0.3756
vn -0.2816 0.9444 0.1700
vn -0.1698 0.9815 -0.0887
vn -0.3807 0.9119 0.1536
vn -0.2060 0.9779 -0.0355
vn -0.2947 0.9539 -0.0568
vn -0.1507 0.9735 -0.1722
vn -0.3483 0.8937 0.2827
vn -0.4677 0.8834 -0.0272
vn -0.4737 0.8723 0.1214
vn -0.4283 0.8984 -0.0972
vn -0.2941 0.9491 -0.1132
vn -0.4746 0.8794 -0.0385
vn -0.1388 0.9773 -0.1600
vn -0.5013 0.8647 -0.0301
vn -0.1728 0.9802 -0.0970
vn -0.4887 0.8698 -0.0688
vn -0.1911 0.9710 -0.1434
vn -0.3127 0.9442 -0.1033
vn -0.3663 0.9304 0.0125
vn -0.0724 0.9921 -0.1027
vn -0.0651 0.9955 -0.0685
vn -0.0702 0.9968 -0.0379
vn -0.4468 0.8942 -0.0272
vn -0.5457 0.8376 -0.0255
vn -0.5537 0.8311 0.0520
vn -0.4880 0.8708 0.0591
vn -0.5480 0.8363 -0.0191
vn -0.5635 0.8252 -0.0395
vn -0.3846 0.9212 -0.0585
vn -0.5092 0.8582 -0.0649
vn -0.5156 0.8568 0.0067
vn -0.4486 0.8934 0.0262
vn -0.2859 0.9582 -0.0136
vn -0.4266 0.9001 -0.0880
vn -0.2956 0.9422 -0.1580
vn -0.3543 0.9308 -0.0898
vn -0.3200 0.9335 -0.1621
vn -0.2743 0.9571 -0.0938
vn -0.2774 0.9572 -0.0827
vn -0.2478 0.9672 -0.0564
vn -0.1990 0.9800 -0.0050
vn -0.2303 0.9731 0.0067
vn -0.2921 0.9479 0.1270
vn -0.1989 0.9743 0.1055
vn -0.2965 0.8889 0.3491
vn -0.2660 0.9204 0.2867
vn -0.3001 0.8484 0.4361
vn -0.1123 0.9511 0.2878
vn -0.3011 0.9098 0.2857
vn -0.3709 0.8433 0.3889
vn -0.4233 0.8535 0.3041
vn -0.2112 0.9370 0.2783
vn -0.1930 0.9811 0.0146
vn -0.1972 0.7634 -0.6150
vn -0.3953 0.9178 0.0366
vn -0.2746 0.9214 -0.2750
vn -0.3975 0.9166 -0.0429
vn -0.4102 0.9109 0.0452
vn -0.1850 0.7656 -0.6161
vn -0.3899 0.9196 -0.0477
vn -0.1529 0.9865 -0.0584
vn -0.2401 0.9679 -0.0744
vn -0.4194 0.9059 -0.0583
vn -0.2949 0.9554 0.0123
vn -0.2976 0.9529 -0.0581
vn -0.1117 0.9869 -0.1166
vn -0.1079 0.9856 -0.1303
vn -0.0464 0.9801 -0.1931
vn -0.0508 0.9950 -0.0855
vn -0.1412 0.9681 -0.2070
vn -0.0256 0.9942 -0.1049
vn -0.1165 0.9785 -0.1702
vn -0.1815 0.9803 -0.0777
vn -0.1107 0.9878 -0.1093
vn -0.0306 0.9976 -0.0619
vn -0.1278 0.9890 -0.0743
vn -0.1372 0.9850 -0.1047
vn -0.2008 0.9795 -0.0157
vn -0.1058 0.1405 0.9844
vn -0.1348 0.1452 0.9802
vn 0.0244 0.0711 0.9972
vn -0.1607 0.1674 0.9727
vn -0.0851 0.0662 0.9942
vn 0.0726 -0.0117 0.9973
vn -0.0236 -0.0260 0.9994
vn -0.1336 0.1929 0.9721
vn 0.0843 -0.0795 0.9933
vn 0.1327 -0.0845 0.9875
vn 0.1914 0.1939 0.9622
vn 0.0973 -0.1104 0.9891
vn 0.2010 0.3550 0.9130
vn 0.1426 0.1528 0.9779
vn 0.1503 0.5253 0.8375
vn 0.0042 0.1108 0.9938
vn 0.1887 0.3611 0.9132
vn 0.1768 0.5720 0.8010
vn 0.0465 0.3373 0.9402
vn -0.0060 -0.1114 0.9938
vn 0.0011 0.2882 0.9576
vn -0.4063 0.2219 0.8864
vn 0.0627 0.5912 0.8041
vn -0.9261 0.0979 0.3644
vn -0.3132 0.5360 0.7840
vn -0.8762 0.3217 0.3588
vn -0.3153 0.8500 0.4220
vn -0.8744 0.4255 0.2333
vn -0.9999 0.0075 -0.0098
vn 0.0371 0.8666 0.4977
vn -0.9999 0.0100 0.0079
vn -0.8744 0.4255 0.2332
vn -0.9200 0.3837 0.0791
vn -0.3154 0.8500 0.4219
vn -0.9201 0.3837 0.0791
vn -0.4198 0.8830 0.2100
vn -0.9131 0.4019 0.0692
vn -0.4198 0.8830 0.2099
vn -0.9128 0.4050 0.0531
vn -0.4476 0.8843 0.1328
vn -0.4426 0.8902 0.1083
vn -0.0537 0.9542 0.2942
vn -0.1223 0.9791 0.1624
vn 0.0194 0.8382 0.5451
vn -0.0449 0.9353 0.3510
vn -0.0852 0.9777 0.1918
vn 0.0646 0.5996 0.7977
vn 0.1124 0.7998 0.5897
vn 0.0642 0.9236 0.3780
vn 0.0551 0.9244 0.3774
vn 0.0725 0.9801 0.1850
vn -0.0303 0.9970 0.0717
vn 0.1013 0.9879 0.1172
vn 0.1320 0.9912 0.0026
vn -0.0769 0.9949 0.0656
vn -0.0575 0.9963 -0.0641
vn -0.0222 0.9997 -0.0084
vn -0.0125 0.9985 -0.0542
vn 0.1926 0.9791 -0.0654
vn -0.0089 0.9998 -0.0156
vn 0.0141 0.9990 -0.0431
vn 0.0307 0.9979 -0.0567
vn 0.2039 0.9761 -0.0750
vn 0.0529 0.9973 -0.0516
vn 0.1586 0.9867 -0.0368
vn 0.0360 0.9962 -0.0794
vn 0.0326 0.9976 -0.0607
vn -0.0814 0.9967 -0.0011
vn 0.1926 0.9778 -0.0828
vn -0.0537 0.9982 -0.0285
vn -0.0555 0.9969 -0.0550
vn 0.1694 0.9832 -0.0683
vn -0.0238 0.9961 -0.0850
vn -0.0810 0.9964 -0.0235
vn 0.0104 0.9972 -0.0742
vn 0.0257 0.9971 -0.0712
vn -0.1150 0.9933 -0.0126
vn -0.0721 0.9927 -0.0964
vn -0.0765 0.9961 -0.0434
vn -0.0877 0.9921 -0.0897
vn -0.0496 0.9974 0.0516
vn -0.1234 0.9917 0.0353
vn -0.1742 0.9834 0.0503
vn -0.1123 0.9919 0.0592
vn -0.1370 0.9541 0.2663
vn -0.1119 0.9604 0.2554
vn -0.0821 0.7935 0.6030
vn -0.0864 0.9598 0.2672
vn -0.1005 0.7885 0.6067
vn -0.1049 0.7858 0.6095
vn -0.0856 0.9476 0.3078
vn -0.0666 0.9961 0.0578
vn -0.0878 0.7845 0.6139
vn -0.0457 0.9958 -0.0796
vn -0.0822 0.9367 0.3404
vn -0.0720 0.9961 0.0509
vn -0.0443 0.4698 0.8817
vn -0.0557 0.9319 0.3585
vn -0.0320 0.9975 0.0625
vt 0.490644 0.931338
vt 0.472754 0.945317
vt 0.475278 0.929474
vt 0.516972 0.935367
vt 0.532419 0.922966
vt 0.529659 0.937830
vt 0.542530 0.939981
vt 0.503914 0.933153
vt 0.519542 0.920601
vt 0.506372 0.918277
vt 0.493167 0.916257
vt 0.477962 0.914028
vt 0.495824 0.901363
vt 0.480996 0.898707
vt 0.509037 0.903573
vt 0.522259 0.905933
vt 0.535406 0.908179
vt 0.512076 0.888547
vt 0.525258 0.890949
vt 0.498987 0.886166
vt 0.484212 0.883329
vt 0.515349 0.873613
vt 0.502446 0.871211
vt 0.487774 0.868078
vt 0.518586 0.859043
vt 0.506079 0.856566
vt 0.491561 0.852697
vt 0.509251 0.842769
vt 0.495696 0.838363
vt 0.528281 0.876031
vt 0.538319 0.893222
vt 0.498044 0.827831
vt 0.531184 0.861335
vt 0.521467 0.845130
vt 0.541178 0.878330
vt 0.533888 0.847337
vt 0.523926 0.831376
vt 0.610757 0.951632
vt 0.623358 0.969867
vt 0.608279 0.967219
vt 0.621022 0.985568
vt 0.597165 0.949322
vt 0.599716 0.933912
vt 0.606011 0.982732
vt 0.618796 1.000000
vt 0.604131 0.997811
vt 0.590500 0.995709
vt 0.594705 0.964845
vt 0.592590 0.980466
vt 0.576901 0.993486
vt 0.578864 0.978153
vt 0.563222 0.991079
vt 0.580761 0.962395
vt 0.565023 0.975746
vt 0.549645 0.988878
vt 0.551421 0.973400
vt 0.536159 0.986543
vt 0.566999 0.959822
vt 0.538036 0.971252
vt 0.522689 0.984396
vt 0.553319 0.957538
vt 0.524835 0.969101
vt 0.540007 0.955404
vt 0.509181 0.982273
vt 0.569421 0.944402
vt 0.511699 0.966876
vt 0.527180 0.953150
vt 0.514415 0.950754
vt 0.498391 0.964704
vt 0.495668 0.980260
vt 0.485163 0.962901
vt 0.482370 0.978217
vt 0.468199 0.976165
vt 0.470389 0.961408
vt 0.501262 0.948616
vt 0.487839 0.946905
vt 0.543976 0.863525
vt 0.546479 0.849335
vt 0.554276 0.880404
vt 0.551500 0.895378
vt 0.548552 0.910253
vt 0.545470 0.925039
vt 0.555752 0.942072
vt 0.558735 0.927125
vt 0.561810 0.912312
vt 0.572322 0.929348
vt 0.583302 0.946828
vt 0.586024 0.931660
vt 0.588716 0.916524
vt 0.575201 0.914420
vt 0.564695 0.897450
vt 0.577911 0.899485
vt 0.591081 0.901427
vt 0.567347 0.882531
vt 0.580394 0.884460
vt 0.593429 0.886347
vt 0.582687 0.869571
vt 0.595540 0.871366
vt 0.569787 0.867596
vt 0.584801 0.855204
vt 0.597569 0.856945
vt 0.556831 0.865634
vt 0.586916 0.840502
vt 0.572001 0.853253
vt 0.599764 0.842338
vt 0.559202 0.851305
vt 0.574046 0.838660
vt 0.589003 0.826117
vt 0.548735 0.835021
vt 0.576114 0.824397
vt 0.561297 0.836836
vt 0.563365 0.822659
vt 0.550761 0.820959
vt 0.566661 0.178900
vt 0.569824 0.178695
vt 0.554121 0.179541
vt 0.583031 0.178068
vt 0.537802 0.180535
vt 0.543614 0.180098
vt 0.526434 0.181119
vt 0.556782 0.179453
vt 0.515833 0.181787
vt 0.506650 0.182294
vt 0.492133 0.183138
vt 0.492012 0.183267
vt 0.473034 0.184037
vt 0.474807 0.184287
vt 0.457859 0.185292
vt 0.456923 0.184799
vt 0.440608 0.186314
vt 0.440612 0.185329
vt 0.423784 0.187311
vt 0.424651 0.186416
vt 0.408542 0.187965
vt 0.406802 0.188318
vt 0.389901 0.189320
vt 0.197324 0.186971
vt 0.186772 0.188340
vt 0.167257 0.192301
vt 0.489252 0.183478
vt 0.472744 0.187221
vt 0.488709 0.186791
vt 0.473515 0.197474
vt 0.505135 0.182529
vt 0.504072 0.185865
vt 0.504688 0.195822
vt 0.507887 0.182327
vt 0.489444 0.196925
vt 0.499093 0.182759
vt 0.515564 0.181872
vt 0.519378 0.184926
vt 0.504071 0.185865
vt 0.520024 0.194920
vt 0.479737 0.183909
vt 0.516979 0.181696
vt 0.530424 0.180897
vt 0.534677 0.183910
vt 0.548279 0.183079
vt 0.548827 0.193136
vt 0.535274 0.193917
vt 0.485272 0.183564
vt 0.536108 0.208904
vt 0.468680 0.184475
vt 0.464146 0.184819
vt 0.460637 0.185043
vt 0.441214 0.186197
vt 0.442667 0.186095
vt 0.444857 0.185834
vt 0.422217 0.187326
vt 0.421597 0.187347
vt 0.421423 0.187169
vt 0.403084 0.188462
vt 0.400442 0.188604
vt 0.397942 0.188508
vt 0.384044 0.189593
vt 0.398092 0.187954
vt 0.379400 0.189854
vt 0.374590 0.189839
vt 0.372003 0.189360
vt 0.351267 0.191169
vt 0.358313 0.191107
vt 0.364901 0.190731
vt 0.329193 0.192427
vt 0.346026 0.190761
vt 0.341465 0.190346
vt 0.338437 0.192288
vt 0.372849 0.190330
vt 0.321209 0.192099
vt 0.305736 0.193765
vt 0.292169 0.193664
vt 0.300663 0.197466
vt 0.286412 0.197375
vt 0.392481 0.189410
vt 0.393303 0.192738
vt 0.409158 0.191187
vt 0.409815 0.201992
vt 0.286011 0.208520
vt 0.393888 0.203397
vt 0.300432 0.208687
vt 0.272259 0.197255
vt 0.278580 0.193542
vt 0.271739 0.208209
vt 0.314417 0.191721
vt 0.265056 0.193207
vt 0.258199 0.196929
vt 0.257720 0.207859
vt 0.302386 0.191418
vt 0.251243 0.193574
vt 0.243882 0.197318
vt 0.293309 0.191584
vt 0.331657 0.190016
vt 0.369516 0.188920
vt 0.361758 0.188573
vt 0.397778 0.187484
vt 0.424314 0.186540
vt 0.324191 0.190123
vt 0.450507 0.185128
vt 0.426173 0.186041
vt 0.392180 0.187116
vt 0.356072 0.188615
vt 0.477077 0.183695
vt 0.454552 0.184598
vt 0.422735 0.185651
vt 0.388404 0.187085
vt 0.503261 0.182283
vt 0.483277 0.183138
vt 0.453308 0.184186
vt 0.420902 0.185548
vt 0.529665 0.180860
vt 0.511628 0.181697
vt 0.484182 0.182707
vt 0.540178 0.180246
vt 0.575504 0.181626
vt 0.545334 0.179777
vt 0.561919 0.182382
vt 0.562403 0.192429
vt 0.575869 0.191807
vt 0.514682 0.181245
vt 0.518886 0.180913
vt 0.563137 0.207546
vt 0.486426 0.182448
vt 0.489699 0.181892
vt 0.576641 0.207007
vt 0.453997 0.183491
vt 0.453557 0.184003
vt 0.453943 0.182462
vt 0.418438 0.185083
vt 0.383102 0.186666
vt 0.415293 0.184000
vt 0.376773 0.185532
vt 0.347945 0.188240
vt 0.338398 0.187059
vt 0.313393 0.189788
vt 0.279732 0.191295
vt 0.300801 0.188555
vt 0.329989 0.185365
vt 0.237859 0.193170
vt 0.229657 0.196940
vt 0.229232 0.207045
vt 0.263393 0.190043
vt 0.224397 0.191594
vt 0.215197 0.195369
vt 0.289654 0.186755
vt 0.214534 0.206359
vt 0.200053 0.205451
vt 0.200654 0.193258
vt 0.210758 0.189475
vt 0.248312 0.188180
vt 0.229250 0.187175
vt 0.196788 0.188191
vt 0.184884 0.191984
vt 0.183607 0.204125
vt 0.275664 0.185722
vt 0.151160 0.191086
vt 0.150770 0.202020
vt 0.166803 0.203146
vt 0.166322 0.217874
vt 0.150161 0.216637
vt 0.182632 0.218884
vt 0.165610 0.232473
vt 0.133911 0.215638
vt 0.198751 0.220145
vt 0.213346 0.220904
vt 0.197521 0.234792
vt 0.228241 0.221365
vt 0.212191 0.235599
vt 0.181380 0.233465
vt 0.180678 0.248025
vt 0.196677 0.249309
vt 0.227394 0.235940
vt 0.211541 0.250179
vt 0.180409 0.262595
vt 0.242496 0.236176
vt 0.196536 0.263858
vt 0.226751 0.250647
vt 0.211497 0.264830
vt 0.180189 0.277351
vt 0.196960 0.278561
vt 0.211776 0.279459
vt 0.226681 0.265299
vt 0.242083 0.250694
vt 0.226851 0.279812
vt 0.242067 0.265325
vt 0.256976 0.236486
vt 0.256924 0.250784
vt 0.257122 0.265262
vt 0.241967 0.279947
vt 0.212163 0.291587
vt 0.227057 0.291960
vt 0.197372 0.290973
vt 0.180683 0.290004
vt 0.197592 0.303290
vt 0.212479 0.303901
vt 0.180772 0.302431
vt 0.163854 0.289108
vt 0.180865 0.315003
vt 0.163893 0.301734
vt 0.163830 0.314551
vt 0.163697 0.276376
vt 0.147061 0.301154
vt 0.147065 0.314052
vt 0.164345 0.261501
vt 0.147114 0.288260
vt 0.147223 0.275461
vt 0.164905 0.246815
vt 0.148024 0.260592
vt 0.149565 0.231340
vt 0.148741 0.245769
vt 0.131336 0.259646
vt 0.133286 0.230368
vt 0.132311 0.244809
vt 0.116717 0.229315
vt 0.115837 0.243972
vt 0.130404 0.274696
vt 0.100388 0.228302
vt 0.114856 0.258858
vt 0.099532 0.243006
vt 0.130349 0.287671
vt 0.113772 0.273939
vt 0.113659 0.286976
vt 0.130367 0.300629
vt 0.113590 0.300044
vt 0.098587 0.258014
vt 0.130214 0.313578
vt 0.113476 0.313083
vt 0.083353 0.242029
vt 0.129903 0.326231
vt 0.082370 0.257110
vt 0.146704 0.326743
vt 0.113183 0.325849
vt 0.129313 0.339234
vt 0.163531 0.327347
vt 0.096583 0.325442
vt 0.146368 0.339650
vt 0.180636 0.327811
vt 0.112675 0.338945
vt 0.163307 0.340392
vt 0.162793 0.353462
vt 0.180263 0.340930
vt 0.145894 0.352848
vt 0.128872 0.352363
vt 0.112160 0.352085
vt 0.197533 0.341187
vt 0.197763 0.328235
vt 0.197844 0.315607
vt 0.212850 0.316128
vt 0.212816 0.341448
vt 0.227434 0.304171
vt 0.212912 0.328612
vt 0.227809 0.316394
vt 0.242140 0.292131
vt 0.242542 0.304256
vt 0.228078 0.328787
vt 0.242937 0.316405
vt 0.257246 0.279738
vt 0.257382 0.291949
vt 0.257684 0.304134
vt 0.243167 0.328791
vt 0.258045 0.316379
vt 0.228124 0.341360
vt 0.258245 0.328830
vt 0.243276 0.341352
vt 0.243191 0.353752
vt 0.228038 0.353990
vt 0.212622 0.354258
vt 0.243218 0.365906
vt 0.197282 0.354296
vt 0.227935 0.366291
vt 0.197353 0.366869
vt 0.179909 0.354055
vt 0.212756 0.366825
vt 0.180052 0.366806
vt 0.163050 0.366388
vt 0.146302 0.365768
vt 0.228084 0.378487
vt 0.646655 0.671383
vt 0.660912 0.684349
vt 0.645650 0.682973
vt 0.659889 0.695964
vt 0.634097 0.658686
vt 0.633124 0.670231
vt 0.621516 0.646110
vt 0.620553 0.657618
vt 0.644628 0.694573
vt 0.658786 0.707586
vt 0.632131 0.681784
vt 0.619579 0.669132
vt 0.643529 0.706165
vt 0.657681 0.719179
vt 0.631120 0.693342
vt 0.618602 0.680653
vt 0.642401 0.717724
vt 0.656449 0.730765
vt 0.630039 0.704894
vt 0.617596 0.692169
vt 0.641232 0.729254
vt 0.655223 0.742355
vt 0.628907 0.716435
vt 0.639997 0.740782
vt 0.654032 0.753910
vt 0.627736 0.727937
vt 0.638717 0.752326
vt 0.652727 0.765513
vt 0.626505 0.739404
vt 0.637388 0.763825
vt 0.651273 0.777112
vt 0.625163 0.750831
vt 0.635990 0.775314
vt 0.649797 0.788763
vt 0.623865 0.762250
vt 0.622545 0.773648
vt 0.634526 0.786771
vt 0.648251 0.800454
vt 0.621171 0.784999
vt 0.633004 0.798221
vt 0.646398 0.812107
vt 0.619669 0.796306
vt 0.631315 0.809647
vt 0.644471 0.823706
vt 0.629489 0.820992
vt 0.642311 0.835326
vt 0.618159 0.807600
vt 0.627536 0.832000
vt 0.638737 0.849688
vt 0.616454 0.818776
vt 0.625172 0.846116
vt 0.622948 0.860109
vt 0.637189 0.860399
vt 0.612513 0.844164
vt 0.636389 0.875278
vt 0.614724 0.829714
vt 0.621276 0.874467
vt 0.634983 0.891150
vt 0.610294 0.858621
vt 0.619600 0.889578
vt 0.632945 0.907031
vt 0.608366 0.873018
vt 0.617573 0.905016
vt 0.630743 0.922889
vt 0.606438 0.888046
vt 0.615477 0.920542
vt 0.628449 0.938652
vt 0.604334 0.903298
vt 0.613222 0.936080
vt 0.625825 0.954384
vt 0.602034 0.918584
vt 0.616587 0.175486
vt 0.635499 0.175240
vt 0.605522 0.176432
vt 0.648622 0.174381
vt 0.643869 0.178195
vt 0.657586 0.177363
vt 0.622532 0.175943
vt 0.657969 0.188046
vt 0.593256 0.177254
vt 0.630201 0.178871
vt 0.569649 0.177859
vt 0.577895 0.176819
vt 0.560368 0.178727
vt 0.531154 0.179391
vt 0.581676 0.177942
vt 0.609480 0.176627
vt 0.616531 0.179557
vt 0.630626 0.189274
vt 0.644333 0.188668
vt 0.616959 0.189909
vt 0.644982 0.204128
vt 0.658651 0.203508
vt 0.674098 0.202954
vt 0.673506 0.187278
vt 0.674698 0.218467
vt 0.673063 0.176582
vt 0.663004 0.173598
vt 0.659270 0.218985
vt 0.640126 0.174314
vt 0.209671 0.177373
vt 0.675111 0.233754
vt 0.596829 0.175669
vt 0.161890 0.178918
vt 0.023691 0.181969
vt 0.039068 0.183123
vt 0.038178 0.193866
vt 0.536576 0.178244
vt 0.550780 0.177111
vt 0.158053 0.180253
vt 0.054933 0.184371
vt 0.054076 0.195032
vt 0.504770 0.178551
vt 0.165215 0.181429
vt 0.070844 0.185533
vt 0.069992 0.196221
vt 0.495318 0.179666
vt 0.458739 0.179992
vt 0.172798 0.182623
vt 0.086781 0.186721
vt 0.085968 0.197450
vt 0.492703 0.180920
vt 0.453945 0.181092
vt 0.524998 0.180311
vt 0.551452 0.179372
vt 0.573744 0.178415
vt 0.596251 0.177337
vt 0.602875 0.180286
vt 0.589175 0.181023
vt 0.603304 0.190578
vt 0.589548 0.191272
vt 0.603921 0.205792
vt 0.617657 0.205201
vt 0.590209 0.206525
vt 0.631257 0.204639
vt 0.590967 0.221525
vt 0.604614 0.220971
vt 0.618224 0.220502
vt 0.631835 0.219974
vt 0.645524 0.219453
vt 0.632313 0.235140
vt 0.618692 0.235576
vt 0.645997 0.234694
vt 0.659681 0.234231
vt 0.675433 0.249275
vt 0.660052 0.249743
vt 0.675659 0.264918
vt 0.632775 0.250517
vt 0.660233 0.265234
vt 0.646376 0.250120
vt 0.675860 0.278911
vt 0.633108 0.265889
vt 0.619129 0.250847
vt 0.660470 0.279121
vt 0.646682 0.265559
vt 0.676003 0.292813
vt 0.646877 0.279407
vt 0.660631 0.292981
vt 0.676001 0.306731
vt 0.660653 0.306862
vt 0.675899 0.320405
vt 0.646972 0.293247
vt 0.633292 0.279731
vt 0.619485 0.266210
vt 0.660598 0.320606
vt 0.676003 0.334331
vt 0.647026 0.307091
vt 0.633391 0.293499
vt 0.619722 0.279966
vt 0.633410 0.307292
vt 0.660542 0.334425
vt 0.619858 0.293723
vt 0.647041 0.320760
vt 0.675852 0.348322
vt 0.633417 0.320851
vt 0.660430 0.348268
vt 0.675831 0.363086
vt 0.646949 0.334556
vt 0.660416 0.362914
vt 0.675683 0.377630
vt 0.646888 0.348316
vt 0.633360 0.334593
vt 0.660281 0.377442
vt 0.675497 0.392160
vt 0.646866 0.362831
vt 0.633306 0.348310
vt 0.660083 0.391987
vt 0.675217 0.406716
vt 0.646744 0.377263
vt 0.633188 0.362762
vt 0.659840 0.406473
vt 0.675040 0.419914
vt 0.646527 0.391726
vt 0.633104 0.377054
vt 0.659641 0.419585
vt 0.674771 0.433107
vt 0.646316 0.406209
vt 0.632956 0.391490
vt 0.659378 0.432723
vt 0.674396 0.446281
vt 0.646056 0.419327
vt 0.632748 0.405913
vt 0.659051 0.445892
vt 0.674028 0.459448
vt 0.645774 0.432404
vt 0.632509 0.418978
vt 0.658669 0.459001
vt 0.673579 0.472649
vt 0.645491 0.445507
vt 0.632233 0.432041
vt 0.619060 0.418648
vt 0.064801 0.833611
vt 0.057244 0.850939
vt 0.050330 0.837685
vt 0.047603 0.825905
vt 0.066846 0.846931
vt 0.066287 0.857460
vt 0.062679 0.822763
vt 0.045471 0.814131
vt 0.078719 0.830880
vt 0.080214 0.844981
vt 0.080976 0.859722
vt 0.096598 0.858662
vt 0.095087 0.843493
vt 0.112248 0.857008
vt 0.060707 0.811528
vt 0.058860 0.800032
vt 0.077091 0.820123
vt 0.075342 0.808978
vt 0.073901 0.797635
vt 0.090444 0.806595
vt 0.092034 0.817646
vt 0.107118 0.815382
vt 0.093436 0.828770
vt 0.108543 0.826560
vt 0.123798 0.824188
vt 0.110344 0.841536
vt 0.127955 0.854773
vt 0.125743 0.839260
vt 0.143550 0.851853
vt 0.141145 0.836521
vt 0.113898 0.746623
vt 0.130077 0.755839
vt 0.115110 0.757717
vt 0.097460 0.737103
vt 0.098733 0.748418
vt 0.146137 0.764464
vt 0.144970 0.753920
vt 0.160974 0.762677
vt 0.131325 0.766665
vt 0.100007 0.759626
vt 0.162032 0.773146
vt 0.175569 0.761442
vt 0.147293 0.775111
vt 0.116498 0.768785
vt 0.132649 0.777474
vt 0.176527 0.771816
vt 0.189796 0.760499
vt 0.163144 0.783587
vt 0.148481 0.785679
vt 0.190549 0.770869
vt 0.204120 0.759578
vt 0.177625 0.782141
vt 0.164450 0.794161
vt 0.204675 0.770050
vt 0.191366 0.781155
vt 0.218742 0.769124
vt 0.219182 0.779500
vt 0.231652 0.779013
vt 0.205342 0.780315
vt 0.219618 0.789933
vt 0.231943 0.789501
vt 0.244406 0.789181
vt 0.232092 0.799918
vt 0.219953 0.800069
vt 0.232108 0.810289
vt 0.205958 0.790549
vt 0.220088 0.810067
vt 0.206589 0.800568
vt 0.219359 0.823294
vt 0.207315 0.810224
vt 0.192372 0.791323
vt 0.178837 0.792387
vt 0.180071 0.802636
vt 0.193355 0.801335
vt 0.194618 0.811068
vt 0.181759 0.812808
vt 0.206726 0.822240
vt 0.197753 0.823119
vt 0.203205 0.831811
vt 0.217012 0.837504
vt 0.185345 0.826139
vt 0.190901 0.840385
vt 0.175021 0.844969
vt 0.171105 0.829818
vt 0.159288 0.848393
vt 0.167853 0.815395
vt 0.156330 0.833317
vt 0.166028 0.804767
vt 0.153453 0.818406
vt 0.151601 0.807444
vt 0.149986 0.796527
vt 0.138897 0.821415
vt 0.133892 0.788329
vt 0.135400 0.799193
vt 0.117908 0.779777
vt 0.137092 0.810196
vt 0.119205 0.790807
vt 0.120612 0.801849
vt 0.122231 0.812962
vt 0.101380 0.770813
vt 0.102799 0.781906
vt 0.294566 0.766524
vt 0.306914 0.755676
vt 0.307170 0.766285
vt 0.359745 0.765657
vt 0.359681 0.775959
vt 0.345971 0.775997
vt 0.320013 0.776594
vt 0.307499 0.776832
vt 0.332287 0.776269
vt 0.320445 0.786871
vt 0.332586 0.786467
vt 0.373330 0.776096
vt 0.359499 0.786248
vt 0.373549 0.765732
vt 0.387387 0.776506
vt 0.387756 0.766115
vt 0.401803 0.777087
vt 0.373133 0.786626
vt 0.387059 0.786855
vt 0.401346 0.787734
vt 0.386502 0.797354
vt 0.372347 0.796945
vt 0.385611 0.808138
vt 0.371530 0.807005
vt 0.359067 0.796356
vt 0.345968 0.786147
vt 0.358564 0.806174
vt 0.356445 0.818324
vt 0.346076 0.796236
vt 0.332985 0.796615
vt 0.347659 0.818171
vt 0.351923 0.827816
vt 0.346148 0.806111
vt 0.335478 0.819996
vt 0.338691 0.834160
vt 0.325501 0.836477
vt 0.333591 0.806645
vt 0.323337 0.821801
vt 0.312080 0.838079
vt 0.321760 0.807616
vt 0.310564 0.823229
vt 0.298582 0.839276
vt 0.309235 0.808655
vt 0.297478 0.824263
vt 0.285025 0.840019
vt 0.320917 0.797243
vt 0.308531 0.798017
vt 0.307942 0.787430
vt 0.284192 0.824885
vt 0.271414 0.840408
vt 0.296475 0.809460
vt 0.295884 0.798674
vt 0.283545 0.810010
vt 0.270819 0.825195
vt 0.257766 0.840219
vt 0.295323 0.787913
vt 0.283017 0.799078
vt 0.270397 0.810447
vt 0.270134 0.799485
vt 0.257507 0.825157
vt 0.257369 0.810558
vt 0.244371 0.825016
vt 0.244026 0.840039
vt 0.230449 0.839134
vt 0.231583 0.824425
vt 0.244572 0.810445
vt 0.244496 0.799745
vt 0.257233 0.799808
vt 0.269876 0.788608
vt 0.257080 0.789006
vt 0.282635 0.788311
vt 0.269513 0.777888
vt 0.282232 0.777555
vt 0.294900 0.777171
vt 0.281878 0.766824
vt 0.281571 0.756113
vt 0.269174 0.767161
vt 0.256813 0.778202
vt 0.244175 0.778600
vt 0.256448 0.767524
vt 0.243804 0.767984
vt 0.268808 0.756442
vt 0.231181 0.768479
vt 0.243431 0.757350
vt 0.230808 0.757890
vt 0.256097 0.756848
vt 0.268512 0.745762
vt 0.218245 0.758628
vt 0.243022 0.746674
vt 0.230358 0.747288
vt 0.217692 0.748042
vt 0.536305 0.833232
vt 0.538307 0.819289
vt 0.539632 0.808628
vt 0.525933 0.817706
vt 0.511747 0.829268
vt 0.513885 0.816019
vt 0.527230 0.807170
vt 0.500642 0.814657
vt 0.552196 0.810167
vt 0.514963 0.805762
vt 0.528401 0.796550
vt 0.564891 0.811780
vt 0.540946 0.797872
vt 0.553549 0.799302
vt 0.529550 0.785812
vt 0.542186 0.787089
vt 0.577693 0.813431
vt 0.566333 0.800808
vt 0.579201 0.802318
vt 0.554839 0.788425
vt 0.580516 0.791247
vt 0.567616 0.789796
vt 0.543363 0.776144
vt 0.581795 0.780208
vt 0.556126 0.777453
vt 0.568913 0.778824
vt 0.530655 0.774912
vt 0.478790 0.271236
vt 0.493358 0.255805
vt 0.494602 0.270164
vt 0.508510 0.254988
vt 0.477574 0.256717
vt 0.494643 0.283024
vt 0.507384 0.240481
vt 0.509691 0.269296
vt 0.509708 0.282174
vt 0.523598 0.254313
vt 0.524637 0.268576
vt 0.522725 0.239793
vt 0.538630 0.253535
vt 0.492226 0.241270
vt 0.491150 0.226571
vt 0.476620 0.242114
vt 0.506356 0.225713
vt 0.475495 0.227398
vt 0.505509 0.210802
vt 0.490216 0.211982
vt 0.520943 0.209950
vt 0.521810 0.224822
vt 0.537152 0.223914
vt 0.549554 0.208189
vt 0.537879 0.238951
vt 0.550426 0.223155
vt 0.551149 0.238191
vt 0.563825 0.222701
vt 0.577373 0.222096
vt 0.564585 0.237673
vt 0.578064 0.237261
vt 0.552030 0.252995
vt 0.565555 0.252779
vt 0.539455 0.267934
vt 0.553003 0.267815
vt 0.524764 0.281464
vt 0.539850 0.280773
vt 0.509659 0.295238
vt 0.525104 0.294466
vt 0.553431 0.280989
vt 0.566641 0.267824
vt 0.540266 0.294002
vt 0.567179 0.281112
vt 0.553591 0.293994
vt 0.579043 0.252469
vt 0.580025 0.267691
vt 0.591609 0.236646
vt 0.592296 0.251926
vt 0.580506 0.281081
vt 0.605099 0.236085
vt 0.605594 0.251281
vt 0.606117 0.266667
vt 0.593068 0.267234
vt 0.606386 0.280375
vt 0.593476 0.280795
vt 0.606448 0.293884
vt 0.593505 0.294086
vt 0.606434 0.307389
vt 0.593232 0.307341
vt 0.619872 0.307398
vt 0.606487 0.320894
vt 0.619887 0.320940
vt 0.619884 0.334597
vt 0.606452 0.334550
vt 0.619792 0.348289
vt 0.619718 0.362649
vt 0.606393 0.348268
vt 0.619588 0.376893
vt 0.606288 0.362556
vt 0.593074 0.348103
vt 0.619496 0.391289
vt 0.592955 0.362399
vt 0.606201 0.376696
vt 0.619281 0.405646
vt 0.606079 0.391038
vt 0.605881 0.405341
vt 0.605651 0.418290
vt 0.592536 0.405043
vt 0.605359 0.431235
vt 0.592717 0.390788
vt 0.592809 0.376566
vt 0.164519 0.415911
vt 0.147750 0.415920
vt 0.163609 0.403878
vt 0.131776 0.427918
vt 0.116051 0.440878
vt 0.115069 0.428188
vt 0.099726 0.441680
vt 0.130809 0.415717
vt 0.146882 0.403895
vt 0.146802 0.391464
vt 0.129799 0.403683
vt 0.114095 0.415846
vt 0.098754 0.428926
vt 0.082645 0.430221
vt 0.081752 0.417754
vt 0.097838 0.416547
vt 0.113076 0.403818
vt 0.129799 0.391230
vt 0.146551 0.378634
vt 0.096961 0.404366
vt 0.113115 0.391156
vt 0.129625 0.378356
vt 0.096806 0.391541
vt 0.112912 0.378231
vt 0.129328 0.365455
vt 0.112570 0.365308
vt 0.096430 0.378469
vt 0.096119 0.365330
vt 0.080145 0.378747
vt 0.080594 0.392224
vt 0.079785 0.365333
vt 0.080752 0.405367
vt 0.064604 0.406417
vt 0.064419 0.392828
vt 0.048217 0.393327
vt 0.063930 0.379017
vt 0.047826 0.379350
vt 0.063574 0.365474
vt 0.031951 0.379886
vt 0.032270 0.393899
vt 0.016454 0.380309
vt 0.047462 0.365630
vt 0.031531 0.365750
vt 0.015997 0.365957
vt 0.000420 0.366351
vt 0.000000 0.351711
vt 0.015364 0.351669
vt 0.000493 0.337851
vt 0.031048 0.351601
vt 0.016051 0.337897
vt 0.001072 0.324015
vt 0.046994 0.351653
vt 0.031686 0.337909
vt 0.016594 0.324226
vt 0.001529 0.310380
vt 0.017030 0.310645
vt 0.001800 0.296544
vt 0.032118 0.324299
vt 0.047656 0.337978
vt 0.063072 0.351717
vt 0.017252 0.296846
vt 0.002030 0.282692
vt 0.032389 0.310927
vt 0.017452 0.283143
vt 0.002294 0.268741
vt 0.032771 0.297309
vt 0.032951 0.283708
vt 0.017598 0.269382
vt 0.003417 0.253183
vt 0.032967 0.270054
vt 0.018835 0.253906
vt 0.004500 0.237759
vt 0.019910 0.238566
vt 0.005550 0.222582
vt 0.034255 0.254653
vt 0.048941 0.270692
vt 0.048953 0.284223
vt 0.020922 0.223453
vt 0.006518 0.207181
vt 0.021930 0.208143
vt 0.007492 0.191634
vt 0.036288 0.224386
vt 0.022796 0.192678
vt 0.008291 0.181025
vt 0.021712 0.178555
vt 0.010943 0.177903
vt 0.037290 0.209155
vt 0.035332 0.239346
vt 0.052172 0.225300
vt 0.053172 0.210188
vt 0.068200 0.226229
vt 0.069166 0.211249
vt 0.050212 0.255445
vt 0.051236 0.240219
vt 0.064921 0.271444
vt 0.066246 0.256295
vt 0.067258 0.241137
vt 0.085140 0.212407
vt 0.084249 0.227309
vt 0.101907 0.198682
vt 0.101199 0.213485
vt 0.081055 0.272282
vt 0.097365 0.273098
vt 0.102737 0.187971
vt 0.172799 0.182623
vt 0.174546 0.183907
vt 0.118826 0.189133
vt 0.412711 0.181432
vt 0.118118 0.199808
vt 0.178492 0.185085
vt 0.412672 0.182515
vt 0.366569 0.182877
vt 0.371295 0.183941
vt 0.320491 0.184319
vt 0.181467 0.186212
vt 0.134932 0.190191
vt 0.134484 0.201013
vt 0.117400 0.214497
vt 0.544465 0.765154
vt 0.531661 0.763992
vt 0.518864 0.762962
vt 0.532622 0.753025
vt 0.557277 0.766392
vt 0.545527 0.754135
vt 0.570184 0.767681
vt 0.558393 0.755359
vt 0.546527 0.743075
vt 0.583128 0.769075
vt 0.571348 0.756626
vt 0.559482 0.744229
vt 0.584368 0.757906
vt 0.596168 0.770497
vt 0.572479 0.745438
vt 0.560498 0.733074
vt 0.547511 0.731935
vt 0.585548 0.746714
vt 0.573548 0.734221
vt 0.561486 0.721838
vt 0.508581 0.465659
vt 0.508924 0.453220
vt 0.523702 0.453950
vt 0.538798 0.441994
vt 0.524018 0.441427
vt 0.539126 0.429301
vt 0.552256 0.429691
vt 0.493570 0.464917
vt 0.493391 0.477270
vt 0.507623 0.489290
vt 0.492514 0.488601
vt 0.509167 0.440755
vt 0.478041 0.476593
vt 0.493720 0.452539
vt 0.478127 0.464215
vt 0.524321 0.428831
vt 0.494103 0.440074
vt 0.539333 0.416662
vt 0.509489 0.428311
vt 0.524587 0.416324
vt 0.552489 0.416956
vt 0.565769 0.417226
vt 0.565987 0.404422
vt 0.539663 0.403993
vt 0.552797 0.404229
vt 0.566162 0.390365
vt 0.579422 0.390574
vt 0.579529 0.376410
vt 0.566252 0.376243
vt 0.579730 0.362188
vt 0.552941 0.390194
vt 0.539791 0.390004
vt 0.525043 0.403763
vt 0.510010 0.415779
vt 0.553018 0.376093
vt 0.553226 0.361898
vt 0.525000 0.389835
vt 0.566458 0.362037
vt 0.539912 0.375979
vt 0.540131 0.361834
vt 0.553375 0.347607
vt 0.579804 0.347857
vt 0.566597 0.347652
vt 0.593134 0.334401
vt 0.579900 0.334199
vt 0.593151 0.320732
vt 0.579905 0.320551
vt 0.566698 0.334035
vt 0.553484 0.333926
vt 0.566731 0.320484
vt 0.580050 0.307256
vt 0.580442 0.294201
vt 0.566900 0.307121
vt 0.567179 0.294135
vt 0.553500 0.307109
vt 0.553488 0.320421
vt 0.540362 0.307349
vt 0.540352 0.320701
vt 0.540322 0.334185
vt 0.525299 0.307781
vt 0.525358 0.321228
vt 0.509957 0.308304
vt 0.510300 0.321590
vt 0.540276 0.347596
vt 0.494719 0.295975
vt 0.494955 0.308987
vt 0.478952 0.284029
vt 0.479116 0.296917
vt 0.462641 0.285044
vt 0.462981 0.298036
vt 0.462501 0.272142
vt 0.461286 0.257609
vt 0.445154 0.258435
vt 0.444240 0.243809
vt 0.460375 0.242999
vt 0.459404 0.228191
vt 0.443487 0.229007
vt 0.427399 0.230043
vt 0.426518 0.215189
vt 0.474550 0.212431
vt 0.458431 0.213124
vt 0.457655 0.198163
vt 0.442506 0.213868
vt 0.456898 0.187929
vt 0.441670 0.198880
vt 0.425645 0.200316
vt 0.440865 0.188355
vt 0.425032 0.189509
vt 0.578026 0.456085
vt 0.565129 0.442868
vt 0.578407 0.443342
vt 0.565463 0.430085
vt 0.564386 0.468323
vt 0.564783 0.455578
vt 0.550204 0.491720
vt 0.563856 0.481103
vt 0.563333 0.492432
vt 0.550711 0.480446
vt 0.551223 0.467748
vt 0.551572 0.455105
vt 0.551892 0.442421
vt 0.538478 0.454588
vt 0.538116 0.467151
vt 0.537733 0.479776
vt 0.537145 0.490947
vt 0.523142 0.478881
vt 0.522445 0.490057
vt 0.523402 0.466393
vt 0.508427 0.478058
vt 0.521685 0.501312
vt 0.586665 0.735448
vt 0.533586 0.741984
vt 0.597450 0.759281
vt 0.598631 0.748061
vt 0.519810 0.752053
vt 0.574579 0.722980
vt 0.599847 0.736739
vt 0.587766 0.724130
vt 0.575597 0.711648
vt 0.613108 0.738060
vt 0.600983 0.725377
vt 0.588827 0.712752
vt 0.602112 0.713961
vt 0.562452 0.710550
vt 0.548435 0.720737
vt 0.563324 0.699222
vt 0.534521 0.730843
vt 0.549328 0.709488
vt 0.535440 0.719705
vt 0.520691 0.740965
vt 0.522386 0.718723
vt 0.536285 0.708490
vt 0.550165 0.698225
vt 0.521555 0.729901
vt 0.506130 0.739981
vt 0.506896 0.728889
vt 0.505340 0.750935
vt 0.504543 0.761844
vt 0.490830 0.749935
vt 0.490197 0.760779
vt 0.491493 0.739013
vt 0.475825 0.759799
vt 0.476363 0.748924
vt 0.475351 0.770603
vt 0.489564 0.771584
vt 0.503743 0.772658
vt 0.517938 0.773771
vt 0.502985 0.783336
vt 0.517006 0.784561
vt 0.516032 0.795272
vt 0.502170 0.794050
vt 0.501380 0.804439
vt 0.488979 0.782283
vt 0.488323 0.792870
vt 0.487847 0.803358
vt 0.487450 0.813442
vt 0.474925 0.781336
vt 0.474503 0.791970
vt 0.488154 0.826198
vt 0.490938 0.835879
vt 0.474225 0.812858
vt 0.475071 0.826463
vt 0.477228 0.841043
vt 0.461302 0.842303
vt 0.460500 0.827192
vt 0.445507 0.842425
vt 0.474240 0.802635
vt 0.460020 0.812781
vt 0.459886 0.801822
vt 0.445311 0.827099
vt 0.429648 0.841836
vt 0.445220 0.812158
vt 0.429992 0.826532
vt 0.413920 0.840819
vt 0.460131 0.791103
vt 0.445275 0.801136
vt 0.430357 0.811415
vt 0.414590 0.825421
vt 0.398113 0.839734
vt 0.460470 0.780351
vt 0.399302 0.824028
vt 0.381911 0.837703
vt 0.445481 0.790299
vt 0.460756 0.769602
vt 0.445812 0.779453
vt 0.430554 0.800362
vt 0.430719 0.789486
vt 0.461142 0.758762
vt 0.446154 0.768680
vt 0.431028 0.778597
vt 0.415729 0.799528
vt 0.415981 0.788709
vt 0.415356 0.810487
vt 0.400404 0.809274
vt 0.400952 0.798507
vt 0.383945 0.822686
vt 0.369187 0.820596
vt 0.365537 0.834646
vt 0.416285 0.777836
vt 0.431376 0.767847
vt 0.446442 0.757852
vt 0.416679 0.767153
vt 0.431719 0.757093
vt 0.461662 0.747929
vt 0.446860 0.747063
vt 0.477044 0.738058
vt 0.462268 0.737066
vt 0.492209 0.727984
vt 0.477700 0.727103
vt 0.492953 0.716946
vt 0.462850 0.726227
vt 0.447374 0.736226
vt 0.432548 0.735607
vt 0.478396 0.716125
vt 0.447923 0.725392
vt 0.507687 0.717782
vt 0.479105 0.705100
vt 0.523188 0.707529
vt 0.493759 0.705839
vt 0.508502 0.706635
vt 0.537079 0.697257
vt 0.523981 0.696338
vt 0.551013 0.686946
vt 0.537865 0.686030
vt 0.524803 0.685140
vt 0.538698 0.674776
vt 0.509345 0.695473
vt 0.525630 0.673896
vt 0.494569 0.694678
vt 0.510158 0.684263
vt 0.495337 0.683446
vt 0.479768 0.694008
vt 0.480461 0.682815
vt 0.496058 0.672183
vt 0.481160 0.671592
vt 0.510914 0.673001
vt 0.481857 0.660359
vt 0.496747 0.660912
vt 0.511623 0.661701
vt 0.526431 0.662597
vt 0.539565 0.663452
vt 0.551886 0.675652
vt 0.552808 0.664291
vt 0.564218 0.687905
vt 0.540377 0.652064
vt 0.527205 0.651250
vt 0.565132 0.676551
vt 0.577488 0.688885
vt 0.578438 0.677515
vt 0.576546 0.700263
vt 0.589838 0.701355
vt 0.590793 0.689951
vt 0.603164 0.702514
vt 0.615472 0.715191
vt 0.591772 0.678530
vt 0.604170 0.691041
vt 0.616554 0.703690
vt 0.605167 0.679579
vt 0.614305 0.726649
vt 0.611839 0.749403
vt 0.610603 0.760735
vt 0.609319 0.772014
vt 0.594787 0.781638
vt 0.607929 0.783255
vt 0.593474 0.792776
vt 0.606571 0.794479
vt 0.592078 0.803974
vt 0.605080 0.805728
vt 0.590569 0.815139
vt 0.603509 0.816931
vt 0.601881 0.827878
vt 0.104285 0.792998
vt 0.087591 0.784087
vt 0.086130 0.772805
vt 0.105693 0.804215
vt 0.089044 0.795317
vt 0.072298 0.786272
vt 0.070823 0.774920
vt 0.084722 0.761513
vt 0.083425 0.750212
vt 0.069387 0.763591
vt 0.055612 0.776866
vt 0.082011 0.738789
vt 0.067988 0.752009
vt 0.054166 0.765271
vt 0.040066 0.778914
vt 0.057158 0.788465
vt 0.038623 0.767241
vt 0.041636 0.790621
vt 0.052775 0.753740
vt 0.037359 0.755569
vt 0.043385 0.802361
vt 0.051376 0.742176
vt 0.036012 0.743949
vt 0.066517 0.740484
vt 0.049991 0.730653
vt 0.034644 0.732295
vt 0.065200 0.728991
vt 0.080703 0.727367
vt 0.096232 0.725722
vt 0.111641 0.724148
vt 0.048709 0.719065
vt 0.033341 0.720648
vt 0.063918 0.717501
vt 0.079465 0.715894
vt 0.094983 0.714349
vt 0.110426 0.712855
vt 0.125725 0.711448
vt 0.078268 0.704462
vt 0.062722 0.705980
vt 0.047504 0.707477
vt 0.032161 0.708975
vt 0.046369 0.695877
vt 0.031049 0.697311
vt 0.061551 0.694437
vt 0.077100 0.692961
vt 0.045126 0.684212
vt 0.029757 0.685673
vt 0.060397 0.682820
vt 0.075890 0.681437
vt 0.043863 0.672602
vt 0.028474 0.674042
vt 0.059164 0.671242
vt 0.074764 0.669928
vt 0.042640 0.660989
vt 0.027245 0.662426
vt 0.057887 0.659652
vt 0.073491 0.658433
vt 0.041365 0.649409
vt 0.026051 0.650797
vt 0.056643 0.648107
vt 0.072243 0.646912
vt 0.040111 0.637868
vt 0.024809 0.639263
vt 0.055400 0.636593
vt 0.071058 0.635356
vt 0.038912 0.626337
vt 0.023586 0.627662
vt 0.054203 0.625069
vt 0.069893 0.623864
vt 0.037688 0.614767
vt 0.022372 0.616066
vt 0.053021 0.613575
vt 0.068703 0.612337
vt 0.036469 0.603170
vt 0.021149 0.604482
vt 0.051820 0.602004
vt 0.067534 0.600846
vt 0.035214 0.591608
vt 0.019865 0.592905
vt 0.050582 0.590436
vt 0.066321 0.589267
vt 0.033881 0.580030
vt 0.018537 0.581330
vt 0.049251 0.578860
vt 0.065004 0.577683
vt 0.032528 0.568461
vt 0.017205 0.569749
vt 0.047907 0.567276
vt 0.063677 0.566092
vt 0.031157 0.556865
vt 0.015836 0.558170
vt 0.046547 0.555673
vt 0.062336 0.554476
vt 0.029762 0.545252
vt 0.014445 0.546586
vt 0.045171 0.544050
vt 0.060990 0.542834
vt 0.028352 0.533634
vt 0.013048 0.534991
vt 0.043761 0.532412
vt 0.059657 0.531066
vt 0.026940 0.521995
vt 0.011638 0.523367
vt 0.042389 0.520674
vt 0.058245 0.519374
vt 0.025578 0.510263
vt 0.010237 0.511683
vt 0.040987 0.508968
vt 0.056855 0.507582
vt 0.024162 0.498553
vt 0.008873 0.499980
vt 0.039542 0.497215
vt 0.055394 0.495818
vt 0.022722 0.486865
vt 0.007423 0.488273
vt 0.006616 0.475098
vt 0.038012 0.485479
vt 0.021999 0.473834
vt 0.005790 0.461965
vt 0.053894 0.484016
vt 0.021174 0.460765
vt 0.037393 0.472514
vt 0.004872 0.448904
vt 0.053210 0.471175
vt 0.020218 0.447756
vt 0.003802 0.435845
vt 0.036550 0.459600
vt 0.035650 0.446685
vt 0.019214 0.434727
vt 0.002693 0.422766
vt 0.034692 0.433716
vt 0.018117 0.421731
vt 0.001632 0.409674
vt 0.033619 0.420787
vt 0.016971 0.408798
vt 0.001292 0.395207
vt 0.032473 0.407959
vt 0.016718 0.394564
vt 0.000982 0.380772
vt 0.048457 0.407196
vt 0.049601 0.419957
vt 0.050568 0.432793
vt 0.065685 0.419077
vt 0.051500 0.445610
vt 0.066600 0.431732
vt 0.052389 0.458376
vt 0.067519 0.444460
vt 0.083610 0.442979
vt 0.068381 0.457128
vt 0.069201 0.469808
vt 0.084500 0.455757
vt 0.085250 0.468566
vt 0.069811 0.482572
vt 0.100591 0.454445
vt 0.101366 0.467312
vt 0.071326 0.494449
vt 0.085829 0.481204
vt 0.072800 0.506279
vt 0.087343 0.493153
vt 0.101988 0.479946
vt 0.613025 0.575993
vt 0.625857 0.588425
vt 0.612374 0.587539
vt 0.625118 0.599968
vt 0.600132 0.563637
vt 0.599515 0.575145
vt 0.587256 0.551278
vt 0.586676 0.562774
vt 0.611671 0.599084
vt 0.624256 0.611507
vt 0.598906 0.586677
vt 0.586055 0.574304
vt 0.610829 0.610598
vt 0.623339 0.623042
vt 0.598229 0.598196
vt 0.585471 0.585829
vt 0.609882 0.622109
vt 0.622445 0.634573
vt 0.597414 0.609681
vt 0.584826 0.597309
vt 0.608975 0.633613
vt 0.596467 0.621184
vt 0.584018 0.608781
vt 0.608054 0.645122
vt 0.595569 0.632670
vt 0.583093 0.620276
vt 0.607120 0.656612
vt 0.594654 0.644167
vt 0.582190 0.631760
vt 0.606150 0.668099
vt 0.593704 0.655648
vt 0.592739 0.667093
vt 0.581273 0.643225
vt 0.580344 0.654681
vt 0.579395 0.666113
vt 0.566093 0.665169
vt 0.567029 0.653740
vt 0.658228 0.472178
vt 0.673065 0.485875
vt 0.645105 0.458548
vt 0.631926 0.445086
vt 0.657747 0.485313
vt 0.672719 0.497695
vt 0.644660 0.471662
vt 0.657390 0.496979
vt 0.672320 0.509502
vt 0.644223 0.484774
vt 0.656936 0.508721
vt 0.671832 0.521299
vt 0.643803 0.496432
vt 0.656461 0.520417
vt 0.671343 0.533032
vt 0.643376 0.508080
vt 0.655979 0.532073
vt 0.670820 0.544740
vt 0.642906 0.519689
vt 0.642406 0.531317
vt 0.655466 0.543732
vt 0.670280 0.556433
vt 0.641887 0.542933
vt 0.654918 0.555375
vt 0.669743 0.568114
vt 0.641341 0.554538
vt 0.654354 0.567013
vt 0.669140 0.579787
vt 0.640756 0.566143
vt 0.653752 0.578644
vt 0.668440 0.591441
vt 0.640128 0.577747
vt 0.627165 0.565276
vt 0.627755 0.553700
vt 0.653051 0.590233
vt 0.667525 0.603061
vt 0.639442 0.589325
vt 0.626530 0.576865
vt 0.652245 0.601838
vt 0.666699 0.614698
vt 0.638671 0.600897
vt 0.651351 0.613459
vt 0.665801 0.626327
vt 0.637781 0.612473
vt 0.650476 0.625052
vt 0.664851 0.637947
vt 0.636911 0.624026
vt 0.649548 0.636653
vt 0.663877 0.649495
vt 0.635993 0.635587
vt 0.648602 0.648228
vt 0.662920 0.661113
vt 0.647639 0.659800
vt 0.661929 0.672729
vt 0.635051 0.647142
vt 0.567934 0.642320
vt 0.553704 0.652894
vt 0.568830 0.630871
vt 0.554617 0.641472
vt 0.541212 0.640631
vt 0.569739 0.619390
vt 0.555485 0.630013
vt 0.542055 0.629182
vt 0.528041 0.639826
vt 0.512331 0.650365
vt 0.556377 0.618533
vt 0.570650 0.607900
vt 0.497391 0.649607
vt 0.571440 0.596438
vt 0.557274 0.607053
vt 0.542944 0.617705
vt 0.558062 0.595568
vt 0.572088 0.584971
vt 0.543820 0.606205
vt 0.558722 0.584037
vt 0.572649 0.573411
vt 0.544561 0.594692
vt 0.559240 0.572519
vt 0.573223 0.561931
vt 0.545212 0.583187
vt 0.559866 0.561023
vt 0.573854 0.550421
vt 0.587835 0.539760
vt 0.545826 0.571673
vt 0.560506 0.549550
vt 0.574448 0.538932
vt 0.588359 0.528222
vt 0.546473 0.560202
vt 0.561099 0.538064
vt 0.574967 0.527425
vt 0.547179 0.548683
vt 0.561647 0.526605
vt 0.575502 0.515972
vt 0.588877 0.516733
vt 0.602298 0.517480
vt 0.602774 0.505972
vt 0.576044 0.504530
vt 0.589372 0.505266
vt 0.603263 0.494516
vt 0.589893 0.493833
vt 0.576584 0.493134
vt 0.590381 0.482384
vt 0.603740 0.482995
vt 0.562221 0.515183
vt 0.590913 0.469473
vt 0.604262 0.470017
vt 0.591315 0.456588
vt 0.577625 0.468887
vt 0.577081 0.481729
vt 0.592320 0.417948
vt 0.579233 0.404731
vt 0.579012 0.417590
vt 0.578740 0.430478
vt 0.592020 0.430842
vt 0.591667 0.443818
vt 0.605017 0.444244
vt 0.618751 0.431653
vt 0.618434 0.444662
vt 0.604657 0.457087
vt 0.618068 0.457601
vt 0.631540 0.458085
vt 0.617695 0.470597
vt 0.631136 0.471138
vt 0.617199 0.483588
vt 0.630691 0.484180
vt 0.616713 0.495155
vt 0.630228 0.495803
vt 0.629738 0.507403
vt 0.616233 0.506680
vt 0.629298 0.518963
vt 0.615750 0.518233
vt 0.628815 0.530554
vt 0.615287 0.529790
vt 0.628302 0.542140
vt 0.614776 0.541349
vt 0.601799 0.529008
vt 0.614221 0.552883
vt 0.601282 0.540548
vt 0.613644 0.564439
vt 0.600755 0.552091
vt 0.086714 0.634233
vt 0.087867 0.645733
vt 0.101235 0.621638
vt 0.102343 0.633117
vt 0.115841 0.609132
vt 0.116872 0.620634
vt 0.131453 0.608309
vt 0.130375 0.596725
vt 0.089053 0.657252
vt 0.103494 0.644592
vt 0.117976 0.632048
vt 0.132461 0.619739
vt 0.090306 0.668711
vt 0.104624 0.656054
vt 0.119166 0.643475
vt 0.133515 0.631109
vt 0.091427 0.680152
vt 0.105819 0.667546
vt 0.120287 0.654895
vt 0.134718 0.642484
vt 0.092605 0.691607
vt 0.106892 0.678958
vt 0.149124 0.630381
vt 0.121331 0.666319
vt 0.093793 0.702983
vt 0.108029 0.690265
vt 0.109190 0.701550
vt 0.122396 0.677669
vt 0.123500 0.688965
vt 0.124657 0.700212
vt 0.136772 0.665170
vt 0.137804 0.676447
vt 0.138832 0.687638
vt 0.139917 0.698923
vt 0.373992 0.734504
vt 0.388651 0.734620
vt 0.388346 0.745114
vt 0.373703 0.755318
vt 0.373764 0.744881
vt 0.374242 0.724026
vt 0.388922 0.724034
vt 0.374490 0.713441
vt 0.360287 0.713425
vt 0.360362 0.702682
vt 0.360113 0.723966
vt 0.346062 0.702668
vt 0.345996 0.691897
vt 0.346125 0.713308
vt 0.359927 0.734431
vt 0.346022 0.723874
vt 0.331823 0.713107
vt 0.331734 0.702485
vt 0.331872 0.723799
vt 0.331633 0.691726
vt 0.346054 0.681273
vt 0.319048 0.712993
vt 0.319142 0.723693
vt 0.318839 0.702267
vt 0.331499 0.680954
vt 0.318692 0.691491
vt 0.346155 0.670569
vt 0.360988 0.670909
vt 0.318631 0.680626
vt 0.361284 0.660177
vt 0.375834 0.671044
vt 0.331478 0.670156
vt 0.346295 0.659747
vt 0.376257 0.660296
vt 0.390987 0.670940
vt 0.361533 0.649269
vt 0.391497 0.660195
vt 0.405907 0.670732
vt 0.406407 0.659894
vt 0.376616 0.649424
vt 0.391934 0.649267
vt 0.406879 0.648923
vt 0.392250 0.638115
vt 0.407318 0.637767
vt 0.376870 0.638322
vt 0.361727 0.638135
vt 0.346453 0.648765
vt 0.392493 0.626764
vt 0.407692 0.626460
vt 0.377051 0.626946
vt 0.361846 0.626765
vt 0.346558 0.637617
vt 0.392679 0.615205
vt 0.408042 0.614911
vt 0.377182 0.615397
vt 0.361950 0.615211
vt 0.346640 0.626279
vt 0.392873 0.603506
vt 0.408350 0.603264
vt 0.377320 0.603620
vt 0.362009 0.603483
vt 0.346656 0.614791
vt 0.393133 0.591758
vt 0.408701 0.591608
vt 0.377496 0.591786
vt 0.362112 0.591663
vt 0.346612 0.603208
vt 0.393467 0.580022
vt 0.409102 0.580018
vt 0.377769 0.580016
vt 0.362309 0.579924
vt 0.480831 0.349141
vt 0.480320 0.336288
vt 0.496139 0.348465
vt 0.495652 0.335283
vt 0.479952 0.323185
vt 0.510574 0.334880
vt 0.495309 0.322078
vt 0.479485 0.310090
vt 0.463680 0.311325
vt 0.447644 0.312075
vt 0.525470 0.334588
vt 0.510942 0.348166
vt 0.525676 0.347900
vt 0.510517 0.362053
vt 0.525332 0.361923
vt 0.495680 0.362174
vt 0.510266 0.375874
vt 0.525131 0.375927
vt 0.510210 0.389632
vt 0.510271 0.403260
vt 0.495589 0.402844
vt 0.495390 0.389312
vt 0.495492 0.375790
vt 0.480408 0.362324
vt 0.480072 0.375617
vt 0.480191 0.402431
vt 0.494879 0.415190
vt 0.494553 0.427658
vt 0.479480 0.414897
vt 0.480012 0.389084
vt 0.464647 0.402125
vt 0.464412 0.388858
vt 0.464381 0.375575
vt 0.478939 0.427160
vt 0.478594 0.439626
vt 0.463489 0.426799
vt 0.463147 0.439035
vt 0.478330 0.451829
vt 0.462918 0.451221
vt 0.462709 0.463539
vt 0.462556 0.475905
vt 0.446867 0.475194
vt 0.447072 0.462760
vt 0.447329 0.450447
vt 0.447418 0.438544
vt 0.431525 0.450154
vt 0.431222 0.462708
vt 0.430975 0.475554
vt 0.431707 0.438118
vt 0.415404 0.449692
vt 0.447677 0.426500
vt 0.415528 0.437638
vt 0.431899 0.426095
vt 0.415756 0.425695
vt 0.398991 0.449430
vt 0.399047 0.437265
vt 0.416026 0.413819
vt 0.432299 0.413981
vt 0.448219 0.414360
vt 0.399316 0.425257
vt 0.382626 0.436896
vt 0.463916 0.414531
vt 0.448905 0.402038
vt 0.448659 0.388707
vt 0.432961 0.401845
vt 0.516142 0.593129
vt 0.500278 0.604112
vt 0.500924 0.592661
vt 0.531263 0.593900
vt 0.515439 0.604644
vt 0.530522 0.605397
vt 0.486582 0.580861
vt 0.485953 0.592353
vt 0.529670 0.616885
vt 0.514627 0.616114
vt 0.499536 0.615560
vt 0.485305 0.603769
vt 0.528827 0.628362
vt 0.513827 0.627557
vt 0.513079 0.638969
vt 0.498046 0.638289
vt 0.498784 0.626952
vt 0.484622 0.615183
vt 0.483934 0.626530
vt 0.483249 0.637836
vt 0.482562 0.649106
vt 0.468064 0.637513
vt 0.468697 0.626234
vt 0.469331 0.614889
vt 0.469977 0.603484
vt 0.467408 0.648794
vt 0.470582 0.592066
vt 0.466672 0.660040
vt 0.471183 0.580586
vt 0.466000 0.671214
vt 0.471784 0.569049
vt 0.487246 0.569317
vt 0.465355 0.682284
vt 0.472434 0.557489
vt 0.487918 0.557756
vt 0.464734 0.693307
vt 0.473109 0.545905
vt 0.488627 0.546185
vt 0.473807 0.534292
vt 0.458173 0.534033
vt 0.458919 0.522383
vt 0.457495 0.545638
vt 0.443281 0.522020
vt 0.444041 0.510331
vt 0.442555 0.533737
vt 0.456845 0.557242
vt 0.441891 0.545398
vt 0.428342 0.510046
vt 0.429102 0.498603
vt 0.427598 0.521761
vt 0.413311 0.498185
vt 0.414183 0.486871
vt 0.397232 0.497474
vt 0.412440 0.509759
vt 0.426894 0.533477
vt 0.411725 0.521527
vt 0.396390 0.509517
vt 0.380835 0.497107
vt 0.381684 0.484881
vt 0.395698 0.521338
vt 0.365054 0.484568
vt 0.365760 0.472481
vt 0.380262 0.509179
vt 0.364588 0.496860
vt 0.348531 0.484362
vt 0.348857 0.472098
vt 0.348269 0.496676
vt 0.364170 0.509009
vt 0.379675 0.521099
vt 0.348007 0.508891
vt 0.363789 0.520953
vt 0.395128 0.533167
vt 0.379238 0.532997
vt 0.411076 0.533266
vt 0.426248 0.545196
vt 0.410478 0.544990
vt 0.394623 0.544888
vt 0.441285 0.557019
vt 0.425656 0.556839
vt 0.409963 0.556695
vt 0.456254 0.568818
vt 0.440742 0.568582
vt 0.455681 0.580364
vt 0.425146 0.568460
vt 0.440197 0.580153
vt 0.455110 0.591837
vt 0.454548 0.603272
vt 0.439672 0.591671
vt 0.424662 0.580053
vt 0.409510 0.568385
vt 0.453964 0.614682
vt 0.439181 0.603150
vt 0.424183 0.591605
vt 0.453372 0.626029
vt 0.438635 0.614569
vt 0.423721 0.603133
vt 0.452790 0.637309
vt 0.438085 0.625929
vt 0.423278 0.614644
vt 0.452197 0.648529
vt 0.437545 0.637234
vt 0.422854 0.626088
vt 0.451550 0.659680
vt 0.437013 0.648442
vt 0.422415 0.637416
vt 0.450924 0.670753
vt 0.436428 0.659549
vt 0.421941 0.648580
vt 0.450289 0.681784
vt 0.435856 0.670547
vt 0.421425 0.659653
vt 0.420834 0.670592
vt 0.435265 0.681503
vt 0.449670 0.692709
vt 0.074193 0.518100
vt 0.088752 0.505037
vt 0.103474 0.491936
vt 0.118260 0.478764
vt 0.117659 0.466269
vt 0.119697 0.490821
vt 0.104852 0.503844
vt 0.134774 0.477726
vt 0.121048 0.502807
vt 0.090143 0.516857
vt 0.106228 0.515685
vt 0.075547 0.529831
vt 0.091499 0.528671
vt 0.076866 0.541664
vt 0.078196 0.553326
vt 0.092798 0.540407
vt 0.107528 0.527563
vt 0.122350 0.514745
vt 0.079510 0.564954
vt 0.094088 0.552220
vt 0.108760 0.539357
vt 0.123634 0.526590
vt 0.080815 0.576553
vt 0.095367 0.563870
vt 0.110020 0.551214
vt 0.124805 0.538423
vt 0.082087 0.588124
vt 0.096640 0.575484
vt 0.111260 0.562862
vt 0.125994 0.550329
vt 0.083237 0.599658
vt 0.097862 0.587071
vt 0.112458 0.574469
vt 0.127196 0.562008
vt 0.084421 0.611212
vt 0.098988 0.598618
vt 0.113629 0.586032
vt 0.128310 0.573591
vt 0.085564 0.622714
vt 0.100122 0.610138
vt 0.114750 0.597611
vt 0.129389 0.585192
vt 0.140905 0.537596
vt 0.142054 0.549532
vt 0.157043 0.536830
vt 0.158100 0.548756
vt 0.173754 0.548112
vt 0.172817 0.536260
vt 0.139768 0.525769
vt 0.155996 0.525054
vt 0.171908 0.524411
vt 0.138619 0.513844
vt 0.154946 0.513076
vt 0.170934 0.512447
vt 0.137385 0.501879
vt 0.153805 0.501075
vt 0.169948 0.500391
vt 0.136098 0.489850
vt 0.152617 0.488959
vt 0.151322 0.476768
vt 0.150727 0.464724
vt 0.168935 0.488174
vt 0.167752 0.475888
vt 0.184573 0.474970
vt 0.185362 0.487400
vt 0.186125 0.499697
vt 0.186955 0.511797
vt 0.202382 0.498887
vt 0.187800 0.523720
vt 0.203019 0.510972
vt 0.203701 0.522970
vt 0.188645 0.535648
vt 0.204474 0.534900
vt 0.189493 0.547295
vt 0.174706 0.559810
vt 0.205265 0.546658
vt 0.218488 0.534287
vt 0.219139 0.546118
vt 0.217868 0.522353
vt 0.233237 0.545516
vt 0.217301 0.510345
vt 0.232643 0.533692
vt 0.232148 0.521676
vt 0.216841 0.498156
vt 0.246464 0.521110
vt 0.231648 0.509603
vt 0.201773 0.486621
vt 0.216302 0.485926
vt 0.201282 0.474209
vt 0.231285 0.497450
vt 0.216001 0.473546
vt 0.246012 0.508951
vt 0.230913 0.485145
vt 0.245737 0.496867
vt 0.260404 0.508630
vt 0.260227 0.496470
vt 0.245449 0.484666
vt 0.230719 0.472921
vt 0.215614 0.461844
vt 0.200877 0.462390
vt 0.200440 0.450527
vt 0.183598 0.451140
vt 0.184154 0.462999
vt 0.167327 0.463855
vt 0.166761 0.451772
vt 0.166210 0.439827
vt 0.150148 0.452526
vt 0.134108 0.465461
vt 0.133462 0.452949
vt 0.149468 0.440317
vt 0.165406 0.427781
vt 0.116917 0.453572
vt 0.132742 0.440440
vt 0.148580 0.428060
vt 0.346646 0.591520
vt 0.393812 0.568340
vt 0.378037 0.568298
vt 0.362548 0.568236
vt 0.346797 0.579893
vt 0.394174 0.556638
vt 0.378369 0.556569
vt 0.378754 0.544792
vt 0.362831 0.556487
vt 0.363119 0.544681
vt 0.363441 0.532836
vt 0.346965 0.568193
vt 0.347151 0.556433
vt 0.347847 0.520857
vt 0.347612 0.532829
vt 0.347408 0.544709
vt 0.331392 0.568054
vt 0.331499 0.556372
vt 0.331651 0.544600
vt 0.331688 0.532629
vt 0.331713 0.520659
vt 0.317663 0.544223
vt 0.317614 0.556047
vt 0.317565 0.567802
vt 0.331810 0.508559
vt 0.317642 0.532298
vt 0.317650 0.520385
vt 0.331966 0.496323
vt 0.317594 0.508363
vt 0.303656 0.532283
vt 0.303445 0.520258
vt 0.303632 0.544262
vt 0.303642 0.555955
vt 0.289580 0.544146
vt 0.305908 0.702058
vt 0.305728 0.691245
vt 0.293010 0.702035
vt 0.292667 0.691242
vt 0.279689 0.691392
vt 0.292396 0.680363
vt 0.280091 0.702206
vt 0.306215 0.712940
vt 0.293367 0.712961
vt 0.280482 0.713055
vt 0.306308 0.723710
vt 0.293575 0.723794
vt 0.280759 0.723898
vt 0.267568 0.713373
vt 0.293755 0.734500
vt 0.267896 0.724225
vt 0.280975 0.734705
vt 0.306523 0.734366
vt 0.293965 0.745158
vt 0.319227 0.734356
vt 0.306718 0.745022
vt 0.331882 0.734418
vt 0.319361 0.744992
vt 0.345954 0.734410
vt 0.331937 0.744995
vt 0.359825 0.744886
vt 0.345909 0.744933
vt 0.359785 0.755285
vt 0.319497 0.755563
vt 0.331996 0.755489
vt 0.345904 0.755371
vt 0.319691 0.766111
vt 0.332074 0.765904
vt 0.345935 0.765715
vt 0.366355 0.424727
vt 0.366084 0.436662
vt 0.349841 0.412756
vt 0.349475 0.424709
vt 0.332793 0.424747
vt 0.382337 0.449032
vt 0.349253 0.436475
vt 0.332691 0.436541
vt 0.349197 0.448472
vt 0.332736 0.448478
vt 0.365867 0.448811
vt 0.348957 0.460240
vt 0.365848 0.460665
vt 0.382392 0.460902
vt 0.399004 0.461360
vt 0.382559 0.472783
vt 0.415186 0.462103
vt 0.399192 0.473452
vt 0.415128 0.474974
vt 0.398374 0.485346
vt 0.429978 0.487369
vt 0.445856 0.487003
vt 0.461587 0.487495
vt 0.444912 0.498665
vt 0.460575 0.499012
vt 0.477045 0.488026
vt 0.476125 0.499468
vt 0.491712 0.500052
vt 0.506805 0.500622
vt 0.506005 0.512058
vt 0.490899 0.511567
vt 0.475313 0.511040
vt 0.520949 0.512663
vt 0.536466 0.502177
vt 0.459689 0.510684
vt 0.474534 0.522695
vt 0.549590 0.503017
vt 0.535805 0.513514
vt 0.562786 0.503792
vt 0.548987 0.514368
vt 0.520224 0.524090
vt 0.535136 0.524917
vt 0.548392 0.525758
vt 0.505209 0.523522
vt 0.519498 0.535558
vt 0.534479 0.536362
vt 0.547812 0.537199
vt 0.533838 0.547830
vt 0.518819 0.547041
vt 0.504457 0.535018
vt 0.533185 0.559312
vt 0.518179 0.558553
vt 0.503721 0.546528
vt 0.490122 0.523096
vt 0.489367 0.534633
vt 0.503028 0.558056
vt 0.517485 0.570088
vt 0.532515 0.570816
vt 0.502348 0.569621
vt 0.516808 0.581599
vt 0.531921 0.582362
vt 0.501576 0.581173
vt 0.464111 0.704329
vt 0.463492 0.715300
vt 0.449143 0.703624
vt 0.448532 0.714527
vt 0.434692 0.692406
vt 0.434157 0.703229
vt 0.433548 0.714075
vt 0.433036 0.724821
vt 0.420251 0.681409
vt 0.419711 0.692166
vt 0.405362 0.681494
vt 0.419220 0.702932
vt 0.404819 0.692081
vt 0.390473 0.681537
vt 0.418713 0.713695
vt 0.404325 0.702797
vt 0.389992 0.692083
vt 0.418235 0.724446
vt 0.403912 0.713489
vt 0.389532 0.702723
vt 0.375424 0.681590
vt 0.375039 0.692116
vt 0.360717 0.681493
vt 0.360484 0.692053
vt 0.374720 0.702738
vt 0.389186 0.713397
vt 0.403526 0.724207
vt 0.417809 0.735133
vt 0.403142 0.734851
vt 0.432131 0.746338
vt 0.417414 0.745821
vt 0.417044 0.756486
vt 0.402805 0.745435
vt 0.402497 0.755999
vt 0.402179 0.766586
vt 0.388067 0.755644
vt 0.197350 0.379532
vt 0.212829 0.379057
vt 0.180019 0.379389
vt 0.197456 0.391716
vt 0.163248 0.378911
vt 0.180321 0.391695
vt 0.212823 0.391394
vt 0.163537 0.391518
vt 0.197920 0.403718
vt 0.180586 0.403856
vt 0.213209 0.403332
vt 0.198683 0.415574
vt 0.228226 0.390495
vt 0.213902 0.415040
vt 0.228442 0.402635
vt 0.199214 0.427186
vt 0.181447 0.415773
vt 0.348949 0.278162
vt 0.365661 0.289608
vt 0.349288 0.290287
vt 0.365956 0.301937
vt 0.332314 0.278830
vt 0.348249 0.264012
vt 0.382192 0.301284
vt 0.382579 0.313684
vt 0.365568 0.277263
vt 0.381888 0.288842
vt 0.398527 0.300606
vt 0.331732 0.264806
vt 0.317074 0.279243
vt 0.364609 0.262972
vt 0.347646 0.249842
vt 0.380807 0.261790
vt 0.381760 0.276346
vt 0.398190 0.288037
vt 0.397013 0.260725
vt 0.398070 0.275399
vt 0.414583 0.299979
vt 0.414153 0.287359
vt 0.399074 0.313117
vt 0.383072 0.326285
vt 0.366693 0.326741
vt 0.383446 0.338719
vt 0.366964 0.339127
vt 0.399677 0.325709
vt 0.415272 0.312537
vt 0.430535 0.299393
vt 0.416095 0.325163
vt 0.431454 0.312281
vt 0.400187 0.338167
vt 0.432374 0.325013
vt 0.400569 0.350788
vt 0.416670 0.337701
vt 0.289500 0.532075
vt 0.289675 0.555993
vt 0.303609 0.567640
vt 0.289688 0.567723
vt 0.275929 0.567718
vt 0.289865 0.579234
vt 0.303738 0.579203
vt 0.317553 0.579447
vt 0.290123 0.590726
vt 0.331275 0.579690
vt 0.303891 0.590717
vt 0.317655 0.590938
vt 0.331257 0.591275
vt 0.331300 0.602770
vt 0.317787 0.602391
vt 0.304132 0.602160
vt 0.290472 0.602176
vt 0.331357 0.614294
vt 0.317897 0.613790
vt 0.304317 0.613596
vt 0.290800 0.613561
vt 0.331431 0.625745
vt 0.318023 0.625155
vt 0.304529 0.624917
vt 0.291100 0.624826
vt 0.331461 0.637061
vt 0.318112 0.636420
vt 0.304736 0.636121
vt 0.291329 0.636016
vt 0.331454 0.648218
vt 0.318224 0.647583
vt 0.304876 0.647263
vt 0.291646 0.647176
vt 0.331446 0.659252
vt 0.318362 0.658680
vt 0.318464 0.669711
vt 0.305069 0.658379
vt 0.305274 0.669473
vt 0.305474 0.680399
vt 0.291810 0.658250
vt 0.292082 0.669379
vt 0.255746 0.746182
vt 0.229845 0.736611
vt 0.217149 0.737401
vt 0.242597 0.735980
vt 0.268199 0.735003
vt 0.255366 0.735468
vt 0.281238 0.745404
vt 0.294258 0.755863
vt 0.255026 0.724664
vt 0.242209 0.725293
vt 0.254656 0.713842
vt 0.241828 0.714481
vt 0.229405 0.725876
vt 0.228900 0.715127
vt 0.241272 0.703573
vt 0.228382 0.704243
vt 0.216730 0.726585
vt 0.216104 0.715873
vt 0.215528 0.705016
vt 0.227834 0.693379
vt 0.214955 0.694195
vt 0.201510 0.716603
vt 0.200780 0.705798
vt 0.200153 0.694943
vt 0.214277 0.683440
vt 0.199425 0.684189
vt 0.185224 0.695671
vt 0.184473 0.684847
vt 0.185915 0.706619
vt 0.170379 0.696619
vt 0.171306 0.707560
vt 0.186728 0.717347
vt 0.156189 0.708676
vt 0.172102 0.718414
vt 0.187466 0.728253
vt 0.202213 0.727440
vt 0.188299 0.739135
vt 0.202858 0.738257
vt 0.172863 0.729437
vt 0.157129 0.719699
vt 0.203493 0.749007
vt 0.189059 0.749923
vt 0.174684 0.750975
vt 0.173772 0.740327
vt 0.158006 0.730600
vt 0.141998 0.721181
vt 0.158988 0.741531
vt 0.159956 0.752226
vt 0.142940 0.732244
vt 0.143938 0.743162
vt 0.127929 0.733788
vt 0.126877 0.722664
vt 0.128933 0.744910
vt 0.112808 0.735422
vt 0.140996 0.710053
vt 0.155144 0.697652
vt 0.154119 0.686596
vt 0.169452 0.685640
vt 0.153171 0.675350
vt 0.168545 0.674675
vt 0.183606 0.674040
vt 0.152158 0.664140
vt 0.167588 0.663607
vt 0.182771 0.663031
vt 0.198639 0.673499
vt 0.181778 0.652035
vt 0.197747 0.662737
vt 0.213567 0.672749
vt 0.196725 0.651800
vt 0.227243 0.682603
vt 0.212676 0.661983
vt 0.226745 0.671856
vt 0.240646 0.692650
vt 0.240279 0.681829
vt 0.254168 0.703029
vt 0.253584 0.692189
vt 0.267101 0.702545
vt 0.266646 0.691723
vt 0.253189 0.681228
vt 0.279339 0.680551
vt 0.266185 0.680861
vt 0.278917 0.669559
vt 0.278556 0.658506
vt 0.265700 0.669886
vt 0.252649 0.670165
vt 0.239704 0.670999
vt 0.278286 0.647340
vt 0.225904 0.661085
vt 0.239065 0.660133
vt 0.252150 0.659285
vt 0.277983 0.636142
vt 0.265248 0.658920
vt 0.264859 0.647716
vt 0.264462 0.636462
vt 0.277589 0.624909
vt 0.264184 0.625218
vt 0.251521 0.648260
vt 0.251076 0.637150
vt 0.250772 0.625793
vt 0.238344 0.649085
vt 0.237770 0.637892
vt 0.237254 0.626511
vt 0.225003 0.650089
vt 0.224291 0.638855
vt 0.223704 0.627412
vt 0.211777 0.650964
vt 0.210971 0.639782
vt 0.195832 0.640541
vt 0.180806 0.640830
vt 0.210260 0.628279
vt 0.195058 0.629004
vt 0.179927 0.629462
vt 0.166588 0.652433
vt 0.165656 0.641142
vt 0.151136 0.652983
vt 0.135758 0.653857
vt 0.150117 0.641681
vt 0.164746 0.629829
vt 0.179065 0.617792
vt 0.163733 0.618315
vt 0.148036 0.618896
vt 0.178273 0.606026
vt 0.194318 0.617262
vt 0.162831 0.606703
vt 0.147150 0.607441
vt 0.161997 0.595119
vt 0.146158 0.595889
vt 0.177392 0.594416
vt 0.145235 0.584413
vt 0.161066 0.583608
vt 0.176473 0.582869
vt 0.192801 0.593739
vt 0.144155 0.572778
vt 0.160112 0.572035
vt 0.175640 0.571346
vt 0.191928 0.582140
vt 0.143175 0.561250
vt 0.159119 0.560501
vt 0.063706 0.338233
vt 0.048076 0.324502
vt 0.079295 0.351799
vt 0.095633 0.351912
vt 0.079879 0.338447
vt 0.096182 0.338709
vt 0.080234 0.325213
vt 0.064109 0.324846
vt 0.048381 0.311283
vt 0.064443 0.311720
vt 0.080666 0.312167
vt 0.097049 0.312554
vt 0.097167 0.299343
vt 0.080870 0.298826
vt 0.097295 0.286258
vt 0.080995 0.285495
vt 0.064718 0.298312
vt 0.064963 0.284942
vt 0.048634 0.297678
vt 0.416639 0.401696
vt 0.432746 0.388782
vt 0.448778 0.375584
vt 0.400376 0.401417
vt 0.432730 0.375755
vt 0.416443 0.388763
vt 0.416503 0.375938
vt 0.432888 0.362903
vt 0.416607 0.363087
vt 0.449029 0.362851
vt 0.417069 0.350365
vt 0.464815 0.362672
vt 0.433414 0.350241
vt 0.449709 0.350211
vt 0.465513 0.349837
vt 0.464900 0.337278
vt 0.449320 0.337667
vt 0.464390 0.324287
vt 0.448553 0.324906
vt 0.433087 0.337700
vt 0.400076 0.363397
vt 0.383799 0.351245
vt 0.399956 0.376056
vt 0.383334 0.363657
vt 0.367299 0.351549
vt 0.350449 0.351843
vt 0.366834 0.363949
vt 0.383307 0.376229
vt 0.400012 0.388699
vt 0.366848 0.376354
vt 0.350184 0.364085
vt 0.333441 0.364320
vt 0.333497 0.376716
vt 0.318285 0.376915
vt 0.350209 0.376498
vt 0.333353 0.388728
vt 0.350261 0.388636
vt 0.383411 0.388682
vt 0.366960 0.388599
vt 0.350257 0.400787
vt 0.367263 0.400860
vt 0.383724 0.401055
vt 0.366722 0.412795
vt 0.383301 0.412988
vt 0.399712 0.413343
vt 0.382903 0.424951
vt 0.303386 0.508259
vt 0.303343 0.496176
vt 0.289060 0.508092
vt 0.288856 0.496066
vt 0.274719 0.508270
vt 0.289184 0.520008
vt 0.274882 0.520163
vt 0.275201 0.532256
vt 0.260646 0.520685
vt 0.275389 0.544254
vt 0.260906 0.532632
vt 0.246836 0.533084
vt 0.275694 0.556076
vt 0.261256 0.544531
vt 0.247310 0.545015
vt 0.233779 0.557120
vt 0.247668 0.556763
vt 0.261587 0.556304
vt 0.219808 0.557680
vt 0.234373 0.568798
vt 0.248240 0.568337
vt 0.262017 0.567941
vt 0.276148 0.579362
vt 0.276466 0.590910
vt 0.262422 0.579550
vt 0.248748 0.579945
vt 0.234915 0.580387
vt 0.262839 0.591154
vt 0.249263 0.591524
vt 0.263327 0.602575
vt 0.276852 0.602353
vt 0.277220 0.613688
vt 0.263735 0.613910
vt 0.249743 0.602986
vt 0.250284 0.614371
vt 0.235570 0.591928
vt 0.236193 0.603452
vt 0.236720 0.615037
vt 0.223096 0.615827
vt 0.222500 0.604100
vt 0.221846 0.592474
vt 0.221131 0.580866
vt 0.209567 0.616576
vt 0.208907 0.604790
vt 0.193603 0.605460
vt 0.208258 0.593017
vt 0.207444 0.581456
vt 0.191131 0.570576
vt 0.206688 0.569893
vt 0.190326 0.558959
vt 0.205990 0.558281
vt 0.220468 0.569348
vt 0.333067 0.400882
vt 0.318420 0.388915
vt 0.332974 0.412872
vt 0.318028 0.412926
vt 0.318053 0.424827
vt 0.318109 0.436583
vt 0.317948 0.400938
vt 0.303140 0.424798
vt 0.318094 0.448377
vt 0.303128 0.436464
vt 0.303142 0.448647
vt 0.317986 0.460135
vt 0.303044 0.413044
vt 0.288300 0.424856
vt 0.302640 0.401429
vt 0.288185 0.413180
vt 0.288338 0.436807
vt 0.273561 0.413279
vt 0.302946 0.460558
vt 0.288252 0.401551
vt 0.288354 0.460378
vt 0.273752 0.401536
vt 0.258776 0.401601
vt 0.258545 0.389549
vt 0.258831 0.413520
vt 0.273479 0.389550
vt 0.273328 0.377400
vt 0.288011 0.389447
vt 0.273546 0.425166
vt 0.258892 0.425399
vt 0.303039 0.389358
vt 0.288168 0.377309
vt 0.302998 0.377274
vt 0.303019 0.364738
vt 0.273671 0.437112
vt 0.259083 0.437254
vt 0.273660 0.448846
vt 0.288269 0.448672
vt 0.259218 0.448894
vt 0.244499 0.437410
vt 0.259538 0.460595
vt 0.244744 0.449083
vt 0.229842 0.437733
vt 0.274008 0.460438
vt 0.274236 0.471995
vt 0.230112 0.449507
vt 0.215228 0.450148
vt 0.245024 0.460874
vt 0.230428 0.461294
vt 0.245271 0.472379
vt 0.259794 0.472123
vt 0.259953 0.484269
vt 0.274337 0.484040
vt 0.274578 0.496178
vt 0.288648 0.472014
vt 0.288764 0.483984
vt 0.303047 0.472021
vt 0.303155 0.484007
vt 0.317679 0.471771
vt 0.332415 0.460297
vt 0.332315 0.471963
vt 0.317648 0.483926
vt 0.332156 0.483970
vt 0.317582 0.496149
vt 0.228987 0.414522
vt 0.182262 0.427613
vt 0.214414 0.426768
vt 0.199904 0.438834
vt 0.214858 0.438439
vt 0.229384 0.426253
vt 0.183108 0.439237
vt 0.244214 0.425715
vt 0.243937 0.413954
vt 0.243654 0.402010
vt 0.243407 0.389884
vt 0.243369 0.377994
vt 0.258383 0.377432
vt 0.258317 0.365471
vt 0.258414 0.353558
vt 0.273410 0.365198
vt 0.258295 0.341287
vt 0.273370 0.353343
vt 0.288148 0.365000
vt 0.273247 0.341071
vt 0.288328 0.353091
vt 0.273228 0.328787
vt 0.273056 0.316345
vt 0.288272 0.340913
vt 0.288154 0.328721
vt 0.303152 0.352827
vt 0.446783 0.298898
vt 0.430193 0.286642
vt 0.414043 0.274550
vt 0.446356 0.285902
vt 0.430127 0.273817
vt 0.413065 0.259922
vt 0.429086 0.259230
vt 0.446237 0.273073
vt 0.428157 0.244662
vt 0.412148 0.245458
vt 0.396100 0.246240
vt 0.411433 0.231123
vt 0.379803 0.247401
vt 0.395286 0.232015
vt 0.363867 0.248532
vt 0.394527 0.217773
vt 0.378984 0.233034
vt 0.363127 0.234116
vt 0.378311 0.218726
vt 0.410582 0.216608
vt 0.377747 0.204395
vt 0.377249 0.193748
vt 0.361984 0.205289
vt 0.376201 0.190404
vt 0.361509 0.194364
vt 0.359980 0.191097
vt 0.345800 0.195332
vt 0.349209 0.191731
vt 0.356840 0.191279
vt 0.346149 0.206333
vt 0.346853 0.191803
vt 0.334076 0.192562
vt 0.330016 0.196227
vt 0.320072 0.193379
vt 0.315484 0.197071
vt 0.329826 0.207712
vt 0.315086 0.208504
vt 0.346536 0.220946
vt 0.330150 0.222351
vt 0.315134 0.223106
vt 0.362468 0.219739
vt 0.347040 0.235372
vt 0.330537 0.236730
vt 0.331084 0.250812
vt 0.315322 0.237396
vt 0.316499 0.265276
vt 0.315856 0.251383
vt 0.300243 0.237475
vt 0.300160 0.223262
vt 0.302034 0.279413
vt 0.285513 0.222980
vt 0.302335 0.291425
vt 0.285582 0.237262
vt 0.287487 0.291632
vt 0.287722 0.303871
vt 0.271256 0.222583
vt 0.271196 0.236849
vt 0.257133 0.222137
vt 0.271465 0.251025
vt 0.243585 0.207428
vt 0.242998 0.221703
vt 0.271974 0.265256
vt 0.286001 0.251327
vt 0.272380 0.279631
vt 0.286724 0.265411
vt 0.300756 0.251468
vt 0.301355 0.265415
vt 0.287289 0.279510
vt 0.272521 0.291804
vt 0.272771 0.304017
vt 0.303156 0.340667
vt 0.287894 0.316291
vt 0.303115 0.328347
vt 0.302890 0.315870
vt 0.318172 0.328107
vt 0.318271 0.340378
vt 0.318186 0.352612
vt 0.318245 0.364420
vt 0.333462 0.352246
vt 0.333434 0.339979
vt 0.350286 0.339570
vt 0.333296 0.327738
vt 0.350091 0.327266
vt 0.349747 0.314879
vt 0.333062 0.315266
vt 0.317993 0.315593
vt 0.349522 0.302548
vt 0.302650 0.303575
vt 0.332874 0.303042
vt 0.317745 0.303374
vt 0.366255 0.314324
vt 0.332628 0.290815
vt 0.317493 0.291219
s 1
f 1/1/1 2/2/2 3/3/3
f 4/4/4 5/5/5 6/6/6
f 6/6/6 5/5/5 7/7/7
f 8/8/8 9/9/9 4/4/4
f 5/5/5 4/4/4 9/9/9
f 1/1/1 10/10/10 8/8/8
f 9/9/9 8/8/8 10/10/10
f 3/3/3 11/11/11 1/1/1
f 10/10/10 1/1/1 11/11/11
f 11/11/11 3/3/3 12/12/12
f 12/12/12 13/13/13 11/11/11
f 13/13/13 12/12/12 14/14/14
f 11/11/11 15/15/15 10/10/10
f 15/15/15 11/11/11 13/13/13
f 10/10/10 16/16/16 9/9/9
f 16/16/16 10/10/10 15/15/15
f 17/17/17 9/9/9 16/16/16
f 9/9/9 17/17/17 5/5/5
f 18/18/18 16/16/16 15/15/15
f 13/13/13 18/18/18 15/15/15
f 16/16/16 18/18/18 19/19/19
f 19/19/19 17/17/17 16/16/16
f 18/18/18 13/13/13 20/20/20
f 14/14/14 20/20/20 13/13/13
f 20/20/20 14/14/14 21/21/21
f 20/20/20 22/22/22 18/18/18
f 22/22/22 19/19/19 18/18/18
f 21/21/21 23/23/23 20/20/20
f 22/22/22 20/20/20 23/23/23
f 23/23/23 21/21/21 24/24/24
f 23/23/23 25/25/25 22/22/22
f 24/24/24 26/26/26 23/23/23
f 25/25/25 23/23/23 26/26/26
f 26/26/26 24/24/24 27/27/27
f 27/27/27 28/28/28 26/26/26
f 26/26/26 28/28/28 25/25/25
f 28/28/28 27/27/27 29/29/29
f 19/19/19 22/22/22 30/30/30
f 25/25/25 30/30/30 22/22/22
f 30/30/30 31/31/31 19/19/19
f 17/17/17 19/19/19 31/31/31
f 32/32/32 28/28/28 29/29/29
f 30/30/30 25/25/25 33/33/33
f 25/25/25 28/28/28 34/34/34
f 25/25/25 34/34/34 33/33/33
f 33/33/33 35/35/35 30/30/30
f 31/31/31 30/30/30 35/35/35
f 33/33/33 34/34/34 36/36/36
f 28/28/28 37/37/37 34/34/34
f 34/34/34 37/37/37 36/36/36
f 38/38/38 39/39/39 40/40/40
f 41/41/41 40/40/40 39/39/39
f 42/42/42 43/43/43 38/38/38
f 40/40/40 42/42/42 38/38/38
f 40/40/40 41/41/41 44/44/44
f 45/45/45 44/44/44 41/41/41
f 45/45/45 46/46/46 44/44/44
f 47/47/47 44/44/44 46/46/46
f 44/44/44 48/48/48 40/40/40
f 48/48/48 42/42/42 40/40/40
f 44/44/44 47/47/47 49/49/49
f 48/48/48 44/44/44 49/49/49
f 50/50/50 49/49/49 47/47/47
f 49/49/49 50/50/50 51/51/51
f 51/51/51 48/48/48 49/49/49
f 52/52/52 51/51/51 50/50/50
f 53/53/53 42/42/42 48/48/48
f 48/48/48 51/51/51 53/53/53
f 51/51/51 52/52/52 54/54/54
f 54/54/54 53/53/53 51/51/51
f 55/55/55 54/54/54 52/52/52
f 54/54/54 55/55/55 56/56/56
f 57/57/57 56/56/56 55/55/55
f 53/53/53 54/54/54 58/58/58
f 56/56/56 58/58/58 54/54/54
f 56/56/56 57/57/57 59/59/59
f 60/60/60 59/59/59 57/57/57
f 58/58/58 56/56/56 61/61/61
f 59/59/59 60/60/60 62/62/62
f 59/59/59 63/63/63 56/56/56
f 56/56/56 63/63/63 61/61/61
f 62/62/62 63/63/63 59/59/59
f 64/64/64 62/62/62 60/60/60
f 61/61/61 65/65/65 58/58/58
f 58/58/58 65/65/65 53/53/53
f 63/63/63 7/7/7 61/61/61
f 62/62/62 64/64/64 66/66/66
f 63/63/63 62/62/62 67/67/67
f 66/66/66 67/67/67 62/62/62
f 67/67/67 6/6/6 63/63/63
f 63/63/63 6/6/6 7/7/7
f 67/67/67 66/66/66 68/68/68
f 68/68/68 6/6/6 67/67/67
f 64/64/64 69/69/69 66/66/66
f 69/69/69 68/68/68 66/66/66
f 64/64/64 70/70/70 69/69/69
f 70/70/70 71/71/71 69/69/69
f 70/70/70 72/72/72 71/71/71
f 73/73/73 71/71/71 72/72/72
f 71/71/71 73/73/73 74/74/74
f 71/71/71 75/75/75 69/69/69
f 68/68/68 69/69/69 75/75/75
f 74/74/74 76/76/76 71/71/71
f 75/75/75 71/71/71 76/76/76
f 76/76/76 74/74/74 2/2/2
f 75/75/75 4/4/4 68/68/68
f 6/6/6 68/68/68 4/4/4
f 76/76/76 8/8/8 75/75/75
f 4/4/4 75/75/75 8/8/8
f 2/2/2 1/1/1 76/76/76
f 8/8/8 76/76/76 1/1/1
f 33/33/33 36/36/36 77/77/77
f 35/35/35 33/33/33 77/77/77
f 77/77/77 36/36/36 78/78/78
f 35/35/35 77/77/77 79/79/79
f 35/35/35 80/80/80 31/31/31
f 80/80/80 35/35/35 79/79/79
f 81/81/81 31/31/31 80/80/80
f 31/31/31 81/81/81 17/17/17
f 82/82/82 17/17/17 81/81/81
f 17/17/17 82/82/82 5/5/5
f 7/7/7 5/5/5 82/82/82
f 7/7/7 82/82/82 83/83/83
f 61/61/61 7/7/7 83/83/83
f 65/65/65 61/61/61 83/83/83
f 83/83/83 82/82/82 84/84/84
f 84/84/84 65/65/65 83/83/83
f 82/82/82 81/81/81 84/84/84
f 84/84/84 81/81/81 85/85/85
f 80/80/80 85/85/85 81/81/81
f 65/65/65 84/84/84 86/86/86
f 84/84/84 85/85/85 86/86/86
f 65/65/65 86/86/86 87/87/87
f 53/53/53 65/65/65 87/87/87
f 42/42/42 53/53/53 87/87/87
f 88/88/88 42/42/42 87/87/87
f 87/87/87 86/86/86 88/88/88
f 42/42/42 88/88/88 43/43/43
f 89/89/89 43/43/43 88/88/88
f 86/86/86 90/90/90 88/88/88
f 88/88/88 90/90/90 89/89/89
f 86/86/86 85/85/85 90/90/90
f 85/85/85 80/80/80 91/91/91
f 85/85/85 91/91/91 90/90/90
f 80/80/80 79/79/79 91/91/91
f 92/92/92 89/89/89 90/90/90
f 90/90/90 91/91/91 92/92/92
f 89/89/89 92/92/92 93/93/93
f 91/91/91 79/79/79 94/94/94
f 94/94/94 92/92/92 91/91/91
f 92/92/92 95/95/95 93/93/93
f 92/92/92 94/94/94 95/95/95
f 93/93/93 95/95/95 96/96/96
f 95/95/95 97/97/97 96/96/96
f 94/94/94 97/97/97 95/95/95
f 96/96/96 97/97/97 98/98/98
f 79/79/79 99/99/99 94/94/94
f 97/97/97 94/94/94 99/99/99
f 100/100/100 98/98/98 97/97/97
f 99/99/99 100/100/100 97/97/97
f 98/98/98 100/100/100 101/101/101
f 99/99/99 79/79/79 102/102/102
f 79/79/79 77/77/77 102/102/102
f 78/78/78 102/102/102 77/77/77
f 100/100/100 103/103/103 101/101/101
f 100/100/100 99/99/99 104/104/104
f 102/102/102 104/104/104 99/99/99
f 104/104/104 103/103/103 100/100/100
f 101/101/101 103/103/103 105/105/105
f 104/104/104 102/102/102 106/106/106
f 102/102/102 78/78/78 106/106/106
f 103/103/103 104/104/104 107/107/107
f 106/106/106 107/107/107 104/104/104
f 105/105/105 103/103/103 108/108/108
f 78/78/78 109/109/109 106/106/106
f 103/103/103 107/107/107 110/110/110
f 108/108/108 103/103/103 110/110/110
f 107/107/107 106/106/106 111/111/111
f 106/106/106 109/109/109 111/111/111
f 110/110/110 107/107/107 112/112/112
f 107/107/107 111/111/111 112/112/112
f 111/111/111 109/109/109 113/113/113
f 112/112/112 111/111/111 113/113/113
f 114/114/114 115/115/115 116/116/116
f 115/115/115 114/114/114 117/117/117
f 118/118/118 119/119/119 120/120/120
f 119/119/119 118/118/118 121/121/121
f 120/120/120 122/122/122 118/118/118
f 122/122/122 120/120/120 123/123/123
f 123/123/123 124/124/124 122/122/122
f 125/125/125 126/126/126 127/127/127
f 128/126/126 129/128/128 127/127/127
f 129/128/128 128/126/126 130/129/129
f 131/129/129 132/130/130 129/128/128
f 132/130/130 131/129/129 133/131/131
f 133/131/131 134/132/132 132/130/130
f 134/132/132 133/131/131 135/133/133
f 136/134/134 134/132/132 137/133/135
f 136/134/134 138/135/136 134/132/132
f 139/134/137 140/136/138 138/135/136
f 141/137/139 142/138/140 143/139/141
f 144/126/142 145/125/125 146/140/143
f 146/140/143 147/141/144 144/126/142
f 147/141/144 146/140/143 148/142/145
f 148/142/145 149/143/146 147/141/144
f 145/125/125 150/144/147 146/140/143
f 151/145/148 146/140/143 150/144/147
f 146/140/143 151/145/148 152/142/149
f 153/146/150 152/142/149 151/145/148
f 150/144/147 145/125/125 154/147/151
f 152/142/149 153/146/150 155/148/152
f 149/143/146 148/142/145 155/148/152
f 156/149/153 154/147/151 145/125/125
f 157/150/154 158/144/155 154/147/151
f 158/144/155 157/150/154 159/151/156
f 159/151/156 160/152/157 158/144/155
f 159/151/156 153/146/150 160/152/157
f 161/153/158 153/146/150 159/151/156
f 145/125/125 162/154/159 156/149/153
f 162/154/159 145/125/125 163/127/127
f 154/147/151 156/149/153 164/155/160
f 164/155/160 165/150/161 154/147/151
f 166/123/162 164/155/160 156/149/153
f 165/150/161 164/155/160 167/156/163
f 164/155/160 166/123/162 168/120/164
f 168/120/164 167/156/163 164/155/160
f 167/156/163 169/151/165 165/150/161
f 167/156/163 168/120/164 170/119/166
f 169/151/165 167/156/163 171/157/167
f 170/119/166 172/157/167 167/156/163
f 172/157/167 170/119/166 173/158/168
f 174/159/169 172/157/167 173/158/168
f 175/160/170 169/151/165 171/157/167
f 172/157/167 174/159/169 175/160/170
f 169/151/165 175/160/170 161/153/158
f 156/149/153 176/161/171 166/123/162
f 176/161/171 156/149/153 162/154/159
f 177/124/172 166/123/162 176/161/171
f 178/162/173 161/153/158 175/160/170
f 176/161/171 179/163/174 177/124/172
f 162/154/159 180/164/175 176/161/171
f 179/163/174 176/161/171 180/164/175
f 180/164/175 162/154/159 181/165/176
f 163/127/127 181/165/176 162/154/159
f 181/165/176 163/127/127 182/128/128
f 182/128/128 183/166/177 181/165/176
f 183/166/177 182/128/128 184/130/130
f 181/165/176 185/167/178 180/164/175
f 185/167/178 181/165/176 183/166/177
f 180/164/175 186/168/179 179/163/174
f 186/168/179 180/164/175 185/167/178
f 184/130/130 187/169/180 183/166/177
f 187/169/180 184/130/130 188/132/132
f 183/166/177 189/170/181 185/167/178
f 189/170/181 183/166/177 187/169/180
f 185/167/178 190/171/182 186/168/179
f 190/171/182 185/167/178 189/170/181
f 188/132/132 191/172/183 187/169/180
f 191/172/183 188/132/132 192/135/136
f 187/169/180 193/173/184 189/170/181
f 193/173/184 187/169/180 191/172/183
f 189/170/181 194/174/185 190/171/182
f 194/174/185 189/170/181 193/173/184
f 192/135/136 195/175/186 191/172/183
f 196/176/187 190/171/182 194/174/185
f 195/175/186 192/135/136 197/136/138
f 191/172/183 198/177/188 193/173/184
f 198/177/188 191/172/183 195/175/186
f 193/173/184 199/178/189 194/174/185
f 199/178/189 193/173/184 198/177/188
f 200/179/190 194/174/185 199/178/189
f 194/174/185 200/179/190 196/176/187
f 198/177/188 201/180/191 199/178/189
f 201/180/191 200/179/190 199/178/189
f 195/175/186 202/181/192 198/177/188
f 201/180/191 198/177/188 202/181/192
f 202/181/192 195/175/186 203/182/193
f 197/136/138 203/182/193 195/175/186
f 202/181/192 204/183/194 201/180/191
f 200/179/190 201/180/191 205/184/195
f 204/183/194 205/184/195 201/180/191
f 206/185/196 200/179/190 205/184/195
f 203/182/193 207/186/197 202/181/192
f 204/183/194 202/181/192 207/186/197
f 203/182/193 197/136/138 208/187/198
f 205/184/195 204/183/194 209/188/199
f 209/188/199 206/185/196 205/184/195
f 210/189/200 209/188/199 204/183/194
f 209/188/199 210/189/200 211/190/201
f 212/191/202 211/190/201 210/189/200
f 212/191/202 213/192/203 211/190/201
f 214/193/204 208/187/198 197/136/138
f 197/136/138 215/134/134 216/193/204
f 215/134/134 217/194/205 216/193/204
f 217/194/205 215/134/134 218/195/206
f 217/194/205 218/195/206 219/196/207
f 212/191/202 220/197/208 213/192/203
f 221/198/209 217/194/205 219/196/207
f 220/197/208 212/191/202 222/199/210
f 220/197/208 223/200/211 213/192/203
f 213/192/203 223/200/211 224/201/212
f 223/200/211 220/197/208 225/202/213
f 213/192/203 224/201/212 226/190/201
f 227/203/214 226/190/201 224/201/212
f 226/190/201 227/203/214 209/188/199
f 206/185/196 209/188/199 227/203/214
f 228/204/215 227/203/214 224/201/212
f 224/201/212 229/205/216 228/204/215
f 229/205/216 224/201/212 230/200/217
f 225/202/213 229/205/216 230/200/217
f 229/205/216 225/202/213 231/206/218
f 232/207/219 206/185/196 227/203/214
f 227/203/214 228/204/215 232/207/219
f 233/208/220 232/207/219 228/204/215
f 233/208/220 228/204/215 234/205/216
f 234/205/216 235/209/221 233/208/220
f 231/206/218 235/209/221 234/205/216
f 232/207/219 233/208/220 236/210/222
f 206/185/196 232/207/219 237/211/223
f 236/210/222 237/211/223 232/207/219
f 237/211/223 238/212/224 206/185/196
f 200/179/190 206/185/196 238/212/224
f 238/212/224 196/176/187 200/179/190
f 238/212/224 237/211/223 239/213/225
f 196/176/187 238/212/224 240/214/226
f 239/213/225 240/214/226 238/212/224
f 240/214/226 241/215/227 196/176/187
f 190/171/182 196/176/187 241/215/227
f 241/215/227 186/168/179 190/171/182
f 237/211/223 236/210/222 242/216/228
f 242/216/228 239/213/225 237/211/223
f 186/168/179 241/215/227 243/217/229
f 243/217/229 179/163/174 186/168/179
f 241/215/227 240/214/226 244/218/230
f 244/218/230 243/217/229 241/215/227
f 240/214/226 239/213/225 245/219/231
f 245/219/231 244/218/230 240/214/226
f 239/213/225 242/216/228 246/220/232
f 246/220/232 245/219/231 239/213/225
f 179/163/174 243/217/229 247/221/233
f 247/221/233 177/124/172 179/163/174
f 243/217/229 244/218/230 248/222/234
f 248/222/234 247/221/233 243/217/229
f 244/218/230 245/219/231 249/223/235
f 249/223/235 248/222/234 244/218/230
f 245/219/231 246/220/232 250/224/236
f 250/224/236 249/223/235 245/219/231
f 177/124/172 247/221/233 251/225/237
f 251/225/237 252/122/238 177/124/172
f 247/221/233 248/222/234 253/226/239
f 253/226/239 251/225/237 247/221/233
f 248/222/234 249/223/235 254/227/240
f 254/227/240 253/226/239 248/222/234
f 249/223/235 250/224/236 255/228/241
f 255/228/241 254/227/240 249/223/235
f 252/122/238 251/225/237 256/229/242
f 256/229/242 257/118/118 252/122/238
f 251/225/237 253/226/239 258/230/243
f 258/230/243 256/229/242 251/225/237
f 253/226/239 254/227/240 259/231/244
f 259/231/244 258/230/243 253/226/239
f 257/118/118 256/229/242 260/116/116
f 261/115/245 257/118/118 260/116/116
f 257/118/118 261/115/245 262/121/121
f 263/232/246 260/116/116 256/229/242
f 256/229/242 258/230/243 263/232/246
f 260/116/116 263/232/246 264/114/114
f 262/121/121 261/115/245 265/233/247
f 266/234/248 264/114/114 263/232/246
f 262/121/121 265/233/247 267/235/249
f 265/233/247 268/236/250 267/235/249
f 268/236/250 265/233/247 269/237/251
f 263/232/246 270/238/252 266/234/248
f 270/238/252 263/232/246 258/230/243
f 258/230/243 259/231/244 270/238/252
f 271/239/253 266/234/248 270/238/252
f 269/237/251 272/240/254 268/236/250
f 270/238/252 273/241/255 271/239/253
f 273/241/255 270/238/252 259/231/244
f 274/242/256 271/239/253 273/241/255
f 272/240/254 269/237/251 275/243/257
f 273/241/255 276/244/258 274/242/256
f 259/231/244 277/245/259 273/241/255
f 276/244/258 273/241/255 277/245/259
f 277/245/259 259/231/244 254/227/240
f 278/246/260 274/242/256 276/244/258
f 254/227/240 255/228/241 277/245/259
f 279/247/261 277/245/259 255/228/241
f 277/245/259 279/247/261 276/244/258
f 255/228/241 280/248/262 279/247/261
f 280/248/262 255/228/241 250/224/236
f 281/249/263 276/244/258 279/247/261
f 276/244/258 281/249/263 278/246/260
f 282/250/264 279/247/261 280/248/262
f 279/247/261 282/250/264 281/249/263
f 250/224/236 283/251/265 280/248/262
f 283/251/265 250/224/236 246/220/232
f 280/248/262 284/252/266 282/250/264
f 284/252/266 280/248/262 283/251/265
f 246/220/232 285/253/267 283/251/265
f 285/253/267 284/252/266 283/251/265
f 285/253/267 246/220/232 242/216/228
f 242/216/228 286/254/268 285/253/267
f 286/254/268 242/216/228 236/210/222
f 284/252/266 285/253/267 287/255/269
f 286/254/268 287/255/269 285/253/267
f 288/256/270 282/250/264 284/252/266
f 287/255/269 288/256/270 284/252/266
f 236/210/222 289/257/271 286/254/268
f 289/257/271 236/210/222 290/208/220
f 289/257/271 290/208/220 235/209/221
f 235/209/221 291/258/272 289/257/271
f 235/209/221 292/259/273 291/258/272
f 287/255/269 286/254/268 293/260/274
f 286/254/268 294/261/275 293/260/274
f 294/261/275 286/254/268 295/257/276
f 295/257/276 296/262/277 294/261/275
f 296/262/277 295/257/276 297/258/278
f 293/260/274 298/263/279 287/255/269
f 288/256/270 287/255/269 298/263/279
f 297/258/278 299/264/280 296/262/277
f 299/264/280 297/258/278 292/259/273
f 300/265/281 296/262/277 299/264/280
f 296/262/277 300/265/281 301/266/282
f 301/266/282 302/261/283 296/262/277
f 302/261/283 301/266/282 303/267/284
f 303/267/284 293/260/274 302/261/283
f 293/260/274 303/267/284 304/268/285
f 298/263/279 293/260/274 304/268/285
f 305/269/286 298/263/279 304/268/285
f 304/268/285 306/270/287 305/269/286
f 306/270/287 304/268/285 307/267/284
f 307/267/284 308/271/288 306/270/287
f 308/271/288 307/267/284 309/266/282
f 309/266/282 310/272/289 308/271/288
f 300/265/281 310/272/289 309/266/282
f 298/263/279 305/269/286 311/273/290
f 312/138/291 311/273/290 305/269/286
f 311/273/290 312/138/291 313/137/292
f 311/273/290 288/256/270 298/263/279
f 314/139/141 315/274/293 313/137/294
f 314/139/141 316/275/295 315/274/293
f 305/269/296 317/270/297 318/138/140
f 317/270/297 319/139/141 318/138/140
f 319/139/141 317/270/297 320/271/288
f 310/272/289 319/139/141 320/271/288
f 319/139/141 310/272/289 321/276/298
f 321/276/298 316/275/295 314/139/141
f 310/272/289 322/277/299 321/276/298
f 321/276/298 323/278/300 316/275/295
f 322/277/299 323/278/300 321/276/298
f 324/279/301 322/277/299 310/272/289
f 325/280/302 323/278/300 322/277/299
f 324/279/301 325/280/302 322/277/299
f 300/265/281 324/279/301 310/272/289
f 326/281/303 316/275/295 323/278/300
f 324/279/301 300/265/281 327/282/304
f 300/265/281 328/283/305 327/282/304
f 328/283/305 300/265/281 299/264/280
f 329/284/306 324/279/301 327/282/304
f 299/264/280 330/285/307 328/283/305
f 330/285/307 299/264/280 292/259/273
f 331/286/308 327/282/304 328/283/305
f 327/282/304 331/286/308 329/284/306
f 324/279/301 329/284/306 332/287/309
f 332/287/309 325/280/302 324/279/301
f 329/284/306 333/288/310 332/287/309
f 333/288/310 325/280/302 332/287/309
f 331/286/308 334/289/311 329/284/306
f 334/289/311 333/288/310 329/284/306
f 328/283/305 335/290/312 331/286/308
f 335/290/312 328/283/305 330/285/307
f 334/289/311 331/286/308 336/291/313
f 335/290/312 336/291/313 331/286/308
f 334/289/311 337/292/314 333/288/310
f 330/285/307 338/293/315 335/290/312
f 336/291/313 339/294/316 334/289/311
f 339/294/316 337/292/314 334/289/311
f 336/291/313 335/290/312 340/295/317
f 338/293/315 340/295/317 335/290/312
f 339/294/316 336/291/313 341/296/318
f 340/295/317 341/296/318 336/291/313
f 339/294/316 342/297/319 337/292/314
f 341/296/318 343/298/320 339/294/316
f 343/298/320 342/297/319 339/294/316
f 343/298/320 341/296/318 344/299/321
f 341/296/318 340/295/317 345/300/322
f 345/300/322 344/299/321 341/296/318
f 346/301/323 345/300/322 340/295/317
f 340/295/317 338/293/315 346/301/323
f 344/299/321 345/300/322 347/302/324
f 345/300/322 346/301/323 348/303/325
f 348/303/325 347/302/324 345/300/322
f 349/304/326 346/301/323 338/293/315
f 350/305/327 348/303/325 346/301/323
f 346/301/323 349/304/326 350/305/327
f 348/303/325 350/305/327 351/306/328
f 347/302/324 348/303/325 352/307/329
f 351/306/328 352/307/329 348/303/325
f 347/302/324 353/308/330 344/299/321
f 352/307/329 354/309/331 347/302/324
f 353/308/330 347/302/324 354/309/331
f 355/310/332 344/299/321 353/308/330
f 344/299/321 355/310/332 343/298/320
f 355/310/332 356/311/333 343/298/320
f 343/298/320 356/311/333 342/297/319
f 353/308/330 357/312/334 355/310/332
f 354/309/331 358/313/335 353/308/330
f 357/312/334 353/308/330 358/313/335
f 355/310/332 359/314/336 356/311/333
f 357/312/334 359/314/336 355/310/332
f 356/311/333 360/315/337 342/297/319
f 357/312/334 361/316/338 359/314/336
f 359/314/336 362/317/339 356/311/333
f 356/311/333 362/317/339 360/315/337
f 359/314/336 363/318/340 362/317/339
f 361/316/338 363/318/340 359/314/336
f 342/297/319 360/315/337 364/319/341
f 342/297/319 364/319/341 337/292/314
f 362/317/339 365/320/342 360/315/337
f 363/318/340 366/321/343 362/317/339
f 362/317/339 366/321/343 365/320/342
f 337/292/314 364/319/341 367/322/344
f 337/292/314 367/322/344 333/288/310
f 360/315/337 368/323/345 364/319/341
f 360/315/337 365/320/342 368/323/345
f 364/319/341 369/324/346 367/322/344
f 364/319/341 368/323/345 369/324/346
f 333/288/310 367/322/344 370/325/347
f 325/280/302 333/288/310 370/325/347
f 367/322/344 371/326/348 370/325/347
f 367/322/344 369/324/346 371/326/348
f 370/325/347 372/327/349 325/280/302
f 323/278/300 325/280/302 372/327/349
f 370/325/347 371/326/348 373/328/350
f 372/327/349 370/325/347 373/328/350
f 372/327/349 326/281/303 323/278/300
f 374/329/351 373/328/350 371/326/348
f 369/324/346 374/329/351 371/326/348
f 373/328/350 375/330/352 372/327/349
f 326/281/303 372/327/349 375/330/352
f 375/330/352 373/328/350 376/331/353
f 373/328/350 374/329/351 376/331/353
f 377/332/354 326/281/303 375/330/352
f 376/331/353 377/332/354 375/330/352
f 374/329/351 378/333/355 376/331/353
f 377/332/354 376/331/353 378/333/355
f 374/329/351 369/324/346 379/334/356
f 378/333/355 380/335/357 377/332/354
f 378/333/355 374/329/351 381/336/358
f 379/334/356 381/336/358 374/329/351
f 381/336/358 382/337/359 378/333/355
f 380/335/357 378/333/355 382/337/359
f 369/324/346 383/338/360 379/334/356
f 383/338/360 369/324/346 368/323/345
f 381/336/358 379/334/356 384/339/361
f 385/340/362 379/334/356 383/338/360
f 379/334/356 385/340/362 384/339/361
f 368/323/345 386/341/363 383/338/360
f 386/341/363 368/323/345 365/320/342
f 383/338/360 387/342/364 385/340/362
f 387/342/364 383/338/360 386/341/363
f 384/339/361 388/343/365 381/336/358
f 382/337/359 381/336/358 388/343/365
f 365/320/342 389/344/366 386/341/363
f 389/344/366 365/320/342 366/321/343
f 386/341/363 390/345/367 387/342/364
f 390/345/367 386/341/363 389/344/366
f 388/343/365 391/346/368 382/337/359
f 391/346/368 380/335/357 382/337/359
f 366/321/343 392/347/369 389/344/366
f 391/346/368 388/343/365 393/348/370
f 392/347/369 366/321/343 394/349/371
f 363/318/340 394/349/371 366/321/343
f 395/350/372 389/344/366 392/347/369
f 389/344/366 395/350/372 390/345/367
f 394/349/371 396/351/373 392/347/369
f 396/351/373 395/350/372 392/347/369
f 397/352/374 394/349/371 363/318/340
f 398/353/375 390/345/367 395/350/372
f 361/316/338 397/352/374 363/318/340
f 397/352/374 399/354/376 394/349/371
f 396/351/373 394/349/371 399/354/376
f 400/355/377 397/352/374 361/316/338
f 395/350/372 396/351/373 401/356/378
f 401/356/378 398/353/375 395/350/372
f 402/357/379 399/354/376 397/352/374
f 400/355/377 402/357/379 397/352/374
f 403/358/380 399/354/376 402/357/379
f 404/359/381 402/357/379 400/355/377
f 404/359/381 403/358/380 402/357/379
f 405/360/382 396/351/373 399/354/376
f 399/354/376 403/358/380 405/360/382
f 406/361/383 401/356/378 396/351/373
f 396/351/373 405/360/382 406/361/383
f 401/356/378 406/361/383 407/362/384
f 400/355/377 408/363/385 404/359/381
f 361/316/338 409/364/386 400/355/377
f 408/363/385 400/355/377 409/364/386
f 409/364/386 361/316/338 410/365/387
f 410/365/387 361/316/338 357/312/334
f 358/313/335 410/365/387 357/312/334
f 411/366/388 409/364/386 410/365/387
f 410/365/387 358/313/335 411/366/388
f 409/364/386 412/367/389 408/363/385
f 413/368/390 411/366/388 358/313/335
f 358/313/335 354/309/331 413/368/390
f 409/364/386 411/366/388 414/369/391
f 412/367/389 409/364/386 414/369/391
f 411/366/388 413/368/390 415/370/392
f 415/370/392 414/369/391 411/366/388
f 416/371/393 413/368/390 354/309/331
f 354/309/331 352/307/329 416/371/393
f 417/372/394 415/370/392 413/368/390
f 413/368/390 416/371/393 417/372/394
f 414/369/391 415/370/392 418/373/395
f 418/373/395 412/367/389 414/369/391
f 415/370/392 417/372/394 419/374/396
f 419/374/396 418/373/395 415/370/392
f 420/375/397 416/371/393 352/307/329
f 352/307/329 351/306/328 420/375/397
f 421/376/398 417/372/394 416/371/393
f 416/371/393 420/375/397 421/376/398
f 422/377/399 419/374/396 417/372/394
f 417/372/394 421/376/398 422/377/399
f 418/373/395 419/374/396 423/378/400
f 419/374/396 422/377/399 424/379/401
f 424/379/401 423/378/400 419/374/396
f 423/378/400 425/380/402 418/373/395
f 412/367/389 418/373/395 425/380/402
f 423/378/400 424/379/401 426/381/403
f 425/380/402 423/378/400 427/382/404
f 426/381/403 427/382/404 423/378/400
f 428/383/405 425/380/402 427/382/404
f 429/384/406 412/367/389 425/380/402
f 425/380/402 428/383/405 429/384/406
f 412/367/389 429/384/406 430/385/407
f 430/385/407 408/363/385 412/367/389
f 431/386/408 429/384/406 428/383/405
f 408/363/385 430/385/407 432/387/409
f 432/387/409 404/359/381 408/363/385
f 433/388/410 430/385/407 429/384/406
f 429/384/406 431/386/408 433/388/410
f 430/385/407 434/389/411 432/387/409
f 404/359/381 432/387/409 435/390/412
f 434/389/411 435/390/412 432/387/409
f 435/390/412 403/358/380 404/359/381
f 434/389/411 430/385/407 436/391/413
f 430/385/407 433/388/410 436/391/413
f 435/390/412 434/389/411 437/392/414
f 435/390/412 438/393/415 403/358/380
f 437/392/414 438/393/415 435/390/412
f 438/393/415 439/394/416 403/358/380
f 403/358/380 439/394/416 405/360/382
f 440/395/417 436/391/413 433/388/410
f 431/386/408 440/395/417 433/388/410
f 441/396/418 442/397/419 443/398/420
f 444/399/421 443/398/420 442/397/419
f 445/400/422 441/396/418 446/401/423
f 443/398/420 446/401/423 441/396/418
f 447/402/424 445/400/422 448/403/425
f 446/401/423 448/403/425 445/400/422
f 443/398/420 444/399/421 449/404/426
f 450/405/427 449/404/426 444/399/421
f 446/401/423 443/398/420 451/406/428
f 449/404/426 451/406/428 443/398/420
f 448/403/425 446/401/423 452/407/429
f 451/406/428 452/407/429 446/401/423
f 449/404/426 450/405/427 453/408/430
f 454/409/431 453/408/430 450/405/427
f 451/406/428 449/404/426 455/410/432
f 453/408/430 455/410/432 449/404/426
f 452/407/429 451/406/428 456/411/433
f 455/410/432 456/411/433 451/406/428
f 453/408/430 454/409/431 457/412/434
f 458/413/435 457/412/434 454/409/431
f 455/410/432 453/408/430 459/414/436
f 457/412/434 459/414/436 453/408/430
f 456/411/433 455/410/432 460/415/437
f 459/414/436 460/415/437 455/410/432
f 457/412/434 458/413/435 461/416/438
f 462/417/439 461/416/438 458/413/435
f 459/414/436 457/412/434 463/418/440
f 461/416/438 463/418/440 457/412/434
f 461/416/438 462/417/439 464/419/441
f 465/420/442 464/419/441 462/417/439
f 463/418/440 461/416/438 466/421/443
f 464/419/441 466/421/443 461/416/438
f 464/419/441 465/420/442 467/422/444
f 468/423/445 467/422/444 465/420/442
f 466/421/443 464/419/441 469/424/446
f 467/422/444 469/424/446 464/419/441
f 467/422/444 468/423/445 470/425/447
f 471/426/448 470/425/447 468/423/445
f 469/424/446 467/422/444 472/427/449
f 470/425/447 471/426/448 473/428/450
f 474/429/451 473/428/450 471/426/448
f 475/430/452 467/422/444 470/425/447
f 467/422/444 475/430/452 472/427/449
f 476/431/453 470/425/447 473/428/450
f 470/425/447 476/431/453 475/430/452
f 473/428/450 474/429/451 477/432/454
f 478/433/455 477/432/454 474/429/451
f 473/428/450 479/434/456 476/431/453
f 479/434/456 473/428/450 477/432/454
f 477/432/454 478/433/455 480/435/457
f 481/436/458 480/435/457 478/433/455
f 477/432/454 482/437/459 479/434/456
f 482/437/459 477/432/454 480/435/457
f 480/435/457 481/436/458 483/438/460
f 483/438/460 482/437/459 480/435/457
f 484/439/461 483/438/460 481/436/458
f 483/438/460 484/439/461 485/440/462
f 486/441/463 485/440/462 484/439/461
f 482/437/459 483/438/460 487/442/464
f 485/440/462 487/442/464 483/438/460
f 485/440/462 486/441/463 488/443/465
f 489/444/466 488/443/465 486/441/463
f 487/442/464 485/440/462 490/445/467
f 488/443/465 489/444/466 491/446/468
f 492/447/469 491/446/468 489/444/466
f 493/448/470 492/447/469 489/444/466
f 494/449/471 488/443/465 491/446/468
f 492/447/469 494/449/471 491/446/468
f 495/450/472 492/447/469 493/448/470
f 488/443/465 494/449/471 496/451/473
f 496/451/473 485/440/462 488/443/465
f 485/440/462 496/451/473 490/445/467
f 105/105/105 496/451/473 494/449/471
f 492/447/469 495/450/472 497/452/474
f 498/453/475 497/452/474 495/450/472
f 499/454/476 494/449/471 492/447/469
f 497/452/474 499/454/476 492/447/469
f 499/454/476 105/105/105 494/449/471
f 497/452/474 498/453/475 500/455/477
f 501/456/478 500/455/477 498/453/475
f 502/457/479 499/454/476 497/452/474
f 500/455/477 502/457/479 497/452/474
f 500/455/477 501/456/478 503/458/480
f 504/459/481 503/458/480 501/456/478
f 505/460/482 502/457/479 500/455/477
f 503/458/480 505/460/482 500/455/477
f 502/457/479 101/101/101 499/454/476
f 101/101/101 105/105/105 499/454/476
f 505/460/482 98/98/98 502/457/479
f 98/98/98 101/101/101 502/457/479
f 503/458/480 504/459/481 506/461/483
f 507/462/484 506/461/483 504/459/481
f 508/463/485 505/460/482 503/458/480
f 506/461/483 508/463/485 503/458/480
f 96/96/96 98/98/98 505/460/482
f 508/463/485 96/96/96 505/460/482
f 506/461/483 507/462/484 509/464/486
f 510/465/487 509/464/486 507/462/484
f 511/466/488 508/463/485 506/461/483
f 509/464/486 511/466/488 506/461/483
f 93/93/93 96/96/96 508/463/485
f 511/466/488 93/93/93 508/463/485
f 509/464/486 510/465/487 38/38/38
f 39/39/39 38/38/38 510/465/487
f 43/43/43 511/466/488 509/464/486
f 38/38/38 43/43/43 509/464/486
f 89/89/89 93/93/93 511/466/488
f 43/43/43 89/89/89 511/466/488
f 512/467/489 513/468/490 514/469/491
f 513/468/490 512/467/489 515/470/492
f 515/470/492 516/471/493 513/468/490
f 516/471/493 515/470/492 517/472/494
f 518/473/495 513/468/490 516/471/493
f 519/474/496 516/471/493 517/472/494
f 520/475/497 513/468/490 518/473/495
f 513/468/490 520/475/497 514/469/491
f 518/473/495 516/471/493 521/476/498
f 520/475/497 522/477/499 514/469/491
f 523/478/500 514/469/491 522/477/499
f 514/469/491 523/478/500 512/467/489
f 522/477/499 520/475/497 524/479/501
f 525/480/502 523/478/500 522/477/499
f 524/479/501 525/480/502 522/477/499
f 526/481/503 524/479/501 520/475/497
f 527/473/495 526/481/503 520/475/497
f 526/481/503 527/473/495 528/482/504
f 528/482/504 527/473/495 521/476/498
f 521/476/498 529/483/505 528/482/504
f 530/484/506 529/483/505 521/476/498
f 531/485/507 521/476/498 516/471/493
f 521/476/498 531/485/507 530/484/506
f 516/471/493 519/474/496 531/485/507
f 529/483/505 530/484/506 532/486/508
f 533/487/509 530/484/506 531/485/507
f 534/488/510 531/485/507 519/474/496
f 531/485/507 534/488/510 533/487/509
f 519/474/496 535/489/511 534/488/510
f 535/489/511 519/474/496 536/490/512
f 537/472/513 536/490/512 519/474/496
f 538/491/514 534/488/510 535/489/511
f 536/490/512 537/472/513 539/492/515
f 540/470/516 539/492/515 537/472/513
f 540/470/516 541/493/517 539/492/515
f 512/467/489 541/493/517 540/470/516
f 534/488/510 538/491/514 542/494/518
f 541/493/517 512/467/489 543/495/519
f 541/493/517 543/495/519 544/496/520
f 542/494/518 533/487/509 534/488/510
f 545/497/521 542/494/518 538/491/514
f 512/467/489 546/498/522 543/495/519
f 546/498/522 547/496/523 543/495/519
f 546/498/522 512/467/489 523/478/500
f 547/496/523 546/498/522 548/499/524
f 548/499/524 549/500/525 547/496/523
f 549/500/525 548/499/524 550/501/526
f 551/502/527 549/500/525 550/501/526
f 552/503/528 546/498/522 523/478/500
f 523/478/500 525/480/502 552/503/528
f 546/498/522 552/503/528 553/504/529
f 553/504/529 554/499/524 546/498/522
f 554/499/524 553/504/529 555/505/530
f 555/505/530 556/501/531 554/499/524
f 556/501/531 555/505/530 557/506/532
f 558/507/533 556/501/531 557/506/532
f 556/501/531 558/507/533 551/502/527
f 552/503/528 559/508/534 553/504/529
f 560/509/535 553/504/529 559/508/534
f 553/504/529 560/509/535 561/505/530
f 561/505/530 560/509/535 562/510/536
f 562/510/536 557/506/532 561/505/530
f 563/511/537 557/506/532 562/510/536
f 557/506/532 563/511/537 558/507/533
f 559/508/534 552/503/528 564/512/538
f 525/480/502 564/512/538 552/503/528
f 564/512/538 565/513/539 559/508/534
f 566/514/540 559/508/534 565/513/539
f 559/508/534 566/514/540 567/509/535
f 567/509/535 566/514/540 568/515/541
f 568/515/541 569/510/536 567/509/535
f 570/516/542 569/510/536 568/515/541
f 569/510/536 570/516/542 563/511/537
f 564/512/538 525/480/502 571/517/543
f 565/513/539 564/512/538 572/518/544
f 571/517/543 572/518/544 564/512/538
f 573/519/545 571/517/543 525/480/502
f 525/480/502 524/479/501 573/519/545
f 572/518/544 571/517/543 278/246/260
f 574/520/546 573/519/545 524/479/501
f 524/479/501 526/481/503 574/520/546
f 571/517/543 573/519/545 274/242/256
f 274/242/256 278/246/260 571/517/543
f 573/519/545 574/520/546 271/239/253
f 271/239/253 274/242/256 573/519/545
f 575/521/547 574/520/546 526/481/503
f 266/234/248 271/239/253 574/520/546
f 574/520/546 575/521/547 266/234/248
f 526/481/503 576/522/548 575/521/547
f 576/522/548 526/481/503 577/482/504
f 264/114/114 266/234/248 575/521/547
f 576/522/548 577/482/504 578/483/505
f 575/521/547 579/117/549 264/114/114
f 579/117/549 575/521/547 576/522/548
f 578/483/505 580/523/550 576/522/548
f 576/522/548 581/524/551 579/117/549
f 578/483/505 582/525/552 580/523/550
f 582/525/552 578/483/505 532/486/508
f 583/115/553 579/117/549 581/524/551
f 583/115/553 581/524/551 584/233/247
f 581/524/551 576/522/548 585/523/550
f 581/524/551 269/237/251 584/233/247
f 585/523/550 586/526/554 581/524/551
f 586/526/554 585/523/550 582/525/552
f 269/237/251 581/524/551 586/526/554
f 587/527/555 586/526/554 582/525/552
f 532/486/508 587/527/555 582/525/552
f 586/526/554 275/243/257 269/237/251
f 587/527/555 532/486/508 588/528/556
f 530/484/506 588/528/556 532/486/508
f 586/526/554 587/527/555 589/529/557
f 275/243/257 586/526/554 589/529/557
f 588/528/556 530/484/506 590/530/558
f 530/484/506 533/487/509 590/530/558
f 587/527/555 591/531/559 589/529/557
f 588/528/556 592/532/560 587/527/555
f 591/531/559 587/527/555 592/532/560
f 590/530/558 593/533/561 588/528/556
f 592/532/560 588/528/556 593/533/561
f 533/487/509 594/534/562 590/530/558
f 593/533/561 590/530/558 594/534/562
f 594/534/562 533/487/509 595/535/563
f 533/487/509 542/494/518 595/535/563
f 596/536/564 593/533/561 594/534/562
f 597/537/565 592/532/560 593/533/561
f 593/533/561 596/536/564 597/537/565
f 598/538/566 594/534/562 595/535/563
f 594/534/562 598/538/566 596/536/564
f 599/539/567 595/535/563 542/494/518
f 595/535/563 599/539/567 598/538/566
f 542/494/518 545/497/521 599/539/567
f 600/540/568 599/539/567 545/497/521
f 599/539/567 600/540/568 601/541/569
f 601/541/569 598/538/566 599/539/567
f 602/542/570 601/541/569 600/540/568
f 598/538/566 603/543/571 596/536/564
f 601/541/569 602/542/570 604/544/572
f 598/538/566 601/541/569 605/545/573
f 603/543/571 598/538/566 605/545/573
f 604/544/572 605/545/573 601/541/569
f 606/546/574 604/544/572 602/542/570
f 605/545/573 607/547/575 603/543/571
f 608/548/576 596/536/564 603/543/571
f 607/547/575 608/548/576 603/543/571
f 596/536/564 608/548/576 597/537/565
f 604/544/572 606/546/574 609/549/577
f 605/545/573 604/544/572 610/550/578
f 607/547/575 605/545/573 610/550/578
f 609/549/577 610/550/578 604/544/572
f 611/551/579 609/549/577 606/546/574
f 612/552/580 607/547/575 610/550/578
f 610/550/578 609/549/577 612/552/580
f 609/549/577 611/551/579 613/553/581
f 613/553/581 612/552/580 609/549/577
f 614/554/582 613/553/581 611/551/579
f 613/553/581 614/554/582 615/555/583
f 616/556/584 615/555/583 614/554/582
f 612/552/580 613/553/581 617/557/585
f 615/555/583 617/557/585 613/553/581
f 607/547/575 612/552/580 618/558/586
f 617/557/585 618/558/586 612/552/580
f 618/558/586 619/559/587 607/547/575
f 608/548/576 607/547/575 619/559/587
f 615/555/583 616/556/584 620/560/588
f 621/561/589 620/560/588 616/556/584
f 617/557/585 615/555/583 622/562/590
f 620/560/588 622/562/590 615/555/583
f 618/558/586 617/557/585 623/563/591
f 622/562/590 623/563/591 617/557/585
f 623/563/591 624/564/592 618/558/586
f 619/559/587 618/558/586 624/564/592
f 623/563/591 622/562/590 625/565/593
f 620/560/588 621/561/589 626/566/594
f 624/564/592 623/563/591 627/567/595
f 625/565/593 627/567/595 623/563/591
f 622/562/590 620/560/588 628/568/596
f 628/568/596 625/565/593 622/562/590
f 626/566/594 628/568/596 620/560/588
f 629/569/597 626/566/594 621/561/589
f 625/565/593 628/568/596 630/570/598
f 626/566/594 629/569/597 631/571/599
f 632/572/600 631/571/599 629/569/597
f 628/568/596 626/566/594 633/573/601
f 631/571/599 633/573/601 626/566/594
f 633/573/601 630/570/598 628/568/596
f 631/571/599 632/572/600 634/574/602
f 635/575/603 634/574/602 632/572/600
f 633/573/601 631/571/599 636/576/604
f 634/574/602 636/576/604 631/571/599
f 630/570/598 633/573/601 637/577/605
f 636/576/604 637/577/605 633/573/601
f 634/574/602 635/575/603 638/578/606
f 639/579/607 638/578/606 635/575/603
f 636/576/604 634/574/602 640/580/608
f 638/578/606 640/580/608 634/574/602
f 637/577/605 636/576/604 641/581/609
f 640/580/608 641/581/609 636/576/604
f 638/578/606 639/579/607 642/582/610
f 643/583/611 642/582/610 639/579/607
f 640/580/608 638/578/606 644/584/612
f 642/582/610 644/584/612 638/578/606
f 641/581/609 640/580/608 645/585/613
f 644/584/612 645/585/613 640/580/608
f 642/582/610 643/583/611 646/586/614
f 647/587/615 646/586/614 643/583/611
f 644/584/612 642/582/610 648/588/616
f 646/586/614 648/588/616 642/582/610
f 645/585/613 644/584/612 649/589/617
f 648/588/616 649/589/617 644/584/612
f 646/586/614 647/587/615 650/590/618
f 651/591/619 650/590/618 647/587/615
f 648/588/616 646/586/614 652/592/620
f 650/590/618 652/592/620 646/586/614
f 649/589/617 648/588/616 653/593/621
f 652/592/620 653/593/621 648/588/616
f 650/590/618 651/591/619 654/594/622
f 655/595/623 654/594/622 651/591/619
f 652/592/620 650/590/618 656/596/624
f 654/594/622 656/596/624 650/590/618
f 653/593/621 652/592/620 657/597/625
f 656/596/624 657/597/625 652/592/620
f 654/594/622 655/595/623 658/598/626
f 659/599/627 658/598/626 655/595/623
f 656/596/624 654/594/622 660/600/628
f 658/598/626 660/600/628 654/594/622
f 657/597/625 656/596/624 661/601/629
f 660/600/628 661/601/629 656/596/624
f 658/598/626 659/599/627 662/602/630
f 663/603/631 662/602/630 659/599/627
f 660/600/628 658/598/626 664/604/632
f 662/602/630 664/604/632 658/598/626
f 661/601/629 660/600/628 665/605/633
f 664/604/632 665/605/633 660/600/628
f 666/606/634 657/597/625 661/601/629
f 665/605/633 666/606/634 661/601/629
f 667/607/635 668/608/636 669/609/637
f 670/610/461 667/607/635 669/609/637
f 668/608/636 667/607/635 671/611/638
f 668/608/636 671/611/638 672/612/639
f 667/607/635 670/610/461 673/613/640
f 674/614/641 673/613/640 670/610/461
f 675/615/642 671/611/638 667/607/635
f 673/613/640 675/615/642 667/607/635
f 676/616/643 672/612/639 671/611/638
f 675/615/642 676/616/643 671/611/638
f 677/617/644 672/612/639 676/616/643
f 676/616/643 678/618/645 677/617/644
f 678/618/645 676/616/643 679/619/646
f 675/615/642 679/619/646 676/616/643
f 679/619/646 680/620/647 678/618/645
f 673/613/640 674/614/641 681/621/648
f 682/622/649 681/621/648 674/614/641
f 675/615/642 673/613/640 683/623/650
f 681/621/648 683/623/650 673/613/640
f 682/622/649 684/624/651 681/621/648
f 683/623/650 681/621/648 684/624/651
f 684/624/651 682/622/649 685/625/652
f 685/625/652 686/626/653 684/624/651
f 687/627/654 684/624/651 686/626/653
f 684/624/651 687/627/654 683/623/650
f 686/626/653 688/628/655 687/627/654
f 683/623/650 689/629/656 675/615/642
f 689/629/656 683/623/650 687/627/654
f 679/619/646 675/615/642 689/629/656
f 690/630/657 687/627/654 688/628/655
f 687/627/654 690/630/657 689/629/656
f 688/628/655 691/631/658 690/630/657
f 689/629/656 692/632/659 679/619/646
f 692/632/659 689/629/656 690/630/657
f 680/620/647 679/619/646 692/632/659
f 692/632/659 693/633/660 680/620/647
f 690/630/657 694/634/661 692/632/659
f 693/633/660 692/632/659 694/634/661
f 694/634/661 690/630/657 691/631/658
f 694/634/661 695/635/662 693/633/660
f 691/631/658 696/636/663 694/634/661
f 695/635/662 694/634/661 696/636/663
f 697/637/664 698/638/665 699/639/666
f 700/640/667 697/637/664 701/641/668
f 699/639/666 701/641/668 697/637/664
f 702/642/669 698/638/665 703/643/670
f 703/643/670 704/644/671 702/642/669
f 705/645/672 699/639/666 698/638/665
f 698/638/665 702/642/669 705/645/672
f 701/641/668 699/639/666 706/646/673
f 707/647/674 702/642/669 704/644/671
f 708/648/675 707/647/674 704/644/671
f 709/649/676 705/645/672 702/642/669
f 702/642/669 707/647/674 709/649/676
f 699/639/666 705/645/672 710/650/677
f 710/650/677 706/646/673 699/639/666
f 705/645/672 709/649/676 711/651/678
f 711/651/678 710/650/677 705/645/672
f 707/647/674 708/648/675 712/652/679
f 708/648/675 713/653/680 712/652/679
f 714/654/681 709/649/676 707/647/674
f 712/652/679 714/654/681 707/647/674
f 715/655/682 711/651/678 709/649/676
f 709/649/676 714/654/681 715/655/682
f 716/656/683 712/652/679 713/653/680
f 717/657/684 716/656/683 713/653/680
f 714/654/681 712/652/679 718/658/685
f 712/652/679 716/656/683 718/658/685
f 719/659/686 715/655/682 714/654/681
f 718/658/685 719/659/686 714/654/681
f 717/657/684 720/660/687 716/656/683
f 721/661/688 718/658/685 716/656/683
f 720/660/687 721/661/688 716/656/683
f 717/657/684 722/662/689 720/660/687
f 723/663/690 720/660/687 722/662/689
f 722/662/689 724/664/691 723/663/690
f 720/660/687 723/663/690 725/665/692
f 720/660/687 725/665/692 721/661/688
f 724/664/691 726/666/693 723/663/690
f 726/666/693 725/665/692 723/663/690
f 726/666/693 724/664/691 727/667/694
f 724/664/691 728/668/695 727/667/694
f 728/668/695 729/669/696 727/667/694
f 730/670/697 727/667/694 729/669/696
f 727/667/694 730/670/697 726/666/693
f 731/671/698 730/670/697 729/669/696
f 725/665/692 726/666/693 732/672/699
f 730/670/697 732/672/699 726/666/693
f 732/672/699 721/661/688 725/665/692
f 730/670/697 731/671/698 733/673/700
f 732/672/699 730/670/697 734/674/701
f 733/673/700 734/674/701 730/670/697
f 731/671/698 735/675/702 733/673/700
f 735/675/702 736/676/703 733/673/700
f 734/674/701 733/673/700 736/676/703
f 721/661/688 732/672/699 737/677/704
f 734/674/701 737/677/704 732/672/699
f 737/677/704 738/678/705 721/661/688
f 721/661/688 738/678/705 718/658/685
f 719/659/686 718/658/685 738/678/705
f 737/677/704 739/679/706 738/678/705
f 739/679/706 719/659/686 738/678/705
f 737/677/704 734/674/701 740/680/707
f 740/680/707 739/679/706 737/677/704
f 734/674/701 741/681/708 740/680/707
f 734/674/701 736/676/703 741/681/708
f 740/680/707 742/682/709 739/679/706
f 741/681/708 742/682/709 740/680/707
f 743/683/710 741/681/708 736/676/703
f 736/676/703 735/675/702 743/683/710
f 741/681/708 743/683/710 744/684/711
f 744/684/711 742/682/709 741/681/708
f 735/675/702 745/685/712 743/683/710
f 745/685/712 744/684/711 743/683/710
f 746/686/713 745/685/712 735/675/702
f 745/685/712 747/687/714 744/684/711
f 742/682/709 744/684/711 747/687/714
f 747/687/714 745/685/712 748/688/715
f 749/689/716 747/687/714 748/688/715
f 747/687/714 749/689/716 750/690/717
f 750/690/717 742/682/709 747/687/714
f 751/691/718 750/690/717 749/689/716
f 742/682/709 750/690/717 752/692/719
f 752/692/719 739/679/706 742/682/709
f 750/690/717 751/691/718 753/693/720
f 739/679/706 752/692/719 754/694/721
f 719/659/686 739/679/706 754/694/721
f 750/690/717 755/695/722 752/692/719
f 755/695/722 750/690/717 753/693/720
f 752/692/719 756/696/723 754/694/721
f 756/696/723 752/692/719 755/695/722
f 754/694/721 757/697/724 719/659/686
f 757/697/724 754/694/721 756/696/723
f 715/655/682 719/659/686 757/697/724
f 751/691/718 696/636/663 753/693/720
f 696/636/663 751/691/718 695/635/662
f 753/693/720 758/698/725 755/695/722
f 758/698/725 753/693/720 696/636/663
f 757/697/724 759/699/726 715/655/682
f 711/651/678 715/655/682 759/699/726
f 759/699/726 757/697/724 760/700/727
f 756/696/723 760/700/727 757/697/724
f 759/699/726 761/701/728 711/651/678
f 755/695/722 762/702/729 756/696/723
f 762/702/729 755/695/722 758/698/725
f 760/700/727 756/696/723 762/702/729
f 710/650/677 711/651/678 761/701/728
f 760/700/727 763/703/730 759/699/726
f 761/701/728 759/699/726 763/703/730
f 762/702/729 764/704/731 760/700/727
f 763/703/730 760/700/727 764/704/731
f 764/704/731 762/702/729 765/705/732
f 758/698/725 765/705/732 762/702/729
f 761/701/728 766/706/733 710/650/677
f 765/705/732 758/698/725 691/631/658
f 763/703/730 767/707/734 761/701/728
f 766/706/733 761/701/728 767/707/734
f 706/646/673 710/650/677 766/706/733
f 696/636/663 691/631/658 758/698/725
f 768/708/735 769/709/736 770/710/737
f 771/711/738 772/712/739 773/713/740
f 770/710/737 774/714/741 775/715/742
f 775/715/742 768/708/735 770/710/737
f 776/716/743 777/717/744 774/714/741
f 777/717/744 775/715/742 774/714/741
f 773/713/740 778/718/745 776/716/743
f 777/717/744 776/716/743 778/718/745
f 771/711/738 779/719/746 772/712/739
f 780/720/747 773/713/740 772/712/739
f 772/712/739 779/719/746 780/720/747
f 779/719/746 771/711/738 781/721/748
f 781/721/748 782/722/749 779/719/746
f 781/721/748 783/723/750 782/722/749
f 783/723/750 784/724/751 782/722/749
f 782/722/749 785/725/752 779/719/746
f 779/719/746 785/725/752 780/720/747
f 784/724/751 786/726/753 782/722/749
f 785/725/752 782/722/749 786/726/753
f 786/726/753 784/724/751 787/727/754
f 787/727/754 788/728/755 786/726/753
f 785/725/752 786/726/753 788/728/755
f 785/725/752 788/728/755 789/729/756
f 789/729/756 780/720/747 785/725/752
f 789/729/756 788/728/755 790/730/757
f 789/729/756 790/730/757 791/731/758
f 780/720/747 789/729/756 792/732/759
f 791/731/758 792/732/759 789/729/756
f 792/732/759 793/733/760 780/720/747
f 773/713/740 780/720/747 793/733/760
f 793/733/760 778/718/745 773/713/740
f 792/732/759 791/731/758 794/734/761
f 794/734/761 791/731/758 795/735/762
f 793/733/760 792/732/759 796/736/763
f 794/734/761 796/736/763 792/732/759
f 793/733/760 797/737/764 778/718/745
f 796/736/763 797/737/764 793/733/760
f 798/738/765 794/734/761 795/735/762
f 798/738/765 795/735/762 799/739/766
f 796/736/763 794/734/761 800/740/767
f 794/734/761 798/738/765 800/740/767
f 799/739/766 801/741/768 798/738/765
f 801/741/768 800/740/767 798/738/765
f 801/741/768 799/739/766 802/742/769
f 803/743/770 801/741/768 802/742/769
f 800/740/767 804/744/771 796/736/763
f 800/740/767 801/741/768 804/744/771
f 796/736/763 804/744/771 797/737/764
f 801/741/768 803/743/770 805/745/772
f 805/745/772 804/744/771 801/741/768
f 806/746/64 805/745/772 803/743/770
f 807/747/773 797/737/764 804/744/771
f 804/744/771 805/745/772 807/747/773
f 805/745/772 806/746/64 808/748/774
f 809/749/775 808/748/774 806/746/64
f 807/747/773 805/745/772 810/750/776
f 805/745/772 808/748/774 810/750/776
f 808/748/774 809/749/775 811/751/777
f 811/751/777 810/750/776 808/748/774
f 812/752/778 811/751/777 809/749/775
f 797/737/764 807/747/773 813/753/779
f 813/753/779 778/718/745 797/737/764
f 778/718/745 813/753/779 777/717/744
f 807/747/773 814/754/780 813/753/779
f 814/754/780 807/747/773 810/750/776
f 813/753/779 815/755/781 777/717/744
f 815/755/781 813/753/779 814/754/780
f 775/715/742 777/717/744 815/755/781
f 811/751/777 812/752/778 816/756/782
f 817/757/783 816/756/782 812/752/778
f 810/750/776 811/751/777 818/758/784
f 816/756/782 818/758/784 811/751/777
f 819/759/785 810/750/776 818/758/784
f 810/750/776 819/759/785 814/754/780
f 818/758/784 816/756/782 820/760/786
f 820/760/786 819/759/785 818/758/784
f 816/756/782 817/757/783 821/761/787
f 821/761/787 820/760/786 816/756/782
f 822/762/788 821/761/787 817/757/783
f 823/763/789 814/754/780 819/759/785
f 814/754/780 823/763/789 815/755/781
f 819/759/785 820/760/786 824/764/790
f 824/764/790 823/763/789 819/759/785
f 820/760/786 821/761/787 825/765/791
f 820/760/786 826/766/792 824/764/790
f 826/766/792 820/760/786 825/765/791
f 827/767/793 825/765/791 821/761/787
f 821/761/787 822/762/788 827/767/793
f 828/768/794 826/766/792 825/765/791
f 825/765/791 827/767/793 828/768/794
f 827/767/793 822/762/788 829/769/795
f 829/769/795 828/768/794 827/767/793
f 822/762/788 830/770/796 829/769/795
f 831/771/797 829/769/795 830/770/796
f 829/769/795 831/771/797 832/772/798
f 746/686/713 832/772/798 831/771/797
f 828/768/794 829/769/795 833/773/799
f 832/772/798 833/773/799 829/769/795
f 832/772/798 746/686/713 735/675/702
f 833/773/799 832/772/798 731/671/698
f 735/675/702 731/671/698 832/772/798
f 834/774/800 828/768/794 833/773/799
f 731/671/698 834/774/800 833/773/799
f 828/768/794 834/774/800 835/775/801
f 826/766/792 828/768/794 835/775/801
f 834/774/800 731/671/698 729/669/696
f 835/775/801 836/776/802 826/766/792
f 836/776/802 824/764/790 826/766/792
f 728/668/695 835/775/801 834/774/800
f 729/669/696 728/668/695 834/774/800
f 836/776/802 835/775/801 837/777/803
f 835/775/801 728/668/695 837/777/803
f 824/764/790 836/776/802 838/778/804
f 823/763/789 824/764/790 838/778/804
f 837/777/803 839/779/805 836/776/802
f 839/779/805 838/778/804 836/776/802
f 840/780/806 823/763/789 838/778/804
f 838/778/804 839/779/805 840/780/806
f 823/763/789 840/780/806 841/781/807
f 841/781/807 815/755/781 823/763/789
f 815/755/781 841/781/807 775/715/742
f 768/708/735 775/715/742 841/781/807
f 842/782/808 841/781/807 840/780/806
f 841/781/807 842/782/808 768/708/735
f 839/779/805 842/782/808 840/780/806
f 843/783/809 768/708/735 842/782/808
f 842/782/808 839/779/805 844/784/810
f 844/784/810 843/783/809 842/782/808
f 845/785/811 844/784/810 839/779/805
f 839/779/805 837/777/803 845/785/811
f 837/777/803 846/786/812 845/785/811
f 846/786/812 837/777/803 728/668/695
f 844/784/810 845/785/811 847/787/813
f 848/788/814 845/785/811 846/786/812
f 845/785/811 848/788/814 847/787/813
f 847/787/813 849/789/815 844/784/810
f 843/783/809 844/784/810 849/789/815
f 728/668/695 724/664/691 846/786/812
f 846/786/812 850/790/816 848/788/814
f 850/790/816 846/786/812 724/664/691
f 851/791/817 847/787/813 848/788/814
f 852/792/818 848/788/814 850/790/816
f 848/788/814 852/792/818 851/791/817
f 847/787/813 851/791/817 853/793/819
f 849/789/815 847/787/813 853/793/819
f 854/794/820 843/783/809 849/789/815
f 853/793/819 854/794/820 849/789/815
f 850/790/816 855/795/821 852/792/818
f 856/796/822 853/793/819 851/791/817
f 857/797/823 851/791/817 852/792/818
f 851/791/817 857/797/823 856/796/822
f 852/792/818 858/798/824 857/797/823
f 858/798/824 852/792/818 855/795/821
f 855/795/821 850/790/816 722/662/689
f 724/664/691 722/662/689 850/790/816
f 78/78/78 859/799/825 109/109/109
f 859/799/825 113/113/113 109/109/109
f 36/36/36 859/799/825 78/78/78
f 36/36/36 37/37/37 859/799/825
f 113/113/113 859/799/825 860/800/826
f 37/37/37 860/800/826 859/799/825
f 861/801/827 113/113/113 860/800/826
f 860/800/826 37/37/37 862/802/828
f 862/802/828 861/801/827 860/800/826
f 863/803/829 862/802/828 37/37/37
f 37/37/37 28/28/28 863/803/829
f 28/28/28 32/32/32 863/803/829
f 862/802/828 863/803/829 864/804/830
f 863/803/829 32/32/32 864/804/830
f 864/804/830 865/805/831 862/802/828
f 861/801/827 862/802/828 865/805/831
f 864/804/830 32/32/32 866/806/832
f 113/113/113 861/801/827 867/807/833
f 867/807/833 112/112/112 113/113/113
f 865/805/831 864/804/830 868/808/834
f 864/804/830 866/806/832 868/808/834
f 869/809/835 861/801/827 865/805/831
f 868/808/834 869/809/835 865/805/831
f 112/112/112 867/807/833 870/810/836
f 870/810/836 110/110/110 112/112/112
f 871/811/837 867/807/833 861/801/827
f 861/801/827 869/809/835 871/811/837
f 867/807/833 871/811/837 872/812/838
f 872/812/838 870/810/836 867/807/833
f 873/813/839 871/811/837 869/809/835
f 874/814/840 872/812/838 871/811/837
f 871/811/837 873/813/839 874/814/840
f 110/110/110 870/810/836 875/815/841
f 875/815/841 108/108/108 110/110/110
f 870/810/836 872/812/838 876/816/842
f 870/810/836 877/817/843 875/815/841
f 877/817/843 870/810/836 876/816/842
f 878/818/844 876/816/842 872/812/838
f 872/812/838 874/814/840 878/818/844
f 876/816/842 879/819/845 877/817/843
f 876/816/842 878/818/844 880/820/846
f 879/819/845 876/816/842 880/820/846
f 881/821/847 878/818/844 874/814/840
f 880/820/846 882/822/848 879/819/845
f 883/823/849 880/820/846 878/818/844
f 878/818/844 881/821/847 883/823/849
f 880/820/846 883/823/849 884/824/850
f 882/822/848 880/820/846 884/824/850
f 874/814/840 885/825/851 881/821/847
f 885/825/851 874/814/840 873/813/839
f 886/826/852 887/827/853 888/828/854
f 888/828/854 887/827/853 889/829/855
f 887/827/853 886/826/852 890/830/856
f 886/826/852 888/828/854 891/831/857
f 887/827/853 892/832/858 889/829/855
f 888/828/854 889/829/855 893/833/859
f 894/834/860 888/828/854 893/833/859
f 888/828/854 894/834/860 891/831/857
f 895/835/861 893/833/859 889/829/855
f 896/836/862 894/834/860 893/833/859
f 896/836/862 893/833/859 895/835/861
f 895/835/861 889/829/855 897/837/863
f 897/837/863 889/829/855 892/832/858
f 898/838/864 896/836/862 895/835/861
f 887/827/853 899/839/865 892/832/858
f 890/830/856 899/839/865 887/827/853
f 900/840/866 892/832/858 899/839/865
f 899/839/865 890/830/856 901/841/867
f 892/832/858 900/840/866 902/842/868
f 902/842/868 897/837/863 892/832/858
f 903/843/869 900/840/866 899/839/865
f 901/841/867 903/843/869 899/839/865
f 900/840/866 904/844/870 902/842/868
f 903/843/869 905/845/871 900/840/866
f 900/840/866 905/845/871 904/844/870
f 155/148/152 904/844/870 905/845/871
f 904/844/870 155/148/152 153/146/150
f 149/143/146 155/148/152 905/845/871
f 153/146/150 906/846/872 904/844/870
f 902/842/868 904/844/870 906/846/872
f 906/846/872 153/146/150 161/153/158
f 161/153/158 178/162/173 906/846/872
f 902/842/868 906/846/872 907/847/873
f 178/162/173 907/847/873 906/846/872
f 897/837/863 902/842/868 907/847/873
f 908/848/874 907/847/873 178/162/173
f 908/848/874 897/837/863 907/847/873
f 909/849/875 908/848/874 178/162/173
f 175/160/170 909/849/875 178/162/173
f 910/850/876 897/837/863 908/848/874
f 910/850/876 895/835/861 897/837/863
f 909/849/875 175/160/170 174/159/169
f 895/835/861 910/850/876 898/838/864
f 908/848/874 909/849/875 911/851/877
f 911/851/877 910/850/876 908/848/874
f 174/159/169 272/240/254 909/849/875
f 272/240/254 911/851/877 909/849/875
f 272/240/254 174/159/169 268/236/250
f 174/159/169 912/235/878 268/236/250
f 912/235/878 174/159/169 913/158/879
f 913/158/879 262/121/880 912/235/878
f 262/121/880 913/158/879 914/119/166
f 910/850/876 911/851/877 915/852/881
f 915/852/881 898/838/864 910/850/876
f 911/851/877 272/240/254 916/853/882
f 916/853/882 915/852/881 911/851/877
f 275/243/257 916/853/882 272/240/254
f 916/853/882 275/243/257 917/854/883
f 589/529/557 917/854/883 275/243/257
f 917/854/883 589/529/557 591/531/559
f 917/854/883 918/855/884 916/853/882
f 915/852/881 916/853/882 918/855/884
f 591/531/559 919/856/885 917/854/883
f 918/855/884 917/854/883 919/856/885
f 918/855/884 920/857/886 915/852/881
f 898/838/864 915/852/881 920/857/886
f 919/856/885 921/858/887 918/855/884
f 920/857/886 918/855/884 921/858/887
f 920/857/886 922/859/888 898/838/864
f 896/836/862 898/838/864 922/859/888
f 921/858/887 923/860/889 920/857/886
f 922/859/888 920/857/886 923/860/889
f 922/859/888 924/861/890 896/836/862
f 924/861/890 894/834/860 896/836/862
f 923/860/889 925/862/891 922/859/888
f 925/862/891 924/861/890 922/859/888
f 924/861/890 926/863/892 894/834/860
f 926/863/892 891/831/857 894/834/860
f 925/862/891 927/864/893 924/861/890
f 927/864/893 926/863/892 924/861/890
f 925/862/891 923/860/889 928/865/894
f 923/860/889 921/858/887 929/866/895
f 929/866/895 928/865/894 923/860/889
f 928/865/894 930/867/896 925/862/891
f 930/867/896 927/864/893 925/862/891
f 928/865/894 929/866/895 931/868/897
f 930/867/896 928/865/894 932/869/898
f 931/868/897 932/869/898 928/865/894
f 933/870/899 929/866/895 921/858/887
f 921/858/887 919/856/885 933/870/899
f 934/871/900 931/868/897 929/866/895
f 929/866/895 933/870/899 934/871/900
f 935/872/901 933/870/899 919/856/885
f 919/856/885 591/531/559 935/872/901
f 936/873/902 934/871/900 933/870/899
f 933/870/899 935/872/901 936/873/902
f 931/868/897 934/871/900 937/874/903
f 591/531/559 938/875/904 935/872/901
f 938/875/904 591/531/559 592/532/560
f 592/532/560 597/537/565 938/875/904
f 608/548/576 938/875/904 597/537/565
f 939/876/905 935/872/901 938/875/904
f 938/875/904 608/548/576 939/876/905
f 935/872/901 939/876/905 936/873/902
f 619/559/587 939/876/905 608/548/576
f 939/876/905 619/559/587 940/877/906
f 940/877/906 936/873/902 939/876/905
f 624/564/592 940/877/906 619/559/587
f 934/871/900 936/873/902 941/878/907
f 936/873/902 940/877/906 941/878/907
f 941/878/907 937/874/903 934/871/900
f 940/877/906 624/564/592 942/879/908
f 942/879/908 941/878/907 940/877/906
f 627/567/595 942/879/908 624/564/592
f 941/878/907 942/879/908 943/880/909
f 937/874/903 941/878/907 943/880/909
f 942/879/908 627/567/595 944/881/910
f 944/881/910 943/880/909 942/879/908
f 945/882/911 937/874/903 943/880/909
f 943/880/909 944/881/910 945/882/911
f 946/883/912 945/882/911 944/881/910
f 627/567/595 946/883/912 944/881/910
f 945/882/911 946/883/912 947/884/913
f 946/883/912 627/567/595 948/885/914
f 627/567/595 625/565/593 948/885/914
f 948/885/914 949/886/915 946/883/912
f 949/886/915 947/884/913 946/883/912
f 625/565/593 950/887/916 948/885/914
f 949/886/915 948/885/914 950/887/916
f 950/887/916 625/565/593 630/570/598
f 630/570/598 951/888/917 950/887/916
f 951/888/917 630/570/598 637/577/605
f 950/887/916 952/889/918 949/886/915
f 952/889/918 950/887/916 951/888/917
f 637/577/605 953/890/919 951/888/917
f 953/890/919 952/889/918 951/888/917
f 953/890/919 637/577/605 641/581/609
f 641/581/609 954/891/920 953/890/919
f 954/891/920 641/581/609 645/585/613
f 952/889/918 953/890/919 955/892/921
f 954/891/920 955/892/921 953/890/919
f 645/585/613 956/893/922 954/891/920
f 956/893/922 645/585/613 649/589/617
f 955/892/921 954/891/920 957/894/923
f 956/893/922 957/894/923 954/891/920
f 958/895/924 952/889/918 955/892/921
f 649/589/617 959/896/925 956/893/922
f 959/896/925 649/589/617 653/593/621
f 960/897/926 955/892/921 957/894/923
f 955/892/921 960/897/926 958/895/924
f 957/894/923 956/893/922 961/898/927
f 653/593/621 962/899/928 959/896/925
f 962/899/928 653/593/621 657/597/625
f 657/597/625 666/606/634 962/899/928
f 963/900/929 956/893/922 959/896/925
f 956/893/922 963/900/929 961/898/927
f 964/901/930 959/896/925 962/899/928
f 959/896/925 964/901/930 963/900/929
f 965/902/931 962/899/928 666/606/634
f 962/899/928 965/902/931 964/901/930
f 965/902/931 966/903/932 964/901/930
f 966/903/932 963/900/929 964/901/930
f 666/606/634 967/904/933 965/902/931
f 968/905/934 961/898/927 963/900/929
f 963/900/929 966/903/932 968/905/934
f 969/906/935 957/894/923 961/898/927
f 961/898/927 968/905/934 969/906/935
f 970/907/936 971/908/937 972/909/938
f 973/910/939 974/911/940 975/912/941
f 976/913/942 975/912/941 974/911/940
f 971/908/937 973/910/939 977/914/943
f 975/912/941 977/914/943 973/910/939
f 972/909/938 971/908/937 978/915/944
f 977/914/943 978/915/944 971/908/937
f 979/916/945 972/909/938 978/915/944
f 978/915/944 977/914/943 980/917/946
f 980/917/946 979/916/945 978/915/944
f 977/914/943 975/912/941 981/918/947
f 981/918/947 980/917/946 977/914/943
f 975/912/941 976/913/942 982/919/948
f 982/919/948 981/918/947 975/912/941
f 976/913/942 983/920/949 982/919/948
f 984/921/950 982/919/948 983/920/949
f 981/918/947 982/919/948 985/922/951
f 982/919/948 984/921/950 985/922/951
f 980/917/946 981/918/947 986/923/952
f 985/922/951 986/923/952 981/918/947
f 979/916/945 980/917/946 987/924/953
f 986/923/952 987/924/953 980/917/946
f 987/924/953 988/925/954 979/916/945
f 986/923/952 985/922/951 989/926/955
f 984/921/950 989/926/955 985/922/951
f 987/924/953 986/923/952 990/927/956
f 988/925/954 987/924/953 991/928/957
f 990/927/956 991/928/957 987/924/953
f 991/928/957 439/394/416 988/925/954
f 986/923/952 992/929/958 990/927/956
f 992/929/958 986/923/952 989/926/955
f 991/928/957 990/927/956 993/930/959
f 992/929/958 993/930/959 990/927/956
f 439/394/416 991/928/957 994/931/960
f 993/930/959 994/931/960 991/928/957
f 994/931/960 405/360/382 439/394/416
f 405/360/382 994/931/960 406/361/383
f 995/932/961 406/361/383 994/931/960
f 994/931/960 993/930/959 995/932/961
f 406/361/383 995/932/961 407/362/384
f 993/930/959 992/929/958 996/933/962
f 996/933/962 995/932/961 993/930/959
f 995/932/961 996/933/962 997/934/963
f 997/934/963 407/362/384 995/932/961
f 992/929/958 998/935/964 996/933/962
f 998/935/964 997/934/963 996/933/962
f 998/935/964 992/929/958 999/936/965
f 989/926/955 999/936/965 992/929/958
f 997/934/963 998/935/964 1000/937/966
f 999/936/965 989/926/955 1001/938/967
f 989/926/955 984/921/950 1001/938/967
f 984/921/950 1002/939/968 1001/938/967
f 1003/940/969 1001/938/967 1002/939/968
f 1001/938/967 1003/940/969 999/936/965
f 1002/939/968 1004/941/970 1003/940/969
f 999/936/965 1005/942/971 998/935/964
f 1005/942/971 999/936/965 1003/940/969
f 1004/941/970 1005/942/971 1003/940/969
f 1005/942/971 1000/937/966 998/935/964
f 1005/942/971 1004/941/970 1006/943/972
f 1000/937/966 1005/942/971 1007/944/973
f 1006/943/972 1007/944/973 1005/942/971
f 1004/941/970 1008/945/974 1006/943/972
f 1008/945/974 1004/941/970 1009/946/975
f 1009/946/975 1010/947/976 1008/945/974
f 1008/945/974 1011/948/977 1006/943/972
f 1007/944/973 1006/943/972 1011/948/977
f 1008/945/974 1010/947/976 1012/949/978
f 1011/948/977 1008/945/974 1012/949/978
f 1012/949/978 1010/947/976 1013/950/979
f 1010/947/976 1014/951/600 1013/950/979
f 1015/952/980 1013/950/979 1014/951/600
f 1013/950/979 1015/952/980 1016/953/981
f 1017/954/982 1016/953/981 1015/952/980
f 1012/949/978 1013/950/979 1018/955/983
f 1018/955/983 1013/950/979 1016/953/981
f 1016/953/981 1017/954/982 1019/956/984
f 1019/956/984 1018/955/983 1016/953/981
f 1020/957/985 1019/956/984 1017/954/982
f 1021/958/986 1012/949/978 1018/955/983
f 1012/949/978 1021/958/986 1011/948/977
f 1018/955/983 1019/956/984 1022/959/987
f 1022/959/987 1021/958/986 1018/955/983
f 1019/956/984 1020/957/985 1023/960/988
f 1023/960/988 1022/959/987 1019/956/984
f 1024/961/989 1023/960/988 1020/957/985
f 1023/960/988 1024/961/989 1025/962/990
f 1026/963/579 1025/962/990 1024/961/989
f 1022/959/987 1023/960/988 1027/964/991
f 1025/962/990 1027/964/991 1023/960/988
f 1021/958/986 1022/959/987 1028/965/992
f 1027/964/991 1028/965/992 1022/959/987
f 1029/966/993 1011/948/977 1021/958/986
f 1028/965/992 1029/966/993 1021/958/986
f 1011/948/977 1029/966/993 1007/944/973
f 1025/962/990 1026/963/579 1030/967/994
f 1031/968/995 1030/967/994 1026/963/579
f 1027/964/991 1025/962/990 1032/969/996
f 1030/967/994 1031/968/995 1033/970/997
f 1034/971/570 1033/970/997 1031/968/995
f 1035/972/998 1025/962/990 1030/967/994
f 1032/969/996 1025/962/990 1035/972/998
f 1036/973/999 1030/967/994 1033/970/997
f 1035/972/998 1030/967/994 1036/973/999
f 1033/970/997 1034/971/570 1037/974/1000
f 1038/975/1001 1037/974/1000 1034/971/570
f 1036/973/999 1033/970/997 1039/976/1002
f 1039/976/1002 1033/970/997 1037/974/1000
f 1037/974/1000 1038/975/1001 1040/977/1003
f 1040/977/1003 1039/976/1002 1037/974/1000
f 1041/978/1004 1040/977/1003 1038/975/1001
f 1040/977/1003 1041/978/1004 1042/979/1005
f 1043/980/514 1042/979/1005 1041/978/1004
f 1039/976/1002 1040/977/1003 1044/981/1006
f 1042/979/1005 1044/981/1006 1040/977/1003
f 1045/982/1007 1036/973/999 1039/976/1002
f 1044/981/1006 1045/982/1007 1039/976/1002
f 1036/973/999 1045/982/1007 1046/983/1008
f 1046/983/1008 1035/972/998 1036/973/999
f 1042/979/1005 1043/980/514 1047/984/1009
f 1048/985/1010 1047/984/1009 1043/980/514
f 1047/984/1009 1048/985/1010 1049/986/1011
f 1050/987/1012 1049/986/1011 1048/985/1010
f 1051/988/1013 1042/979/1005 1047/984/1009
f 1049/986/1011 1051/988/1013 1047/984/1009
f 1049/986/1011 1050/987/1012 1052/989/1014
f 1053/990/1015 1052/989/1014 1050/987/1012
f 551/502/527 1049/986/1011 1052/989/1014
f 1052/989/1014 1053/990/1015 549/500/525
f 549/500/525 551/502/527 1052/989/1014
f 1053/990/1015 1054/991/1016 549/500/525
f 1054/991/1016 1053/990/1015 1055/992/1017
f 1056/993/1018 1049/986/1011 551/502/527
f 1051/988/1013 1049/986/1011 1056/993/1018
f 558/507/533 1056/993/1018 551/502/527
f 1057/994/1019 1042/979/1005 1051/988/1013
f 1044/981/1006 1042/979/1005 1057/994/1019
f 1056/993/1018 1058/995/1020 1051/988/1013
f 1058/995/1020 1057/994/1019 1051/988/1013
f 1056/993/1018 558/507/533 1059/996/1021
f 1058/995/1020 1056/993/1018 1059/996/1021
f 563/511/537 1059/996/1021 558/507/533
f 1059/996/1021 1060/997/1022 1058/995/1020
f 1059/996/1021 563/511/537 1061/998/1023
f 1060/997/1022 1059/996/1021 1061/998/1023
f 570/516/542 1061/998/1023 563/511/537
f 1057/994/1019 1062/999/1024 1044/981/1006
f 1045/982/1007 1044/981/1006 1062/999/1024
f 1057/994/1019 1058/995/1020 1063/1000/1025
f 1062/999/1024 1057/994/1019 1063/1000/1025
f 1060/997/1022 1063/1000/1025 1058/995/1020
f 1062/999/1024 1064/1001/1026 1045/982/1007
f 1064/1001/1026 1046/983/1008 1045/982/1007
f 1063/1000/1025 1065/1002/1027 1062/999/1024
f 1064/1001/1026 1062/999/1024 1065/1002/1027
f 1063/1000/1025 1060/997/1022 1066/1003/1028
f 1065/1002/1027 1063/1000/1025 1066/1003/1028
f 1067/1004/1029 1060/997/1022 1061/998/1023
f 1061/998/1023 570/516/542 1067/1004/1029
f 1068/1005/1030 1066/1003/1028 1060/997/1022
f 1060/997/1022 1067/1004/1029 1068/1005/1030
f 1066/1003/1028 1068/1005/1030 391/346/368
f 380/335/357 391/346/368 1068/1005/1030
f 393/348/370 1066/1003/1028 391/346/368
f 1066/1003/1028 393/348/370 1065/1002/1027
f 1069/1006/1031 1067/1004/1029 570/516/542
f 1070/1007/1032 1068/1005/1030 1067/1004/1029
f 1068/1005/1030 1070/1007/1032 380/335/357
f 1067/1004/1029 1069/1006/1031 1070/1007/1032
f 1071/515/1033 1069/1006/1031 570/516/542
f 1072/1008/1034 1065/1002/1027 393/348/370
f 1065/1002/1027 1072/1008/1034 1064/1001/1026
f 393/348/370 1073/1009/1035 1072/1008/1034
f 1073/1009/1035 393/348/370 388/343/365
f 388/343/365 384/339/361 1073/1009/1035
f 1069/1006/1031 1071/515/1033 1074/1010/1036
f 1074/1010/1036 1071/515/1033 1075/1011/1037
f 1075/1011/1037 1076/1012/1038 1074/1010/1036
f 565/513/539 1076/1012/1038 1075/1011/1037
f 1077/1013/1039 1069/1006/1031 1074/1010/1036
f 1076/1012/1038 565/513/539 1078/1014/1040
f 1077/1013/1039 1074/1010/1036 1079/1012/1041
f 572/518/544 1078/1014/1040 565/513/539
f 1069/1006/1031 1077/1013/1039 1080/1015/1042
f 1079/1012/1041 1081/1016/1043 1077/1013/1039
f 1078/1014/1040 1081/1016/1043 1079/1012/1041
f 1080/1015/1042 1070/1007/1032 1069/1006/1031
f 1078/1014/1040 572/518/544 1082/1017/1044
f 278/246/260 1082/1017/1044 572/518/544
f 1082/1017/1044 278/246/260 281/249/263
f 1082/1017/1044 1083/1018/1045 1078/1014/1040
f 1081/1016/1043 1078/1014/1040 1083/1018/1045
f 281/249/263 1084/1019/1046 1082/1017/1044
f 1083/1018/1045 1082/1017/1044 1084/1019/1046
f 1084/1019/1046 281/249/263 282/250/264
f 282/250/264 288/256/270 1084/1019/1046
f 1085/1020/1047 1084/1019/1046 288/256/270
f 1084/1019/1046 1085/1020/1047 1083/1018/1045
f 288/256/270 311/273/290 1085/1020/1047
f 1086/1021/1048 1083/1018/1045 1085/1020/1047
f 1083/1018/1045 1086/1021/1048 1081/1016/1043
f 311/273/290 1087/1021/1049 1085/1020/1047
f 1081/1016/1043 1086/1021/1048 1088/1022/1050
f 1087/1021/1049 311/273/290 1089/137/1051
f 1088/1022/1050 1090/1013/1052 1081/1016/1043
f 1087/1021/1049 1089/137/1051 1091/274/1053
f 1088/1022/1050 1080/1015/1042 1090/1013/1052
f 1091/274/1053 1092/1022/1054 1087/1021/1049
f 1091/274/1053 1093/1023/1055 1092/1022/1054
f 1080/1015/1042 1088/1022/1050 1093/1023/1055
f 1093/1023/1055 1091/274/1053 316/275/295
f 316/275/295 326/281/303 1093/1023/1055
f 1093/1023/1055 1094/1024/1056 1080/1015/1042
f 1094/1024/1056 1093/1023/1055 326/281/303
f 1070/1007/1032 1080/1015/1042 1094/1024/1056
f 326/281/303 377/332/354 1094/1024/1056
f 1094/1024/1056 380/335/357 1070/1007/1032
f 380/335/357 1094/1024/1056 377/332/354
f 1095/1025/1057 883/823/849 881/821/847
f 1096/1026/1058 881/821/847 885/825/851
f 881/821/847 1096/1026/1058 1095/1025/1057
f 885/825/851 1097/1027/1059 1096/1026/1058
f 1098/1028/1060 1095/1025/1057 1096/1026/1058
f 1097/1027/1059 1098/1028/1060 1096/1026/1058
f 883/823/849 1095/1025/1057 1099/1029/1061
f 1099/1029/1061 884/824/850 883/823/849
f 1100/1030/1062 1099/1029/1061 1095/1025/1057
f 1095/1025/1057 1098/1028/1060 1100/1030/1062
f 884/824/850 1099/1029/1061 1101/1031/1063
f 1101/1031/1063 882/822/848 884/824/850
f 1099/1029/1061 1100/1030/1062 1102/1032/1064
f 1102/1032/1064 1101/1031/1063 1099/1029/1061
f 1098/1028/1060 1103/1033/1065 1100/1030/1062
f 1103/1033/1065 1102/1032/1064 1100/1030/1062
f 882/822/848 1101/1031/1063 1104/1034/1066
f 1101/1031/1063 1102/1032/1064 1105/1035/1067
f 1105/1035/1067 1104/1034/1066 1101/1031/1063
f 1106/1036/1068 1105/1035/1067 1102/1032/1064
f 1102/1032/1064 1103/1033/1065 1106/1036/1068
f 1104/1034/1066 1105/1035/1067 1107/1037/1069
f 1108/1038/1070 882/822/848 1104/1034/1066
f 1107/1037/1069 1108/1038/1070 1104/1034/1066
f 1105/1035/1067 1106/1036/1068 1109/1039/1071
f 1109/1039/1071 1107/1037/1069 1105/1035/1067
f 1103/1033/1065 1110/1040/1072 1106/1036/1068
f 1110/1040/1072 1109/1039/1071 1106/1036/1068
f 1110/1040/1072 1103/1033/1065 1111/1041/1073
f 1107/1037/1069 1109/1039/1071 1112/1042/1074
f 1109/1039/1071 1110/1040/1072 1113/1043/1075
f 1113/1043/1075 1112/1042/1074 1109/1039/1071
f 1114/1044/1076 1113/1043/1075 1110/1040/1072
f 1111/1041/1073 1114/1044/1076 1110/1040/1072
f 1115/1045/1077 1116/1046/1078 1117/1047/1079
f 1118/1048/1080 1117/1047/1079 1119/1049/1081
f 1119/1049/1081 1117/1047/1079 1116/1046/1078
f 1118/1048/1080 1119/1049/1081 1120/1050/1082
f 1121/1051/1083 1118/1048/1080 1120/1050/1082
f 1122/1052/1084 1115/1045/1077 1123/1053/1085
f 1116/1046/1078 1115/1045/1077 1122/1052/1084
f 1123/1053/1085 1124/1054/1086 1125/1055/1087
f 1116/1046/1078 1126/1056/1088 1119/1049/1081
f 1127/1057/1089 1122/1052/1084 1123/1053/1085
f 1127/1057/1089 1123/1053/1085 1125/1055/1087
f 1128/1058/1090 1116/1046/1078 1122/1052/1084
f 1126/1056/1088 1116/1046/1078 1128/1058/1090
f 1122/1052/1084 1127/1057/1089 1129/1059/1091
f 1129/1059/1091 1128/1058/1090 1122/1052/1084
f 1119/1049/1081 1126/1056/1088 1130/1060/1092
f 1120/1050/1082 1119/1049/1081 1130/1060/1092
f 1131/1061/1093 1126/1056/1088 1128/1058/1090
f 1120/1050/1082 1130/1060/1092 1132/1062/1094
f 1132/1062/1094 1121/1051/1083 1120/1050/1082
f 1130/1060/1092 1126/1056/1088 1133/1063/1095
f 1133/1063/1095 1126/1056/1088 1131/1061/1093
f 1132/1062/1094 1130/1060/1092 1134/1064/1096
f 1130/1060/1092 1133/1063/1095 1134/1064/1096
f 1121/1051/1083 1132/1062/1094 1135/1065/1097
f 1136/1066/1098 1121/1051/1083 1135/1065/1097
f 1135/1065/1097 1137/1067/1099 1136/1066/1098
f 1138/1068/1100 1135/1065/1097 1132/1062/1094
f 1134/1064/1096 1138/1068/1100 1132/1062/1094
f 1137/1067/1099 1135/1065/1097 1139/1069/1101
f 1135/1065/1097 1138/1068/1100 1139/1069/1101
f 1139/1069/1101 1140/1070/1102 1137/1067/1099
f 1141/1071/1103 1137/1067/1099 1140/1070/1102
f 1140/1070/1102 1142/1072/1104 1141/1071/1103
f 1142/1072/1104 1140/1070/1102 1143/1073/1105
f 1143/1073/1105 1144/1074/1106 1142/1072/1104
f 1140/1070/1102 1139/1069/1101 1145/1075/1107
f 1145/1075/1107 1143/1073/1105 1140/1070/1102
f 1146/1076/1108 1139/1069/1101 1138/1068/1100
f 1139/1069/1101 1146/1076/1108 1145/1075/1107
f 1138/1068/1100 1134/1064/1096 1147/1077/1109
f 1138/1068/1100 1147/1077/1109 1146/1076/1108
f 1134/1064/1096 1148/1078/1110 1147/1077/1109
f 1134/1064/1096 1133/1063/1095 1148/1078/1110
f 1143/1073/1105 1145/1075/1107 1149/1079/1111
f 1146/1076/1108 1149/1079/1111 1145/1075/1107
f 1150/1080/1112 1143/1073/1105 1149/1079/1111
f 1146/1076/1108 1147/1077/1109 1151/1081/1113
f 1143/1073/1105 1150/1080/1112 1152/1082/1114
f 1144/1074/1106 1143/1073/1105 1152/1082/1114
f 1149/1079/1111 1146/1076/1108 1153/1083/1115
f 1146/1076/1108 1151/1081/1113 1153/1083/1115
f 1149/1079/1111 1154/1084/1116 1150/1080/1112
f 1154/1084/1116 1149/1079/1111 1153/1083/1115
f 1155/1085/1117 1152/1082/1114 1150/1080/1112
f 1154/1084/1116 1155/1085/1117 1150/1080/1112
f 1152/1082/1114 1156/1086/1118 1144/1074/1106
f 958/895/924 1144/1074/1106 1156/1086/1118
f 1156/1086/1118 1152/1082/1114 1157/1087/1119
f 1152/1082/1114 1155/1085/1117 1157/1087/1119
f 1156/1086/1118 1158/1088/1120 958/895/924
f 952/889/918 958/895/924 1158/1088/1120
f 1158/1088/1120 949/886/915 952/889/918
f 1158/1088/1120 1156/1086/1118 1159/1089/1121
f 1157/1087/1119 1159/1089/1121 1156/1086/1118
f 949/886/915 1158/1088/1120 1160/1090/1122
f 1159/1089/1121 1160/1090/1122 1158/1088/1120
f 947/884/913 949/886/915 1160/1090/1122
f 1160/1090/1122 1159/1089/1121 1161/1091/1123
f 1161/1091/1123 947/884/913 1160/1090/1122
f 1159/1089/1121 1157/1087/1119 1162/1092/1124
f 1162/1092/1124 1161/1091/1123 1159/1089/1121
f 1157/1087/1119 1163/1093/1125 1162/1092/1124
f 1163/1093/1125 1157/1087/1119 1155/1085/1117
f 1161/1091/1123 1162/1092/1124 1164/1094/1126
f 1163/1093/1125 1164/1094/1126 1162/1092/1124
f 947/884/913 1161/1091/1123 1165/1095/1127
f 1164/1094/1126 1165/1095/1127 1161/1091/1123
f 1166/1096/1128 947/884/913 1165/1095/1127
f 947/884/913 1166/1096/1128 945/882/911
f 937/874/903 945/882/911 1166/1096/1128
f 1167/1097/1129 1166/1096/1128 1165/1095/1127
f 1165/1095/1127 1164/1094/1126 1167/1097/1129
f 1168/1098/1130 937/874/903 1166/1096/1128
f 1166/1096/1128 1167/1097/1129 1168/1098/1130
f 937/874/903 1168/1098/1130 931/868/897
f 932/869/898 931/868/897 1168/1098/1130
f 1168/1098/1130 1169/1099/1131 932/869/898
f 1169/1099/1131 1168/1098/1130 1167/1097/1129
f 1169/1099/1131 930/867/896 932/869/898
f 1170/1100/1132 1167/1097/1129 1164/1094/1126
f 1167/1097/1129 1170/1100/1132 1169/1099/1131
f 1164/1094/1126 1163/1093/1125 1170/1100/1132
f 930/867/896 1169/1099/1131 1171/1101/1133
f 1170/1100/1132 1171/1101/1133 1169/1099/1131
f 1171/1101/1133 927/864/893 930/867/896
f 1163/1093/1125 1172/1102/1134 1170/1100/1132
f 1171/1101/1133 1170/1100/1132 1172/1102/1134
f 1172/1102/1134 1163/1093/1125 1173/1103/1135
f 1155/1085/1117 1173/1103/1135 1163/1093/1125
f 1172/1102/1134 1174/1104/1136 1171/1101/1133
f 927/864/893 1171/1101/1133 1174/1104/1136
f 1174/1104/1136 1172/1102/1134 1175/1105/1137
f 1173/1103/1135 1175/1105/1137 1172/1102/1134
f 1174/1104/1136 1176/1106/1138 927/864/893
f 927/864/893 1176/1106/1138 926/863/892
f 1177/1107/1139 1174/1104/1136 1175/1105/1137
f 1174/1104/1136 1177/1107/1139 1176/1106/1138
f 1173/1103/1135 1155/1085/1117 1178/1108/1140
f 1155/1085/1117 1154/1084/1116 1178/1108/1140
f 1176/1106/1138 1179/1109/1141 926/863/892
f 891/831/857 926/863/892 1179/1109/1141
f 1177/1107/1139 1180/1110/1142 1176/1106/1138
f 1179/1109/1141 1176/1106/1138 1180/1110/1142
f 1181/1111/1143 891/831/857 1179/1109/1141
f 1181/1111/1143 886/826/852 891/831/857
f 1182/1112/1144 1179/1109/1141 1180/1110/1142
f 1182/1112/1144 1181/1111/1143 1179/1109/1141
f 1183/1113/1145 1181/1111/1143 1182/1112/1144
f 1184/1114/1146 1183/1113/1145 1182/1112/1144
f 1183/1113/1145 1185/1115/1147 1181/1111/1143
f 1185/1115/1147 886/826/852 1181/1111/1143
f 1185/1115/1147 890/830/856 886/826/852
f 890/830/856 1185/1115/1147 1186/1116/1148
f 1187/1117/1149 1186/1116/1148 1185/1115/1147
f 1186/1116/1148 901/841/867 890/830/856
f 1187/1117/1149 1188/1118/1150 1186/1116/1148
f 901/841/867 1186/1116/1148 1189/1119/1151
f 1188/1118/1150 1189/1119/1151 1186/1116/1148
f 1189/1119/1151 1190/1120/1152 901/841/867
f 1188/1118/1150 1191/1121/1153 1189/1119/1151
f 1191/1121/1153 1190/1120/1152 1189/1119/1151
f 1192/1122/1154 1191/1121/1153 1188/1118/1150
f 1190/1120/1152 903/843/869 901/841/867
f 1192/1122/1154 1193/1123/1155 1191/1121/1153
f 1190/1120/1152 1194/1124/1156 903/843/869
f 905/845/871 903/843/869 1194/1124/1156
f 1194/1124/1156 149/143/146 905/845/871
f 1194/1124/1156 1190/1120/1152 1195/1125/1157
f 1195/1125/1157 149/143/146 1194/1124/1156
f 1191/1121/1153 1195/1125/1157 1190/1120/1152
f 149/143/146 1195/1125/1157 1196/1126/1158
f 1196/1126/1158 1197/141/1159 149/143/146
f 1195/1125/1157 1191/1121/1153 1198/1127/1160
f 1193/1123/1155 1198/1127/1160 1191/1121/1153
f 1197/141/1159 1196/1126/1158 1199/1128/1161
f 1200/129/1162 1197/141/1159 1199/1128/1161
f 1197/141/1159 1200/129/1162 1201/126/1163
f 1202/1129/1164 1196/1126/1158 1195/1125/1157
f 1198/1127/1160 1202/1129/1164 1195/1125/1157
f 1202/1129/1164 1203/1128/1161 1196/1126/1158
f 1193/1123/1155 1204/1130/1165 1198/1127/1160
f 1204/1130/1165 1202/1129/1164 1198/1127/1160
f 219/196/207 1204/1130/1165 1193/1123/1155
f 1203/1128/1161 1202/1129/1164 1205/1131/1166
f 1205/1131/1166 1206/129/1167 1203/1128/1161
f 1206/129/1167 1205/1131/1166 1207/131/131
f 219/196/207 1208/195/1168 1204/1130/1165
f 1204/1130/1165 1209/1132/1169 1202/1129/1164
f 1208/195/1168 1210/1132/1169 1204/1130/1165
f 1208/195/1168 1211/133/1170 1210/1132/1169
f 1211/133/1170 1208/195/1168 1212/134/1171
f 1209/1132/1169 1213/1131/1166 1202/1129/1164
f 1214/133/1170 1213/1131/1166 1209/1132/1169
f 1213/1131/1166 1214/133/1170 1207/131/131
f 1215/1133/1172 1216/1134/1173 1217/1135/1174
f 1218/1136/1175 1217/1135/1174 1216/1134/1173
f 1215/1133/1172 1219/1137/1176 1220/1138/1177
f 1216/1134/1173 1215/1133/1172 1220/1138/1177
f 1221/1139/1178 1222/1140/1179 1223/1141/1180
f 1224/1142/1181 1219/1137/1176 1222/1140/1179
f 1222/1140/1179 1221/1139/1178 1224/1142/1181
f 1225/1143/1182 1220/1138/1177 1219/1137/1176
f 1219/1137/1176 1224/1142/1181 1225/1143/1182
f 1226/1144/1183 1216/1134/1173 1220/1138/1177
f 1220/1138/1177 1225/1143/1182 1226/1144/1183
f 1216/1134/1173 1226/1144/1183 1227/1145/1184
f 1227/1145/1184 1218/1136/1175 1216/1134/1173
f 1218/1136/1175 1227/1145/1184 1121/1051/1083
f 1121/1051/1083 1136/1066/1098 1218/1136/1175
f 1228/1146/1185 1227/1145/1184 1226/1144/1183
f 1229/1147/1186 1226/1144/1183 1225/1143/1182
f 1226/1144/1183 1229/1147/1186 1228/1146/1185
f 1225/1143/1182 1230/1148/1187 1229/1147/1186
f 1230/1148/1187 1225/1143/1182 1224/1142/1181
f 1227/1145/1184 1228/1146/1185 1118/1048/1080
f 1118/1048/1080 1121/1051/1083 1227/1145/1184
f 1224/1142/1181 1231/1149/1188 1230/1148/1187
f 1231/1149/1188 1224/1142/1181 1221/1139/1178
f 1230/1148/1187 1232/1150/1189 1229/1147/1186
f 1231/1149/1188 1233/1151/1190 1230/1148/1187
f 1230/1148/1187 1233/1151/1190 1232/1150/1189
f 1229/1147/1186 1232/1150/1189 1234/1152/1191
f 1229/1147/1186 1234/1152/1191 1228/1146/1185
f 1233/1151/1190 1235/1153/1192 1232/1150/1189
f 1234/1152/1191 1232/1150/1189 1235/1153/1192
f 1231/1149/1188 1236/1154/1193 1233/1151/1190
f 1228/1146/1185 1234/1152/1191 1117/1047/1079
f 1228/1146/1185 1117/1047/1079 1118/1048/1080
f 1235/1153/1192 1115/1045/1077 1234/1152/1191
f 1117/1047/1079 1234/1152/1191 1115/1045/1077
f 1235/1153/1192 1233/1151/1190 1124/1054/1086
f 1236/1154/1193 1124/1054/1086 1233/1151/1190
f 1115/1045/1077 1235/1153/1192 1123/1053/1085
f 1124/1054/1086 1123/1053/1085 1235/1153/1192
f 1112/1042/1074 1113/1043/1075 1237/1155/1194
f 1238/1156/1195 1111/1041/1073 1103/1033/1065
f 1103/1033/1065 1098/1028/1060 1238/1156/1195
f 1112/1042/1074 1239/1157/1196 1107/1037/1069
f 1108/1038/1070 1107/1037/1069 1239/1157/1196
f 1239/1157/1196 1112/1042/1074 1240/1158/1197
f 1237/1155/1194 1240/1158/1197 1112/1042/1074
f 1241/1159/1198 1238/1156/1195 1098/1028/1060
f 1242/1160/1199 1237/1155/1194 1113/1043/1075
f 1113/1043/1075 1114/1044/1076 1242/1160/1199
f 1098/1028/1060 1097/1027/1059 1241/1159/1198
f 1240/1158/1197 1237/1155/1194 1243/1161/1200
f 1237/1155/1194 1242/1160/1199 1244/1162/1201
f 1244/1162/1201 1243/1161/1200 1237/1155/1194
f 1114/1044/1076 1245/1163/1202 1242/1160/1199
f 1245/1163/1202 1244/1162/1201 1242/1160/1199
f 1246/1164/1203 1240/1158/1197 1243/1161/1200
f 1243/1161/1200 1244/1162/1201 1247/1165/1204
f 1247/1165/1204 1246/1164/1203 1243/1161/1200
f 1248/1166/1205 1247/1165/1204 1244/1162/1201
f 1244/1162/1201 1245/1163/1202 1248/1166/1205
f 1247/1165/1204 1248/1166/1205 1249/1167/1206
f 1245/1163/1202 1114/1044/1076 1250/1168/1207
f 1251/1169/1208 1250/1168/1207 1114/1044/1076
f 1114/1044/1076 1111/1041/1073 1251/1169/1208
f 1252/1170/1209 1245/1163/1202 1250/1168/1207
f 1253/1171/1210 1251/1169/1208 1111/1041/1073
f 1111/1041/1073 1238/1156/1195 1253/1171/1210
f 1250/1168/1207 1251/1169/1208 1254/1172/1211
f 1254/1172/1211 1252/1170/1209 1250/1168/1207
f 1255/1173/1212 1254/1172/1211 1251/1169/1208
f 1251/1169/1208 1253/1171/1210 1255/1173/1212
f 1256/1174/1213 1253/1171/1210 1238/1156/1195
f 1238/1156/1195 1241/1159/1198 1256/1174/1213
f 1253/1171/1210 1257/1175/1214 1255/1173/1212
f 1254/1172/1211 1255/1173/1212 1258/1176/1215
f 1257/1175/1214 1258/1176/1215 1255/1173/1212
f 1258/1176/1215 1259/1177/1216 1254/1172/1211
f 1252/1170/1209 1254/1172/1211 1259/1177/1216
f 1253/1171/1210 1256/1174/1213 1260/1178/1217
f 1257/1175/1214 1253/1171/1210 1260/1178/1217
f 1256/1174/1213 1261/1179/1218 1260/1178/1217
f 1260/1178/1217 1262/1180/1219 1257/1175/1214
f 1260/1178/1217 1261/1179/1218 1262/1180/1219
f 1256/1174/1213 1263/1181/1220 1261/1179/1218
f 1241/1159/1198 1263/1181/1220 1256/1174/1213
f 1241/1159/1198 1264/1182/1221 1263/1181/1220
f 1264/1182/1221 1241/1159/1198 1097/1027/1059
f 1261/1179/1218 1263/1181/1220 1265/1183/1222
f 1263/1181/1220 1264/1182/1221 1266/1184/1223
f 1265/1183/1222 1263/1181/1220 1266/1184/1223
f 1267/1185/1224 1261/1179/1218 1265/1183/1222
f 1262/1180/1219 1261/1179/1218 1267/1185/1224
f 1265/1183/1222 1266/1184/1223 1268/1186/1225
f 1267/1185/1224 1265/1183/1222 1269/1187/1226
f 1269/1187/1226 1265/1183/1222 1268/1186/1225
f 1268/1186/1225 1266/1184/1223 1270/1188/1227
f 1266/1184/1223 1264/1182/1221 1271/1189/1228
f 1266/1184/1223 1271/1189/1228 1270/1188/1227
f 1264/1182/1221 1272/1190/1229 1271/1189/1228
f 1097/1027/1059 1272/1190/1229 1264/1182/1221
f 1273/1191/1230 1272/1190/1229 1097/1027/1059
f 1097/1027/1059 885/825/851 1273/1191/1230
f 873/813/839 1273/1191/1230 885/825/851
f 1273/1191/1230 1274/1192/1231 1272/1190/1229
f 1273/1191/1230 873/813/839 1275/1193/1232
f 1275/1193/1232 1274/1192/1231 1273/1191/1230
f 873/813/839 1276/1194/1233 1275/1193/1232
f 1276/1194/1233 873/813/839 869/809/835
f 869/809/835 868/808/834 1276/1194/1233
f 1276/1194/1233 1277/1195/1234 1275/1193/1232
f 1275/1193/1232 1277/1195/1234 1274/1192/1231
f 868/808/834 1278/1196/1235 1276/1194/1233
f 1276/1194/1233 1278/1196/1235 1277/1195/1234
f 868/808/834 866/806/832 1278/1196/1235
f 1272/1190/1229 1274/1192/1231 1279/1197/1236
f 1271/1189/1228 1272/1190/1229 1279/1197/1236
f 1274/1192/1231 1277/1195/1234 1280/1198/1237
f 1279/1197/1236 1274/1192/1231 1280/1198/1237
f 1277/1195/1234 1278/1196/1235 1281/1199/1238
f 1280/1198/1237 1277/1195/1234 1281/1199/1238
f 1278/1196/1235 866/806/832 1282/1200/1239
f 1281/1199/1238 1278/1196/1235 1282/1200/1239
f 866/806/832 32/32/32 1282/1200/1239
f 1271/1189/1228 1279/1197/1236 1283/1201/1240
f 1270/1188/1227 1271/1189/1228 1283/1201/1240
f 1279/1197/1236 1280/1198/1237 1284/1202/1241
f 1283/1201/1240 1279/1197/1236 1284/1202/1241
f 1282/1200/1239 32/32/32 1285/1203/1242
f 1285/1203/1242 32/32/32 1286/1204/1243
f 1282/1200/1239 1285/1203/1242 1287/1205/1244
f 1281/1199/1238 1282/1200/1239 1287/1205/1244
f 1286/1204/1243 1288/1206/1245 1285/1203/1242
f 1287/1205/1244 1285/1203/1242 1288/1206/1245
f 1288/1206/1245 1286/1204/1243 1289/1207/1246
f 1290/1208/24 1288/1206/1245 1289/1207/1246
f 1288/1206/1245 1290/1208/24 1291/1209/1247
f 1291/1209/1247 1287/1205/1244 1288/1206/1245
f 1292/1210/1248 1291/1209/1247 1290/1208/24
f 1293/1211/1249 1281/1199/1238 1287/1205/1244
f 1280/1198/1237 1281/1199/1238 1293/1211/1249
f 1284/1202/1241 1280/1198/1237 1293/1211/1249
f 1294/1212/1250 1293/1211/1249 1287/1205/1244
f 1287/1205/1244 1291/1209/1247 1294/1212/1250
f 1295/1213/1251 1284/1202/1241 1293/1211/1249
f 1293/1211/1249 1294/1212/1250 1295/1213/1251
f 1291/1209/1247 1292/1210/1248 1296/1214/1252
f 1296/1214/1252 1294/1212/1250 1291/1209/1247
f 1297/1215/1253 1296/1214/1252 1292/1210/1248
f 1298/1216/1254 1295/1213/1251 1294/1212/1250
f 1294/1212/1250 1296/1214/1252 1298/1216/1254
f 1296/1214/1252 1297/1215/1253 1299/1217/1255
f 1299/1217/1255 1298/1216/1254 1296/1214/1252
f 1300/1218/1256 1299/1217/1255 1297/1215/1253
f 1284/1202/1241 1295/1213/1251 1301/1219/1257
f 1301/1219/1257 1283/1201/1240 1284/1202/1241
f 1295/1213/1251 1298/1216/1254 1302/1220/1258
f 1302/1220/1258 1301/1219/1257 1295/1213/1251
f 1298/1216/1254 1299/1217/1255 1303/1221/1259
f 1303/1221/1259 1302/1220/1258 1298/1216/1254
f 1299/1217/1255 1300/1218/1256 1304/1222/1260
f 1304/1222/1260 1303/1221/1259 1299/1217/1255
f 1305/1223/1261 1304/1222/1260 1300/1218/1256
f 1283/1201/1240 1301/1219/1257 1306/1224/1262
f 1304/1222/1260 1305/1223/1261 1307/1225/1263
f 1306/1224/1262 1270/1188/1227 1283/1201/1240
f 1308/1226/1264 1307/1225/1263 1305/1223/1261
f 1309/1227/1265 1306/1224/1262 1301/1219/1257
f 1301/1219/1257 1302/1220/1258 1309/1227/1265
f 1270/1188/1227 1306/1224/1262 1310/1228/1266
f 1310/1228/1266 1268/1186/1225 1270/1188/1227
f 1306/1224/1262 1309/1227/1265 1311/1229/1267
f 1311/1229/1267 1310/1228/1266 1306/1224/1262
f 1312/1230/1268 1309/1227/1265 1302/1220/1258
f 1302/1220/1258 1303/1221/1259 1312/1230/1268
f 1313/1231/1269 1311/1229/1267 1309/1227/1265
f 1309/1227/1265 1312/1230/1268 1313/1231/1269
f 1268/1186/1225 1310/1228/1266 1314/1232/1270
f 1314/1232/1270 1269/1187/1226 1268/1186/1225
f 1310/1228/1266 1311/1229/1267 1315/1233/1271
f 1315/1233/1271 1314/1232/1270 1310/1228/1266
f 1311/1229/1267 1313/1231/1269 1316/1234/1272
f 1316/1234/1272 1315/1233/1271 1311/1229/1267
f 1317/1235/1273 1313/1231/1269 1312/1230/1268
f 1318/1236/1274 1316/1234/1272 1313/1231/1269
f 1313/1231/1269 1317/1235/1273 1318/1236/1274
f 1319/1237/1275 1312/1230/1268 1303/1221/1259
f 1312/1230/1268 1319/1237/1275 1317/1235/1273
f 1303/1221/1259 1304/1222/1260 1319/1237/1275
f 1307/1225/1263 1319/1237/1275 1304/1222/1260
f 1320/1238/1276 1317/1235/1273 1319/1237/1275
f 1319/1237/1275 1307/1225/1263 1320/1238/1276
f 1321/1239/1277 1318/1236/1274 1317/1235/1273
f 1317/1235/1273 1320/1238/1276 1321/1239/1277
f 1307/1225/1263 790/730/757 1320/1238/1276
f 790/730/757 1321/1239/1277 1320/1238/1276
f 790/730/757 1307/1225/1263 1322/1240/1278
f 1307/1225/1263 1308/1226/1264 1322/1240/1278
f 1321/1239/1277 790/730/757 788/728/755
f 1318/1236/1274 1321/1239/1277 787/727/754
f 788/728/755 787/727/754 1321/1239/1277
f 1308/1226/1264 1323/1241/1279 1322/1240/1278
f 1323/1241/1279 1308/1226/1264 1324/1242/1280
f 1322/1240/1278 791/731/758 790/730/757
f 791/731/758 1322/1240/1278 1323/1241/1279
f 1323/1241/1279 1324/1242/1280 799/739/766
f 787/727/754 1325/1243/1281 1318/1236/1274
f 1316/1234/1272 1318/1236/1274 1325/1243/1281
f 795/735/762 1323/1241/1279 799/739/766
f 791/731/758 1323/1241/1279 795/735/762
f 1325/1243/1281 1326/1244/1282 1316/1234/1272
f 1315/1233/1271 1316/1234/1272 1326/1244/1282
f 1325/1243/1281 787/727/754 784/724/751
f 1326/1244/1282 1327/1245/1283 1315/1233/1271
f 1314/1232/1270 1315/1233/1271 1327/1245/1283
f 1326/1244/1282 1325/1243/1281 1328/1246/1284
f 784/724/751 1328/1246/1284 1325/1243/1281
f 1327/1245/1283 1326/1244/1282 1329/1247/1285
f 1328/1246/1284 1329/1247/1285 1326/1244/1282
f 1327/1245/1283 1330/1248/1286 1314/1232/1270
f 1269/1187/1226 1314/1232/1270 1330/1248/1286
f 1330/1248/1286 1327/1245/1283 1331/1249/1287
f 1329/1247/1285 1331/1249/1287 1327/1245/1283
f 1330/1248/1286 1332/1250/1288 1269/1187/1226
f 1332/1250/1288 1267/1185/1224 1269/1187/1226
f 1332/1250/1288 1330/1248/1286 1333/1251/1289
f 1331/1249/1287 1333/1251/1289 1330/1248/1286
f 1334/1252/1290 1267/1185/1224 1332/1250/1288
f 1334/1252/1290 1262/1180/1219 1267/1185/1224
f 1333/1251/1289 1335/1253/1291 1332/1250/1288
f 1335/1253/1291 1334/1252/1290 1332/1250/1288
f 1336/1254/1292 1262/1180/1219 1334/1252/1290
f 1336/1254/1292 1334/1252/1290 1335/1253/1291
f 1335/1253/1291 1333/1251/1289 1337/1255/1293
f 1333/1251/1289 1331/1249/1287 1338/1256/1294
f 1338/1256/1294 1337/1255/1293 1333/1251/1289
f 1339/1257/1295 1338/1256/1294 1331/1249/1287
f 1337/1255/1293 1340/1258/1296 1335/1253/1291
f 1340/1258/1296 1336/1254/1292 1335/1253/1291
f 1337/1255/1293 1338/1256/1294 1341/1259/1297
f 1262/1180/1219 1336/1254/1292 1342/1260/1298
f 1257/1175/1214 1262/1180/1219 1342/1260/1298
f 1343/1261/1299 1336/1254/1292 1340/1258/1296
f 1257/1175/1214 1342/1260/1298 1344/1262/1300
f 1258/1176/1215 1257/1175/1214 1344/1262/1300
f 1345/1263/1301 1342/1260/1298 1336/1254/1292
f 1336/1254/1292 1343/1261/1299 1345/1263/1301
f 1344/1262/1300 1342/1260/1298 1346/1264/1302
f 1342/1260/1298 1345/1263/1301 1346/1264/1302
f 1344/1262/1300 1347/1265/1303 1258/1176/1215
f 1259/1177/1216 1258/1176/1215 1347/1265/1303
f 1344/1262/1300 1346/1264/1302 1348/1266/1304
f 1347/1265/1303 1344/1262/1300 1348/1266/1304
f 1347/1265/1303 1349/1267/1305 1259/1177/1216
f 1348/1266/1304 1350/1268/1306 1347/1265/1303
f 1349/1267/1305 1347/1265/1303 1350/1268/1306
f 1349/1267/1305 1252/1170/1209 1259/1177/1216
f 1350/1268/1306 1348/1266/1304 1351/1269/1307
f 1352/1270/1308 1349/1267/1305 1350/1268/1306
f 1351/1269/1307 1352/1270/1308 1350/1268/1306
f 1348/1266/1304 1353/1271/1309 1351/1269/1307
f 1348/1266/1304 1346/1264/1302 1353/1271/1309
f 1352/1270/1308 1351/1269/1307 1354/1272/1310
f 1346/1264/1302 1355/1273/1311 1353/1271/1309
f 1355/1273/1311 1346/1264/1302 1345/1263/1301
f 1351/1269/1307 1353/1271/1309 1356/1274/1312
f 1351/1269/1307 1356/1274/1312 1354/1272/1310
f 1357/1275/1313 1353/1271/1309 1355/1273/1311
f 1353/1271/1309 1357/1275/1313 1356/1274/1312
f 1345/1263/1301 1358/1276/1314 1355/1273/1311
f 1358/1276/1314 1345/1263/1301 1343/1261/1299
f 1355/1273/1311 1359/1277/1315 1357/1275/1313
f 1359/1277/1315 1355/1273/1311 1358/1276/1314
f 1360/1278/1316 1356/1274/1312 1357/1275/1313
f 1361/1279/1317 1357/1275/1313 1359/1277/1315
f 1357/1275/1313 1361/1279/1317 1360/1278/1316
f 1356/1274/1312 1360/1278/1316 1362/1280/1318
f 1354/1272/1310 1356/1274/1312 1362/1280/1318
f 1363/1281/1319 1360/1278/1316 1361/1279/1317
f 1364/1282/1320 1362/1280/1318 1360/1278/1316
f 1360/1278/1316 1363/1281/1319 1364/1282/1320
f 1362/1280/1318 1364/1282/1320 1365/1283/1321
f 1362/1280/1318 1366/1284/1322 1354/1272/1310
f 1366/1284/1322 1362/1280/1318 1365/1283/1321
f 1367/1285/1323 1354/1272/1310 1366/1284/1322
f 1354/1272/1310 1367/1285/1323 1352/1270/1308
f 1367/1285/1323 1368/1286/1324 1352/1270/1308
f 1349/1267/1305 1352/1270/1308 1368/1286/1324
f 1368/1286/1324 1367/1285/1323 1369/1287/1325
f 1368/1286/1324 1370/1288/1326 1349/1267/1305
f 1252/1170/1209 1349/1267/1305 1370/1288/1326
f 1366/1284/1322 1371/1289/1327 1367/1285/1323
f 1371/1289/1327 1369/1287/1325 1367/1285/1323
f 1371/1289/1327 1366/1284/1322 1372/1290/1328
f 1365/1283/1321 1372/1290/1328 1366/1284/1322
f 1370/1288/1326 1368/1286/1324 1373/1291/1329
f 1369/1287/1325 1373/1291/1329 1368/1286/1324
f 1374/1292/1330 1252/1170/1209 1370/1288/1326
f 1375/1293/1331 1370/1288/1326 1373/1291/1329
f 1370/1288/1326 1375/1293/1331 1374/1292/1330
f 1252/1170/1209 1374/1292/1330 1376/1294/1332
f 1245/1163/1202 1252/1170/1209 1376/1294/1332
f 1376/1294/1332 1248/1166/1205 1245/1163/1202
f 1248/1166/1205 1376/1294/1332 1377/1295/1333
f 1374/1292/1330 1377/1295/1333 1376/1294/1332
f 1377/1295/1333 1249/1167/1206 1248/1166/1205
f 1375/1293/1331 1378/1296/1334 1374/1292/1330
f 1377/1295/1333 1374/1292/1330 1378/1296/1334
f 1249/1167/1206 1377/1295/1333 1379/1297/1335
f 1378/1296/1334 1379/1297/1335 1377/1295/1333
f 1379/1297/1335 1380/1298/1336 1249/1167/1206
f 1378/1296/1334 1375/1293/1331 1381/1299/1337
f 1379/1297/1335 1378/1296/1334 1382/1300/1338
f 1381/1299/1337 1382/1300/1338 1378/1296/1334
f 1382/1300/1338 1383/1301/1339 1379/1297/1335
f 1380/1298/1336 1379/1297/1335 1383/1301/1339
f 1383/1301/1339 1382/1300/1338 460/415/437
f 459/414/436 1380/1298/1336 1383/1301/1339
f 460/415/437 459/414/436 1383/1301/1339
f 1380/1298/1336 459/414/436 463/418/440
f 1384/1302/1340 460/415/437 1382/1300/1338
f 1382/1300/1338 1381/1299/1337 1384/1302/1340
f 460/415/437 1384/1302/1340 456/411/433
f 463/418/440 1385/1303/1341 1380/1298/1336
f 1385/1303/1341 1249/1167/1206 1380/1298/1336
f 1249/1167/1206 1385/1303/1341 1247/1165/1204
f 1385/1303/1341 463/418/440 466/421/443
f 1246/1164/1203 1247/1165/1204 1385/1303/1341
f 466/421/443 1246/1164/1203 1385/1303/1341
f 1246/1164/1203 466/421/443 469/424/446
f 469/424/446 1386/1304/1342 1246/1164/1203
f 1240/1158/1197 1246/1164/1203 1386/1304/1342
f 1386/1304/1342 469/424/446 472/427/449
f 1386/1304/1342 1239/1157/1196 1240/1158/1197
f 472/427/449 1387/1305/1343 1386/1304/1342
f 1239/1157/1196 1386/1304/1342 1387/1305/1343
f 1387/1305/1343 472/427/449 475/430/452
f 1387/1305/1343 1108/1038/1070 1239/1157/1196
f 475/430/452 1388/1306/1344 1387/1305/1343
f 1108/1038/1070 1387/1305/1343 1388/1306/1344
f 1388/1306/1344 475/430/452 476/431/453
f 1388/1306/1344 1389/1307/1345 1108/1038/1070
f 882/822/848 1108/1038/1070 1389/1307/1345
f 1389/1307/1345 879/819/845 882/822/848
f 476/431/453 1390/1308/1346 1388/1306/1344
f 1389/1307/1345 1388/1306/1344 1390/1308/1346
f 1390/1308/1346 476/431/453 479/434/456
f 879/819/845 1389/1307/1345 1391/1309/1347
f 1390/1308/1346 1391/1309/1347 1389/1307/1345
f 1391/1309/1347 877/817/843 879/819/845
f 479/434/456 1392/1310/1348 1390/1308/1346
f 1391/1309/1347 1390/1308/1346 1392/1310/1348
f 1392/1310/1348 479/434/456 482/437/459
f 877/817/843 1391/1309/1347 1393/1311/1349
f 1392/1310/1348 1393/1311/1349 1391/1309/1347
f 1393/1311/1349 875/815/841 877/817/843
f 482/437/459 1394/1312/1350 1392/1310/1348
f 1393/1311/1349 1392/1310/1348 1394/1312/1350
f 1394/1312/1350 482/437/459 487/442/464
f 875/815/841 1393/1311/1349 1395/1313/1351
f 1394/1312/1350 1395/1313/1351 1393/1311/1349
f 108/108/108 875/815/841 1395/1313/1351
f 487/442/464 1396/1314/1352 1394/1312/1350
f 1395/1313/1351 1394/1312/1350 1396/1314/1352
f 1396/1314/1352 487/442/464 490/445/467
f 1395/1313/1351 1397/1315/1353 108/108/108
f 1397/1315/1353 1395/1313/1351 1396/1314/1352
f 490/445/467 1397/1315/1353 1396/1314/1352
f 1397/1315/1353 105/105/105 108/108/108
f 1397/1315/1353 490/445/467 496/451/473
f 496/451/473 105/105/105 1397/1315/1353
f 767/707/734 763/703/730 1398/1316/1354
f 764/704/731 1398/1316/1354 763/703/730
f 1399/1317/1355 766/706/733 767/707/734
f 1398/1316/1354 1399/1317/1355 767/707/734
f 1400/1318/1356 706/646/673 766/706/733
f 766/706/733 1399/1317/1355 1400/1318/1356
f 1398/1316/1354 764/704/731 1401/1319/1357
f 765/705/732 1401/1319/1357 764/704/731
f 1399/1317/1355 1398/1316/1354 1402/1320/1358
f 1401/1319/1357 1402/1320/1358 1398/1316/1354
f 1401/1319/1357 765/705/732 688/628/655
f 691/631/658 688/628/655 765/705/732
f 1402/1320/1358 1401/1319/1357 686/626/653
f 688/628/655 686/626/653 1401/1319/1357
f 1402/1320/1358 1403/1321/1359 1399/1317/1355
f 686/626/653 685/625/652 1402/1320/1358
f 1403/1321/1359 1402/1320/1358 685/625/652
f 1404/1322/1360 1399/1317/1355 1403/1321/1359
f 1399/1317/1355 1404/1322/1360 1400/1318/1356
f 1404/1322/1360 1405/1323/1361 1400/1318/1356
f 706/646/673 1400/1318/1356 1405/1323/1361
f 1406/1324/1362 706/646/673 1405/1323/1361
f 706/646/673 1406/1324/1362 701/641/668
f 1405/1323/1361 1404/1322/1360 1407/1325/1363
f 1407/1325/1363 1406/1324/1362 1405/1323/1361
f 1403/1321/1359 1408/1326/1364 1404/1322/1360
f 1404/1322/1360 1408/1326/1364 1407/1325/1363
f 1409/1327/1365 701/641/668 1406/1324/1362
f 701/641/668 1409/1327/1365 700/640/667
f 1406/1324/1362 1407/1325/1363 1410/1328/1366
f 1410/1328/1366 1409/1327/1365 1406/1324/1362
f 1407/1325/1363 1408/1326/1364 1411/1329/1367
f 1407/1325/1363 1411/1329/1367 1410/1328/1366
f 1411/1329/1367 1408/1326/1364 1412/1330/1368
f 1408/1326/1364 1403/1321/1359 1413/1331/1369
f 1413/1331/1369 1412/1330/1368 1408/1326/1364
f 685/625/652 1413/1331/1369 1403/1321/1359
f 1411/1329/1367 1412/1330/1368 1414/1332/445
f 1412/1330/1368 1413/1331/1369 1415/1333/1370
f 1416/1334/1371 1411/1329/1367 1414/1332/445
f 1410/1328/1366 1411/1329/1367 1416/1334/1371
f 1416/1334/1371 1414/1332/445 1417/1335/1372
f 682/622/649 1415/1333/1370 1413/1331/1369
f 1413/1331/1369 685/625/652 682/622/649
f 1415/1333/1370 682/622/649 1418/1336/1373
f 682/622/649 674/614/641 1418/1336/1373
f 1419/1337/1374 1416/1334/1371 1417/1335/1372
f 1419/1337/1374 1417/1335/1372 1420/1338/439
f 1410/1328/1366 1416/1334/1371 1421/1339/1375
f 1421/1339/1375 1416/1334/1371 1419/1337/1374
f 1409/1327/1365 1410/1328/1366 1421/1339/1375
f 1422/1340/1376 1419/1337/1374 1420/1338/439
f 1422/1340/1376 1420/1338/439 1423/1341/435
f 1421/1339/1375 1419/1337/1374 1424/1342/1377
f 1424/1342/1377 1419/1337/1374 1422/1340/1376
f 1421/1339/1375 1425/1343/1378 1409/1327/1365
f 1425/1343/1378 1421/1339/1375 1424/1342/1377
f 1426/1344/1379 1409/1327/1365 1425/1343/1378
f 1409/1327/1365 1426/1344/1379 700/640/667
f 1427/1345/1380 700/640/667 1426/1344/1379
f 1428/1346/1381 1422/1340/1376 1423/1341/435
f 1428/1346/1381 1423/1341/435 1429/1347/1382
f 1424/1342/1377 1422/1340/1376 1430/1348/1383
f 1430/1348/1383 1422/1340/1376 1428/1346/1381
f 1431/1349/1384 1424/1342/1377 1430/1348/1383
f 1424/1342/1377 1431/1349/1384 1425/1343/1378
f 1425/1343/1378 1432/1350/1385 1426/1344/1379
f 1432/1350/1385 1425/1343/1378 1431/1349/1384
f 1426/1344/1379 1433/1351/1386 1427/1345/1380
f 1433/1351/1386 1426/1344/1379 1432/1350/1385
f 1434/1352/1387 1427/1345/1380 1433/1351/1386
f 1430/1348/1383 1435/1353/1388 1431/1349/1384
f 1435/1353/1388 1432/1350/1385 1431/1349/1384
f 1430/1348/1383 1428/1346/1381 1436/1354/1389
f 1435/1353/1388 1430/1348/1383 1436/1354/1389
f 1436/1354/1389 1428/1346/1381 1437/1355/1390
f 1437/1355/1390 1428/1346/1381 1429/1347/1382
f 1437/1355/1390 1429/1347/1382 1438/1356/1391
f 1439/1357/1392 1437/1355/1390 1438/1356/1391
f 1439/1357/1392 1438/1356/1391 1440/1358/1393
f 1436/1354/1389 1437/1355/1390 1441/1359/1394
f 1441/1359/1394 1437/1355/1390 1439/1357/1392
f 1436/1354/1389 1442/1360/1395 1435/1353/1388
f 1442/1360/1395 1436/1354/1389 1441/1359/1394
f 1443/1361/1396 1439/1357/1392 1440/1358/1393
f 1443/1361/1396 1440/1358/1393 1444/1362/1397
f 1441/1359/1394 1439/1357/1392 1445/1363/1398
f 1445/1363/1398 1439/1357/1392 1443/1361/1396
f 1441/1359/1394 1446/1364/1399 1442/1360/1395
f 1446/1364/1399 1441/1359/1394 1445/1363/1398
f 1447/1365/1400 1443/1361/1396 1444/1362/1397
f 1447/1365/1400 1444/1362/1397 1448/1366/1401
f 1445/1363/1398 1443/1361/1396 1449/1367/1402
f 1449/1367/1402 1443/1361/1396 1447/1365/1400
f 1445/1363/1398 1450/1368/1403 1446/1364/1399
f 1450/1368/1403 1445/1363/1398 1449/1367/1402
f 1451/1369/1404 1447/1365/1400 1448/1366/1401
f 1451/1369/1404 1448/1366/1401 1452/1370/1405
f 1449/1367/1402 1447/1365/1400 1453/1371/1406
f 1453/1371/1406 1447/1365/1400 1451/1369/1404
f 1449/1367/1402 1454/1372/1407 1450/1368/1403
f 1454/1372/1407 1449/1367/1402 1453/1371/1406
f 1455/1373/1408 1451/1369/1404 1452/1370/1405
f 1455/1373/1408 1452/1370/1405 1456/1374/1409
f 1453/1371/1406 1451/1369/1404 1457/1375/1410
f 1457/1375/1410 1451/1369/1404 1455/1373/1408
f 1453/1371/1406 1458/1376/1411 1454/1372/1407
f 1458/1376/1411 1453/1371/1406 1457/1375/1410
f 1459/1377/1412 1455/1373/1408 1456/1374/1409
f 1459/1377/1412 1456/1374/1409 1460/1378/1413
f 1457/1375/1410 1455/1373/1408 1461/1379/1414
f 1461/1379/1414 1455/1373/1408 1459/1377/1412
f 1457/1375/1410 1462/1380/1415 1458/1376/1411
f 1462/1380/1415 1457/1375/1410 1461/1379/1414
f 1463/1381/1416 1459/1377/1412 1460/1378/1413
f 1463/1381/1416 1460/1378/1413 1464/1382/1417
f 1461/1379/1414 1459/1377/1412 1465/1383/1418
f 1465/1383/1418 1459/1377/1412 1463/1381/1416
f 1461/1379/1414 1466/1384/1419 1462/1380/1415
f 1466/1384/1419 1461/1379/1414 1465/1383/1418
f 1467/1385/1420 1463/1381/1416 1464/1382/1417
f 1467/1385/1420 1464/1382/1417 1468/1386/1421
f 1465/1383/1418 1463/1381/1416 1469/1387/1422
f 1469/1387/1422 1463/1381/1416 1467/1385/1420
f 1465/1383/1418 1470/1388/1423 1466/1384/1419
f 1470/1388/1423 1465/1383/1418 1469/1387/1422
f 1471/1389/1424 1467/1385/1420 1468/1386/1421
f 1471/1389/1424 1468/1386/1421 1472/1390/1425
f 1469/1387/1422 1467/1385/1420 1473/1391/1426
f 1473/1391/1426 1467/1385/1420 1471/1389/1424
f 1469/1387/1422 1474/1392/1427 1470/1388/1423
f 1474/1392/1427 1469/1387/1422 1473/1391/1426
f 1475/1393/1428 1471/1389/1424 1472/1390/1425
f 1475/1393/1428 1472/1390/1425 1476/1394/1429
f 1473/1391/1426 1471/1389/1424 1477/1395/1430
f 1477/1395/1430 1471/1389/1424 1475/1393/1428
f 1473/1391/1426 1478/1396/1431 1474/1392/1427
f 1478/1396/1431 1473/1391/1426 1477/1395/1430
f 1479/1397/1432 1475/1393/1428 1476/1394/1429
f 1479/1397/1432 1476/1394/1429 1480/1398/1433
f 1477/1395/1430 1475/1393/1428 1481/1399/1434
f 1481/1399/1434 1475/1393/1428 1479/1397/1432
f 1477/1395/1430 1482/1400/1435 1478/1396/1431
f 1482/1400/1435 1477/1395/1430 1481/1399/1434
f 1483/1401/1436 1479/1397/1432 1480/1398/1433
f 1483/1401/1436 1480/1398/1433 1484/1402/1437
f 1481/1399/1434 1479/1397/1432 1485/1403/1438
f 1485/1403/1438 1479/1397/1432 1483/1401/1436
f 1481/1399/1434 1486/1404/1439 1482/1400/1435
f 1486/1404/1439 1481/1399/1434 1485/1403/1438
f 1487/1405/1440 1483/1401/1436 1484/1402/1437
f 1487/1405/1440 1484/1402/1437 1488/1406/1441
f 1485/1403/1438 1483/1401/1436 1489/1407/1442
f 1489/1407/1442 1483/1401/1436 1487/1405/1440
f 1485/1403/1438 1490/1408/1443 1486/1404/1439
f 1490/1408/1443 1485/1403/1438 1489/1407/1442
f 1491/1409/1444 1487/1405/1440 1488/1406/1441
f 1491/1409/1444 1488/1406/1441 1492/1410/1445
f 1489/1407/1442 1487/1405/1440 1493/1411/1446
f 1493/1411/1446 1487/1405/1440 1491/1409/1444
f 1489/1407/1442 1494/1412/1447 1490/1408/1443
f 1494/1412/1447 1489/1407/1442 1493/1411/1446
f 1495/1413/1448 1491/1409/1444 1492/1410/1445
f 1495/1413/1448 1492/1410/1445 1496/1414/1449
f 1493/1411/1446 1491/1409/1444 1497/1415/1450
f 1497/1415/1450 1491/1409/1444 1495/1413/1448
f 1493/1411/1446 1498/1416/1451 1494/1412/1447
f 1498/1416/1451 1493/1411/1446 1497/1415/1450
f 1499/1417/1452 1495/1413/1448 1496/1414/1449
f 1499/1417/1452 1496/1414/1449 1500/1418/1453
f 1497/1415/1450 1495/1413/1448 1501/1419/1454
f 1501/1419/1454 1495/1413/1448 1499/1417/1452
f 1497/1415/1450 1502/1420/1455 1498/1416/1451
f 1502/1420/1455 1497/1415/1450 1501/1419/1454
f 1503/1421/1456 1499/1417/1452 1500/1418/1453
f 1503/1421/1456 1500/1418/1453 1504/1422/1457
f 1501/1419/1454 1499/1417/1452 1505/1423/1458
f 1505/1423/1458 1499/1417/1452 1503/1421/1456
f 1501/1419/1454 1506/1424/1459 1502/1420/1455
f 1506/1424/1459 1501/1419/1454 1505/1423/1458
f 1507/1425/1460 1503/1421/1456 1504/1422/1457
f 1507/1425/1460 1504/1422/1457 1508/1426/1461
f 1505/1423/1458 1503/1421/1456 1509/1427/1462
f 1509/1427/1462 1503/1421/1456 1507/1425/1460
f 1505/1423/1458 1510/1428/1463 1506/1424/1459
f 1510/1428/1463 1505/1423/1458 1509/1427/1462
f 1511/1429/1464 1507/1425/1460 1508/1426/1461
f 1511/1429/1464 1508/1426/1461 1512/1430/1465
f 1513/1431/1466 1511/1429/1464 1512/1430/1465
f 1514/1432/1467 1507/1425/1460 1511/1429/1464
f 1509/1427/1462 1507/1425/1460 1514/1432/1467
f 1511/1429/1464 1513/1431/1466 1515/1433/1468
f 1515/1433/1468 1514/1432/1467 1511/1429/1464
f 1516/1434/1469 1515/1433/1468 1513/1431/1466
f 1517/1435/1470 1509/1427/1462 1514/1432/1467
f 1509/1427/1462 1517/1435/1470 1510/1428/1463
f 1515/1433/1468 1516/1434/1469 1518/1436/1471
f 1514/1432/1467 1515/1433/1468 1519/1437/1472
f 1519/1437/1472 1517/1435/1470 1514/1432/1467
f 1518/1436/1471 1519/1437/1472 1515/1433/1468
f 1520/1438/623 1518/1436/1471 1516/1434/1469
f 1517/1435/1470 1519/1437/1472 1521/1439/1473
f 1518/1436/1471 1520/1438/623 1522/1440/1474
f 1523/1441/1475 1522/1440/1474 1520/1438/623
f 1519/1437/1472 1518/1436/1471 1524/1442/1476
f 1524/1442/1476 1521/1439/1473 1519/1437/1472
f 1525/1443/1477 1518/1436/1471 1522/1440/1474
f 1524/1442/1476 1518/1436/1471 1525/1443/1477
f 1522/1440/1474 1523/1441/1475 1526/1444/1478
f 1527/1445/1479 1526/1444/1478 1523/1441/1475
f 1525/1443/1477 1522/1440/1474 1528/1446/1480
f 1528/1446/1480 1522/1440/1474 1526/1444/1478
f 1526/1444/1478 1527/1445/1479 1529/1447/1481
f 1530/1448/1482 1529/1447/1481 1527/1445/1479
f 1528/1446/1480 1526/1444/1478 1531/1449/1483
f 1531/1449/1483 1526/1444/1478 1529/1447/1481
f 1529/1447/1481 1530/1448/1482 1532/1450/1484
f 1533/1451/1485 1532/1450/1484 1530/1448/1482
f 1531/1449/1483 1529/1447/1481 1534/1452/1486
f 1534/1452/1486 1529/1447/1481 1532/1450/1484
f 1532/1450/1484 1533/1451/1485 1535/1453/1487
f 1535/1453/1487 1534/1452/1486 1532/1450/1484
f 1536/1454/1488 1535/1453/1487 1533/1451/1485
f 1535/1453/1487 1536/1454/1488 1010/947/976
f 1014/951/600 1010/947/976 1536/1454/1488
f 1534/1452/1486 1535/1453/1487 1009/946/975
f 1010/947/976 1009/946/975 1535/1453/1487
f 1537/1455/1489 1531/1449/1483 1534/1452/1486
f 1009/946/975 1537/1455/1489 1534/1452/1486
f 1531/1449/1483 1537/1455/1489 1538/1456/1490
f 1538/1456/1490 1528/1446/1480 1531/1449/1483
f 1537/1455/1489 1009/946/975 1004/941/970
f 1002/939/968 1538/1456/1490 1537/1455/1489
f 1004/941/970 1002/939/968 1537/1455/1489
f 1528/1446/1480 1538/1456/1490 1539/1457/1491
f 1539/1457/1491 1525/1443/1477 1528/1446/1480
f 1540/1458/1492 1539/1457/1491 1538/1456/1490
f 1538/1456/1490 1002/939/968 1540/1458/1492
f 1525/1443/1477 1539/1457/1491 1541/1459/1493
f 1541/1459/1493 1524/1442/1476 1525/1443/1477
f 1539/1457/1491 1540/1458/1492 1542/1460/1494
f 1542/1460/1494 1541/1459/1493 1539/1457/1491
f 1002/939/968 984/921/950 1540/1458/1492
f 1540/1458/1492 983/920/949 1542/1460/1494
f 983/920/949 1540/1458/1492 984/921/950
f 1524/1442/1476 1541/1459/1493 1543/1461/1495
f 1521/1439/1473 1524/1442/1476 1543/1461/1495
f 1541/1459/1493 1542/1460/1494 1544/1462/1496
f 1544/1462/1496 1543/1461/1495 1541/1459/1493
f 1545/1463/1497 1542/1460/1494 983/920/949
f 1542/1460/1494 1545/1463/1497 1544/1462/1496
f 983/920/949 976/913/942 1545/1463/1497
f 1543/1461/1495 1544/1462/1496 1546/1464/1498
f 1543/1461/1495 1547/1465/1499 1521/1439/1473
f 1547/1465/1499 1543/1461/1495 1546/1464/1498
f 1544/1462/1496 1548/1466/1500 1546/1464/1498
f 1548/1466/1500 1544/1462/1496 1545/1463/1497
f 1546/1464/1498 1549/1467/1501 1547/1465/1499
f 1549/1467/1501 1546/1464/1498 1548/1466/1500
f 1550/1468/1502 1521/1439/1473 1547/1465/1499
f 1521/1439/1473 1550/1468/1502 1517/1435/1470
f 1550/1468/1502 1510/1428/1463 1517/1435/1470
f 1545/1463/1497 1551/1469/1503 1548/1466/1500
f 1551/1469/1503 1545/1463/1497 976/913/942
f 1548/1466/1500 1552/1470/1504 1549/1467/1501
f 1552/1470/1504 1548/1466/1500 1551/1469/1503
f 1510/1428/1463 1550/1468/1502 1553/1471/1505
f 1553/1471/1505 1506/1424/1459 1510/1428/1463
f 1547/1465/1499 1554/1472/1506 1550/1468/1502
f 1554/1472/1506 1553/1471/1505 1550/1468/1502
f 1554/1472/1506 1547/1465/1499 1549/1467/1501
f 1506/1424/1459 1553/1471/1505 1555/1473/1507
f 1555/1473/1507 1502/1420/1455 1506/1424/1459
f 1553/1471/1505 1554/1472/1506 1556/1474/1508
f 1556/1474/1508 1555/1473/1507 1553/1471/1505
f 1549/1467/1501 1557/1475/1509 1554/1472/1506
f 1557/1475/1509 1556/1474/1508 1554/1472/1506
f 1557/1475/1509 1549/1467/1501 1552/1470/1504
f 1558/1476/1510 1559/1477/1511 1560/1478/1512
f 1561/1479/1513 1560/1478/1512 1559/1477/1511
f 1562/1480/1514 1558/1476/1510 1563/1481/1515
f 1560/1478/1512 1563/1481/1515 1558/1476/1510
f 1564/1482/1516 1562/1480/1514 1565/1483/1517
f 1563/1481/1515 1565/1483/1517 1562/1480/1514
f 1560/1478/1512 1561/1479/1513 1566/1484/1518
f 1567/1485/1519 1566/1484/1518 1561/1479/1513
f 1563/1481/1515 1560/1478/1512 1568/1486/1520
f 1566/1484/1518 1568/1486/1520 1560/1478/1512
f 1565/1483/1517 1563/1481/1515 1569/1487/1521
f 1568/1486/1520 1569/1487/1521 1563/1481/1515
f 1566/1484/1518 1567/1485/1519 1570/1488/1522
f 1571/1489/1523 1570/1488/1522 1567/1485/1519
f 1568/1486/1520 1566/1484/1518 1572/1490/1524
f 1570/1488/1522 1572/1490/1524 1566/1484/1518
f 1569/1487/1521 1568/1486/1520 1573/1491/1525
f 1572/1490/1524 1573/1491/1525 1568/1486/1520
f 1570/1488/1522 1571/1489/1523 1574/1492/1526
f 1575/1493/1527 1574/1492/1526 1571/1489/1523
f 1572/1490/1524 1570/1488/1522 1576/1494/1528
f 1574/1492/1526 1576/1494/1528 1570/1488/1522
f 1573/1491/1525 1572/1490/1524 1577/1495/1529
f 1576/1494/1528 1577/1495/1529 1572/1490/1524
f 1574/1492/1526 1575/1493/1527 1578/1496/1530
f 447/402/424 1578/1496/1530 1575/1493/1527
f 1576/1494/1528 1574/1492/1526 1579/1497/1531
f 1578/1496/1530 1579/1497/1531 1574/1492/1526
f 1577/1495/1529 1576/1494/1528 1580/1498/1532
f 1579/1497/1531 1580/1498/1532 1576/1494/1528
f 1578/1496/1530 447/402/424 1581/1499/1533
f 448/403/425 1581/1499/1533 447/402/424
f 1579/1497/1531 1578/1496/1530 1582/1500/1534
f 1581/1499/1533 1582/1500/1534 1578/1496/1530
f 1580/1498/1532 1579/1497/1531 1583/1501/1535
f 1582/1500/1534 1583/1501/1535 1579/1497/1531
f 1581/1499/1533 448/403/425 1584/1502/1536
f 452/407/429 1584/1502/1536 448/403/425
f 1582/1500/1534 1581/1499/1533 1585/1503/1537
f 1584/1502/1536 1585/1503/1537 1581/1499/1533
f 1583/1501/1535 1582/1500/1534 1586/1504/1538
f 1585/1503/1537 1586/1504/1538 1582/1500/1534
f 1584/1502/1536 452/407/429 1587/1505/1539
f 456/411/433 1587/1505/1539 452/407/429
f 1587/1505/1539 456/411/433 1384/1302/1340
f 1587/1505/1539 1588/1506/1540 1584/1502/1536
f 1585/1503/1537 1584/1502/1536 1588/1506/1540
f 1384/1302/1340 1589/1507/1541 1587/1505/1539
f 1588/1506/1540 1587/1505/1539 1589/1507/1541
f 1589/1507/1541 1384/1302/1340 1381/1299/1337
f 1588/1506/1540 1590/1508/1542 1585/1503/1537
f 1586/1504/1538 1585/1503/1537 1590/1508/1542
f 1589/1507/1541 1591/1509/1543 1588/1506/1540
f 1590/1508/1542 1588/1506/1540 1591/1509/1543
f 1381/1299/1337 1592/1510/1544 1589/1507/1541
f 1591/1509/1543 1589/1507/1541 1592/1510/1544
f 1592/1510/1544 1381/1299/1337 1375/1293/1331
f 1373/1291/1329 1592/1510/1544 1375/1293/1331
f 1592/1510/1544 1373/1291/1329 1593/1511/1545
f 1593/1511/1545 1591/1509/1543 1592/1510/1544
f 1373/1291/1329 1369/1287/1325 1593/1511/1545
f 1591/1509/1543 1593/1511/1545 1594/1512/1546
f 1594/1512/1546 1590/1508/1542 1591/1509/1543
f 1369/1287/1325 1594/1512/1546 1593/1511/1545
f 662/602/630 663/603/631 1595/1513/1547
f 1596/1514/1548 1595/1513/1547 663/603/631
f 664/604/632 662/602/630 1597/1515/1549
f 1595/1513/1547 1597/1515/1549 662/602/630
f 665/605/633 664/604/632 1598/1516/1550
f 1597/1515/1549 1598/1516/1550 664/604/632
f 1595/1513/1547 1596/1514/1548 1599/1517/1551
f 1600/1518/1552 1599/1517/1551 1596/1514/1548
f 1597/1515/1549 1595/1513/1547 1601/1519/1553
f 1599/1517/1551 1601/1519/1553 1595/1513/1547
f 1599/1517/1551 1600/1518/1552 1602/1520/1554
f 1603/1521/1457 1602/1520/1554 1600/1518/1552
f 1601/1519/1553 1599/1517/1551 1604/1522/1555
f 1602/1520/1554 1604/1522/1555 1599/1517/1551
f 1602/1520/1554 1603/1521/1457 1605/1523/1556
f 1606/1524/1557 1605/1523/1556 1603/1521/1457
f 1604/1522/1555 1602/1520/1554 1607/1525/1558
f 1605/1523/1556 1607/1525/1558 1602/1520/1554
f 1605/1523/1556 1606/1524/1557 1608/1526/1559
f 1609/1527/1560 1608/1526/1559 1606/1524/1557
f 1607/1525/1558 1605/1523/1556 1610/1528/1561
f 1608/1526/1559 1609/1527/1560 1611/1529/1562
f 1612/1530/1563 1611/1529/1562 1609/1527/1560
f 1613/1531/1564 1605/1523/1556 1608/1526/1559
f 1605/1523/1556 1613/1531/1564 1610/1528/1561
f 1614/1532/1565 1608/1526/1559 1611/1529/1562
f 1608/1526/1559 1614/1532/1565 1613/1531/1564
f 1611/1529/1562 1612/1530/1563 1615/1533/1566
f 1616/1534/1567 1615/1533/1566 1612/1530/1563
f 1611/1529/1562 1617/1535/1568 1614/1532/1565
f 1617/1535/1568 1611/1529/1562 1615/1533/1566
f 1615/1533/1566 1616/1534/1567 1618/1536/1569
f 1619/1537/1570 1618/1536/1569 1616/1534/1567
f 1615/1533/1566 1620/1538/1571 1617/1535/1568
f 1620/1538/1571 1615/1533/1566 1618/1536/1569
f 1618/1536/1569 1619/1537/1570 1621/1539/1572
f 1622/1540/1573 1621/1539/1572 1619/1537/1570
f 1618/1536/1569 1623/1541/1574 1620/1538/1571
f 1623/1541/1574 1618/1536/1569 1621/1539/1572
f 1621/1539/1572 1622/1540/1573 1624/1542/1575
f 1625/1543/1429 1624/1542/1575 1622/1540/1573
f 1621/1539/1572 1626/1544/1576 1623/1541/1574
f 1626/1544/1576 1621/1539/1572 1624/1542/1575
f 1627/1545/1577 1620/1538/1571 1623/1541/1574
f 1626/1544/1576 1627/1545/1577 1623/1541/1574
f 1628/1546/1578 1617/1535/1568 1620/1538/1571
f 1620/1538/1571 1627/1545/1577 1628/1546/1578
f 1624/1542/1575 1625/1543/1429 1629/1547/1579
f 1630/1548/1580 1629/1547/1579 1625/1543/1429
f 1624/1542/1575 1631/1549/1581 1626/1544/1576
f 1631/1549/1581 1624/1542/1575 1629/1547/1579
f 1627/1545/1577 1626/1544/1576 1632/1550/1582
f 1631/1549/1581 1632/1550/1582 1626/1544/1576
f 1629/1547/1579 1630/1548/1580 1633/1551/1583
f 1634/1552/1421 1633/1551/1583 1630/1548/1580
f 1629/1547/1579 1635/1553/1584 1631/1549/1581
f 1635/1553/1584 1629/1547/1579 1633/1551/1583
f 1632/1550/1582 1631/1549/1581 1559/1477/1511
f 1635/1553/1584 1559/1477/1511 1631/1549/1581
f 1633/1551/1583 1634/1552/1421 1636/1554/1585
f 1637/1555/1586 1636/1554/1585 1634/1552/1421
f 1633/1551/1583 1638/1556/1587 1635/1553/1584
f 1638/1556/1587 1633/1551/1583 1636/1554/1585
f 1559/1477/1511 1635/1553/1584 1561/1479/1513
f 1638/1556/1587 1561/1479/1513 1635/1553/1584
f 1636/1554/1585 1637/1555/1586 1639/1557/1588
f 1640/1558/1589 1639/1557/1588 1637/1555/1586
f 1636/1554/1585 1641/1559/1590 1638/1556/1587
f 1641/1559/1590 1636/1554/1585 1639/1557/1588
f 1639/1557/1588 1640/1558/1589 1642/1560/1591
f 1643/1561/1409 1642/1560/1591 1640/1558/1589
f 1639/1557/1588 1644/1562/1592 1641/1559/1590
f 1644/1562/1592 1639/1557/1588 1642/1560/1591
f 1642/1560/1591 1643/1561/1409 1645/1563/1593
f 1645/1563/1593 1644/1562/1592 1642/1560/1591
f 1646/1564/1594 1645/1563/1593 1643/1561/1409
f 1641/1559/1590 1567/1485/1519 1638/1556/1587
f 1561/1479/1513 1638/1556/1587 1567/1485/1519
f 1644/1562/1592 1571/1489/1523 1641/1559/1590
f 1567/1485/1519 1641/1559/1590 1571/1489/1523
f 1645/1563/1593 1646/1564/1594 1647/1565/1595
f 1648/1566/1596 1647/1565/1595 1646/1564/1594
f 1644/1562/1592 1645/1563/1593 1649/1567/1597
f 1647/1565/1595 1649/1567/1597 1645/1563/1593
f 1571/1489/1523 1644/1562/1592 1575/1493/1527
f 1649/1567/1597 1575/1493/1527 1644/1562/1592
f 1647/1565/1595 1648/1566/1596 441/396/418
f 442/397/419 441/396/418 1648/1566/1596
f 1649/1567/1597 1647/1565/1595 445/400/422
f 441/396/418 445/400/422 1647/1565/1595
f 1575/1493/1527 1649/1567/1597 447/402/424
f 445/400/422 447/402/424 1649/1567/1597
f 1590/1508/1542 1594/1512/1546 1650/1568/1598
f 1650/1568/1598 1586/1504/1538 1590/1508/1542
f 1594/1512/1546 1369/1287/1325 1651/1569/1599
f 1651/1569/1599 1650/1568/1598 1594/1512/1546
f 1369/1287/1325 1371/1289/1327 1651/1569/1599
f 1586/1504/1538 1650/1568/1598 1652/1570/1600
f 1652/1570/1600 1583/1501/1535 1586/1504/1538
f 1650/1568/1598 1651/1569/1599 1653/1571/1601
f 1653/1571/1601 1652/1570/1600 1650/1568/1598
f 1654/1572/1602 1651/1569/1599 1371/1289/1327
f 1651/1569/1599 1654/1572/1602 1653/1571/1601
f 1372/1290/1328 1654/1572/1602 1371/1289/1327
f 1583/1501/1535 1652/1570/1600 1655/1573/1603
f 1655/1573/1603 1580/1498/1532 1583/1501/1535
f 1652/1570/1600 1653/1571/1601 1656/1574/1604
f 1656/1574/1604 1655/1573/1603 1652/1570/1600
f 1657/1575/1605 1653/1571/1601 1654/1572/1602
f 1653/1571/1601 1657/1575/1605 1656/1574/1604
f 1654/1572/1602 1372/1290/1328 1658/1576/1606
f 1658/1576/1606 1657/1575/1605 1654/1572/1602
f 1659/1577/1607 1658/1576/1606 1372/1290/1328
f 1372/1290/1328 1365/1283/1321 1659/1577/1607
f 1655/1573/1603 1656/1574/1604 1660/1578/1608
f 1657/1575/1605 1660/1578/1608 1656/1574/1604
f 1580/1498/1532 1655/1573/1603 1661/1579/1609
f 1660/1578/1608 1661/1579/1609 1655/1573/1603
f 1661/1579/1609 1577/1495/1529 1580/1498/1532
f 1365/1283/1321 1662/1580/1610 1659/1577/1607
f 1662/1580/1610 1365/1283/1321 1364/1282/1320
f 1577/1495/1529 1661/1579/1609 1663/1581/1611
f 1663/1581/1611 1573/1491/1525 1577/1495/1529
f 1661/1579/1609 1660/1578/1608 1664/1582/1612
f 1664/1582/1612 1663/1581/1611 1661/1579/1609
f 1665/1583/1613 1664/1582/1612 1660/1578/1608
f 1660/1578/1608 1657/1575/1605 1665/1583/1613
f 1663/1581/1611 1664/1582/1612 1666/1584/1614
f 1573/1491/1525 1663/1581/1611 1667/1585/1615
f 1666/1584/1614 1667/1585/1615 1663/1581/1611
f 1667/1585/1615 1569/1487/1521 1573/1491/1525
f 1668/1586/1616 1666/1584/1614 1664/1582/1612
f 1664/1582/1612 1665/1583/1613 1668/1586/1616
f 1667/1585/1615 1666/1584/1614 1669/1587/1617
f 1569/1487/1521 1667/1585/1615 1670/1588/1618
f 1669/1587/1617 1670/1588/1618 1667/1585/1615
f 1670/1588/1618 1565/1483/1517 1569/1487/1521
f 1671/1589/1619 1669/1587/1617 1666/1584/1614
f 1666/1584/1614 1668/1586/1616 1671/1589/1619
f 1670/1588/1618 1669/1587/1617 1672/1590/1620
f 1565/1483/1517 1670/1588/1618 1673/1591/1621
f 1672/1590/1620 1673/1591/1621 1670/1588/1618
f 1673/1591/1621 1564/1482/1516 1565/1483/1517
f 1674/1592/1622 1672/1590/1620 1669/1587/1617
f 1669/1587/1617 1671/1589/1619 1674/1592/1622
f 1673/1591/1621 1672/1590/1620 1675/1593/1623
f 1564/1482/1516 1673/1591/1621 1676/1594/1624
f 1675/1593/1623 1676/1594/1624 1673/1591/1621
f 1676/1594/1624 1677/1595/1625 1564/1482/1516
f 1678/1596/1626 1675/1593/1623 1672/1590/1620
f 1672/1590/1620 1674/1592/1622 1678/1596/1626
f 1676/1594/1624 1675/1593/1623 1679/1597/1627
f 1677/1595/1625 1676/1594/1624 1680/1598/1628
f 1679/1597/1627 1680/1598/1628 1676/1594/1624
f 1680/1598/1628 1681/1599/1629 1677/1595/1625
f 1682/1600/1630 1679/1597/1627 1675/1593/1623
f 1675/1593/1623 1678/1596/1626 1682/1600/1630
f 1680/1598/1628 1679/1597/1627 1683/1601/1631
f 1681/1599/1629 1680/1598/1628 1684/1602/1632
f 1683/1601/1631 1684/1602/1632 1680/1598/1628
f 1685/1603/1633 1683/1601/1631 1679/1597/1627
f 1679/1597/1627 1682/1600/1630 1685/1603/1633
f 1684/1602/1632 1683/1601/1631 1686/1604/1634
f 1687/1605/1635 1681/1599/1629 1684/1602/1632
f 1686/1604/1634 1687/1605/1635 1684/1602/1632
f 1681/1599/1629 1687/1605/1635 1688/1606/1636
f 1689/1607/1637 1681/1599/1629 1688/1606/1636
f 1688/1606/1636 1690/1608/1638 1689/1607/1637
f 1691/1609/1639 1688/1606/1636 1687/1605/1635
f 1690/1608/1638 1688/1606/1636 1692/1610/1640
f 1688/1606/1636 1691/1609/1639 1692/1610/1640
f 1692/1610/1640 1693/1611/1641 1690/1608/1638
f 1693/1611/1641 1692/1610/1640 1694/1612/1642
f 1692/1610/1640 1695/1613/1643 1694/1612/1642
f 1695/1613/1643 1692/1610/1640 1691/1609/1639
f 1696/1614/1644 1693/1611/1641 1694/1612/1642
f 1695/1613/1643 1696/1614/1644 1694/1612/1642
f 1693/1611/1641 1696/1614/1644 1697/1615/1645
f 1698/1616/1646 1691/1609/1639 1687/1605/1635
f 1687/1605/1635 1686/1604/1634 1698/1616/1646
f 1691/1609/1639 1223/1141/1180 1695/1613/1643
f 1699/1617/1647 1697/1615/1645 1696/1614/1644
f 1697/1615/1645 1699/1617/1647 1700/1618/1648
f 1701/1619/1649 1700/1618/1648 1699/1617/1647
f 1699/1617/1647 1215/1133/1172 1701/1619/1649
f 1217/1135/1174 1701/1619/1649 1215/1133/1172
f 1696/1614/1644 1702/1620/1650 1699/1617/1647
f 1215/1133/1172 1699/1617/1647 1702/1620/1650
f 1702/1620/1650 1696/1614/1644 1703/1621/1651
f 1696/1614/1644 1695/1613/1643 1703/1621/1651
f 1219/1137/1176 1215/1133/1172 1702/1620/1650
f 1703/1621/1651 1219/1137/1176 1702/1620/1650
f 1695/1613/1643 1222/1140/1179 1703/1621/1651
f 1219/1137/1176 1703/1621/1651 1222/1140/1179
f 1222/1140/1179 1695/1613/1643 1223/1141/1180
f 957/894/923 969/906/935 960/897/926
f 966/903/932 965/902/931 1704/1622/1652
f 967/904/933 1704/1622/1652 965/902/931
f 1705/1623/1653 968/905/934 966/903/932
f 1141/1071/1103 969/906/935 968/905/934
f 968/905/934 1705/1623/1653 1141/1071/1103
f 1142/1072/1104 960/897/926 969/906/935
f 969/906/935 1141/1071/1103 1142/1072/1104
f 960/897/926 1142/1072/1104 1144/1074/1106
f 1144/1074/1106 958/895/924 960/897/926
f 966/903/932 1706/1624/1654 1705/1623/1653
f 1706/1624/1654 966/903/932 1704/1622/1652
f 1137/1067/1099 1141/1071/1103 1705/1623/1653
f 1136/1066/1098 1705/1623/1653 1706/1624/1654
f 1705/1623/1653 1136/1066/1098 1137/1067/1099
f 1706/1624/1654 1218/1136/1175 1136/1066/1098
f 1704/1622/1652 1707/1625/1655 1706/1624/1654
f 1218/1136/1175 1706/1624/1654 1707/1625/1655
f 1707/1625/1655 1704/1622/1652 1708/1626/1656
f 1704/1622/1652 967/904/933 1708/1626/1656
f 1709/1627/1657 1707/1625/1655 1708/1626/1656
f 967/904/933 1709/1627/1657 1708/1626/1656
f 1707/1625/1655 1709/1627/1657 1217/1135/1174
f 1217/1135/1174 1218/1136/1175 1707/1625/1655
f 1709/1627/1657 967/904/933 1710/1628/1658
f 1701/1619/1649 1217/1135/1174 1709/1627/1657
f 1710/1628/1658 1701/1619/1649 1709/1627/1657
f 1711/1629/1659 1710/1628/1658 967/904/933
f 967/904/933 666/606/634 1711/1629/1659
f 666/606/634 665/605/633 1711/1629/1659
f 665/605/633 1712/1630/1660 1711/1629/1659
f 1710/1628/1658 1711/1629/1659 1712/1630/1660
f 1712/1630/1660 665/605/633 1598/1516/1550
f 1712/1630/1660 1713/1631/1661 1710/1628/1658
f 1701/1619/1649 1710/1628/1658 1713/1631/1661
f 1598/1516/1550 1714/1632/1662 1712/1630/1660
f 1713/1631/1661 1712/1630/1660 1714/1632/1662
f 1700/1618/1648 1701/1619/1649 1713/1631/1661
f 1714/1632/1662 1700/1618/1648 1713/1631/1661
f 1714/1632/1662 1598/1516/1550 1715/1633/1663
f 1598/1516/1550 1597/1515/1549 1715/1633/1663
f 1715/1633/1663 1716/1634/1664 1714/1632/1662
f 1700/1618/1648 1714/1632/1662 1716/1634/1664
f 1597/1515/1549 1717/1635/1665 1715/1633/1663
f 1716/1634/1664 1715/1633/1663 1717/1635/1665
f 1717/1635/1665 1597/1515/1549 1601/1519/1553
f 1718/1636/1666 1700/1618/1648 1716/1634/1664
f 1717/1635/1665 1718/1636/1666 1716/1634/1664
f 1601/1519/1553 1719/1637/1667 1717/1635/1665
f 1718/1636/1666 1717/1635/1665 1719/1637/1667
f 1719/1637/1667 1601/1519/1553 1604/1522/1555
f 1719/1637/1667 1720/1638/1668 1718/1636/1666
f 1604/1522/1555 1721/1639/1669 1719/1637/1667
f 1720/1638/1668 1719/1637/1667 1721/1639/1669
f 1721/1639/1669 1604/1522/1555 1607/1525/1558
f 1607/1525/1558 1722/1640/1670 1721/1639/1669
f 1722/1640/1670 1720/1638/1668 1721/1639/1669
f 1722/1640/1670 1607/1525/1558 1610/1528/1561
f 1720/1638/1668 1697/1615/1645 1718/1636/1666
f 1700/1618/1648 1718/1636/1666 1697/1615/1645
f 1720/1638/1668 1722/1640/1670 1723/1641/1671
f 1610/1528/1561 1724/1642/1672 1722/1640/1670
f 1724/1642/1672 1723/1641/1671 1722/1640/1670
f 1724/1642/1672 1610/1528/1561 1613/1531/1564
f 1723/1641/1671 1693/1611/1641 1720/1638/1668
f 1697/1615/1645 1720/1638/1668 1693/1611/1641
f 1723/1641/1671 1724/1642/1672 1725/1643/1673
f 1613/1531/1564 1726/1644/1674 1724/1642/1672
f 1726/1644/1674 1725/1643/1673 1724/1642/1672
f 1726/1644/1674 1613/1531/1564 1614/1532/1565
f 1725/1643/1673 1690/1608/1638 1723/1641/1671
f 1693/1611/1641 1723/1641/1671 1690/1608/1638
f 1725/1643/1673 1726/1644/1674 1727/1645/1675
f 1614/1532/1565 1728/1646/1676 1726/1644/1674
f 1728/1646/1676 1727/1645/1675 1726/1644/1674
f 1728/1646/1676 1614/1532/1565 1617/1535/1568
f 1617/1535/1568 1628/1546/1578 1728/1646/1676
f 1727/1645/1675 1728/1646/1676 1729/1647/1677
f 1628/1546/1578 1729/1647/1677 1728/1646/1676
f 1727/1645/1675 1689/1607/1637 1725/1643/1673
f 1690/1608/1638 1725/1643/1673 1689/1607/1637
f 1729/1647/1677 1730/1648/1678 1727/1645/1675
f 1689/1607/1637 1727/1645/1675 1730/1648/1678
f 1729/1647/1677 1628/1546/1578 1731/1649/1679
f 1627/1545/1577 1731/1649/1679 1628/1546/1578
f 1730/1648/1678 1729/1647/1677 1732/1650/1680
f 1731/1649/1679 1732/1650/1680 1729/1647/1677
f 1731/1649/1679 1627/1545/1577 1733/1651/1681
f 1632/1550/1582 1733/1651/1681 1627/1545/1577
f 1732/1650/1680 1731/1649/1679 1734/1652/1682
f 1733/1651/1681 1734/1652/1682 1731/1649/1679
f 1677/1595/1625 1730/1648/1678 1732/1650/1680
f 1734/1652/1682 1677/1595/1625 1732/1650/1680
f 1681/1599/1629 1689/1607/1637 1730/1648/1678
f 1730/1648/1678 1677/1595/1625 1681/1599/1629
f 1733/1651/1681 1632/1550/1582 1558/1476/1510
f 1559/1477/1511 1558/1476/1510 1632/1550/1582
f 1734/1652/1682 1733/1651/1681 1562/1480/1514
f 1558/1476/1510 1562/1480/1514 1733/1651/1681
f 1677/1595/1625 1734/1652/1682 1564/1482/1516
f 1562/1480/1514 1564/1482/1516 1734/1652/1682
f 1458/1376/1411 1735/1653/1683 1736/1654/1684
f 1736/1654/1684 1454/1372/1407 1458/1376/1411
f 1735/1653/1683 1737/1655/1685 1738/1656/1686
f 1738/1656/1686 1736/1654/1684 1735/1653/1683
f 1737/1655/1685 1739/1657/1687 1740/1658/1688
f 1740/1658/1688 1738/1656/1686 1737/1655/1685
f 1741/1659/1689 1740/1658/1688 1739/1657/1687
f 1739/1657/1687 1742/1660/1690 1741/1659/1689
f 1454/1372/1407 1736/1654/1684 1743/1661/1691
f 1743/1661/1691 1450/1368/1403 1454/1372/1407
f 1736/1654/1684 1738/1656/1686 1744/1662/1692
f 1744/1662/1692 1743/1661/1691 1736/1654/1684
f 1738/1656/1686 1740/1658/1688 1745/1663/1693
f 1745/1663/1693 1744/1662/1692 1738/1656/1686
f 1746/1664/1694 1745/1663/1693 1740/1658/1688
f 1740/1658/1688 1741/1659/1689 1746/1664/1694
f 1450/1368/1403 1743/1661/1691 1747/1665/1695
f 1747/1665/1695 1446/1364/1399 1450/1368/1403
f 1743/1661/1691 1744/1662/1692 1748/1666/1696
f 1748/1666/1696 1747/1665/1695 1743/1661/1691
f 1744/1662/1692 1745/1663/1693 1749/1667/1697
f 1749/1667/1697 1748/1666/1696 1744/1662/1692
f 1750/1668/1698 1749/1667/1697 1745/1663/1693
f 1745/1663/1693 1746/1664/1694 1750/1668/1698
f 1446/1364/1399 1747/1665/1695 1751/1669/1699
f 1751/1669/1699 1442/1360/1395 1446/1364/1399
f 1747/1665/1695 1748/1666/1696 1752/1670/1700
f 1752/1670/1700 1751/1669/1699 1747/1665/1695
f 1748/1666/1696 1749/1667/1697 1753/1671/1701
f 1753/1671/1701 1752/1670/1700 1748/1666/1696
f 1754/1672/1702 1753/1671/1701 1749/1667/1697
f 1749/1667/1697 1750/1668/1698 1754/1672/1702
f 1442/1360/1395 1751/1669/1699 1755/1673/1703
f 1755/1673/1703 1435/1353/1388 1442/1360/1395
f 1751/1669/1699 1752/1670/1700 1756/1674/1704
f 1756/1674/1704 1755/1673/1703 1751/1669/1699
f 1757/1675/1705 1754/1672/1702 1750/1668/1698
f 1746/1664/1694 1757/1675/1705 1750/1668/1698
f 1758/1676/1706 1756/1674/1704 1752/1670/1700
f 1752/1670/1700 1753/1671/1701 1758/1676/1706
f 1435/1353/1388 1755/1673/1703 1759/1677/1707
f 1432/1350/1385 1435/1353/1388 1759/1677/1707
f 1755/1673/1703 1756/1674/1704 1760/1678/1708
f 1760/1678/1708 1759/1677/1707 1755/1673/1703
f 1761/1679/1709 1432/1350/1385 1759/1677/1707
f 1759/1677/1707 1760/1678/1708 1761/1679/1709
f 1432/1350/1385 1761/1679/1709 1433/1351/1386
f 1762/1680/1710 1760/1678/1708 1756/1674/1704
f 1756/1674/1704 1758/1676/1706 1762/1680/1710
f 1763/1681/1711 1761/1679/1709 1760/1678/1708
f 1760/1678/1708 1762/1680/1710 1763/1681/1711
f 1764/1682/1712 1433/1351/1386 1761/1679/1709
f 1761/1679/1709 1763/1681/1711 1764/1682/1712
f 1433/1351/1386 1764/1682/1712 1434/1352/1387
f 1765/1683/1713 1762/1680/1710 1758/1676/1706
f 1766/1684/1714 1763/1681/1711 1762/1680/1710
f 1762/1680/1710 1765/1683/1713 1766/1684/1714
f 1767/1685/1715 1764/1682/1712 1763/1681/1711
f 1763/1681/1711 1766/1684/1714 1767/1685/1715
f 1768/1686/1716 1434/1352/1387 1764/1682/1712
f 1764/1682/1712 1767/1685/1715 1768/1686/1716
f 1769/1687/1717 1770/1688/1718 1771/1689/1719
f 1771/1689/1719 1772/1690/1720 1773/1691/1721
f 1769/1687/1717 1771/1689/1719 1773/1691/1721
f 1774/1692/1722 1775/1693/1723 1770/1688/1718
f 1774/1692/1722 1770/1688/1718 1769/1687/1717
f 1776/1694/1724 1775/1693/1723 1774/1692/1722
f 1774/1692/1722 1777/1695/1725 1776/1694/1724
f 1778/1696/1726 1776/1694/1724 1777/1695/1725
f 1769/1687/1717 1779/1697/1727 1774/1692/1722
f 1777/1695/1725 1774/1692/1722 1779/1697/1727
f 1777/1695/1725 1780/1698/1728 1778/1696/1726
f 1781/1699/1729 1778/1696/1726 1780/1698/1728
f 1779/1697/1727 1782/1700/1730 1777/1695/1725
f 1780/1698/1728 1777/1695/1725 1782/1700/1730
f 1779/1697/1727 1769/1687/1717 1783/1701/1731
f 1773/1691/1721 1783/1701/1731 1769/1687/1717
f 1782/1700/1730 1779/1697/1727 1784/1702/1732
f 1783/1701/1731 1784/1702/1732 1779/1697/1727
f 1782/1700/1730 1785/1703/1733 1780/1698/1728
f 1780/1698/1728 1786/1704/1734 1781/1699/1729
f 1780/1698/1728 1785/1703/1733 1786/1704/1734
f 1782/1700/1730 1787/1705/1735 1785/1703/1733
f 1784/1702/1732 1787/1705/1735 1782/1700/1730
f 1781/1699/1729 1786/1704/1734 1788/1706/1736
f 1781/1699/1729 1788/1706/1736 1789/1707/1737
f 1790/1708/1738 1786/1704/1734 1785/1703/1733
f 1791/1709/1739 1785/1703/1733 1787/1705/1735
f 1785/1703/1733 1791/1709/1739 1790/1708/1738
f 1792/1710/1740 1788/1706/1736 1786/1704/1734
f 1786/1704/1734 1790/1708/1738 1792/1710/1740
f 1789/1707/1737 1788/1706/1736 1793/1711/1741
f 1788/1706/1736 1792/1710/1740 1794/1712/1742
f 1794/1712/1742 1793/1711/1741 1788/1706/1736
f 1789/1707/1737 1793/1711/1741 1795/1713/1743
f 1796/1714/1744 1789/1707/1737 1795/1713/1743
f 1793/1711/1741 1794/1712/1742 1797/1715/1745
f 1796/1714/1744 1795/1713/1743 1798/1716/1746
f 1798/1716/1746 1799/1717/1747 1796/1714/1744
f 1795/1713/1743 1793/1711/1741 1800/1718/1748
f 1797/1715/1745 1800/1718/1748 1793/1711/1741
f 1798/1716/1746 1795/1713/1743 1801/1719/1749
f 1795/1713/1743 1800/1718/1748 1801/1719/1749
f 1799/1717/1747 1798/1716/1746 1802/1720/1750
f 1802/1720/1750 1803/1721/1751 1799/1717/1747
f 1798/1716/1746 1801/1719/1749 1804/1722/1752
f 1804/1722/1752 1802/1720/1750 1798/1716/1746
f 1802/1720/1750 1805/1723/1753 1803/1721/1751
f 1805/1723/1753 1806/1724/1754 1803/1721/1751
f 1805/1723/1753 1807/1725/1755 1806/1724/1754
f 1808/1726/1756 1805/1723/1753 1802/1720/1750
f 1802/1720/1750 1804/1722/1752 1808/1726/1756
f 1809/1727/1757 1807/1725/1755 1805/1723/1753
f 1808/1726/1756 1809/1727/1757 1805/1723/1753
f 1809/1727/1757 1810/1728/1758 1807/1725/1755
f 1811/1729/1759 1810/1728/1758 1809/1727/1757
f 1811/1729/1759 1812/1730/1760 1810/1728/1758
f 1813/1731/1761 1809/1727/1757 1808/1726/1756
f 1813/1731/1761 1811/1729/1759 1809/1727/1757
f 1814/1732/1762 1808/1726/1756 1804/1722/1752
f 1808/1726/1756 1814/1732/1762 1813/1731/1761
f 1804/1722/1752 1815/1733/1763 1814/1732/1762
f 1804/1722/1752 1801/1719/1749 1815/1733/1763
f 1816/1734/1764 1812/1730/1760 1811/1729/1759
f 1816/1734/1764 1817/1735/1765 1812/1730/1760
f 1818/1736/1766 1811/1729/1759 1813/1731/1761
f 1818/1736/1766 1816/1734/1764 1811/1729/1759
f 1819/1737/1767 1813/1731/1761 1814/1732/1762
f 1813/1731/1761 1819/1737/1767 1818/1736/1766
f 1814/1732/1762 1820/1738/1768 1819/1737/1767
f 1814/1732/1762 1815/1733/1763 1820/1738/1768
f 1821/1739/1769 1817/1735/1765 1816/1734/1764
f 1821/1739/1769 1822/1740/1770 1817/1735/1765
f 1823/1741/1771 1816/1734/1764 1818/1736/1766
f 1823/1741/1771 1821/1739/1769 1816/1734/1764
f 1824/1742/1772 1818/1736/1766 1819/1737/1767
f 1818/1736/1766 1824/1742/1772 1823/1741/1771
f 1819/1737/1767 1825/1743/1773 1824/1742/1772
f 1819/1737/1767 1820/1738/1768 1825/1743/1773
f 1826/1744/1774 1822/1740/1770 1821/1739/1769
f 1826/1744/1774 1827/1745/1775 1822/1740/1770
f 1828/1746/1776 1821/1739/1769 1823/1741/1771
f 1828/1746/1776 1826/1744/1774 1821/1739/1769
f 1829/1747/1777 1823/1741/1771 1824/1742/1772
f 1823/1741/1771 1829/1747/1777 1828/1746/1776
f 1824/1742/1772 1830/1748/1778 1829/1747/1777
f 1824/1742/1772 1825/1743/1773 1830/1748/1778
f 1831/1749/1779 1827/1745/1775 1826/1744/1774
f 1831/1749/1779 1832/1750/1780 1827/1745/1775
f 1833/1751/1781 1826/1744/1774 1828/1746/1776
f 1833/1751/1781 1831/1749/1779 1826/1744/1774
f 1834/1752/1782 1828/1746/1776 1829/1747/1777
f 1828/1746/1776 1834/1752/1782 1833/1751/1781
f 1829/1747/1777 1835/1753/1783 1834/1752/1782
f 1829/1747/1777 1830/1748/1778 1835/1753/1783
f 1836/1754/1784 1832/1750/1780 1831/1749/1779
f 1836/1754/1784 1837/1755/1785 1832/1750/1780
f 1838/1756/1786 1831/1749/1779 1833/1751/1781
f 1838/1756/1786 1836/1754/1784 1831/1749/1779
f 1839/1757/1787 1833/1751/1781 1834/1752/1782
f 1833/1751/1781 1839/1757/1787 1838/1756/1786
f 1840/1758/1788 1841/1759/1789 1842/1760/1790
f 1841/1759/1789 1843/1761/1791 1842/1760/1790
f 1841/1759/1789 1844/1762/1792 1843/1761/1791
f 1842/1760/1790 1843/1761/1791 1845/1763/1793
f 1844/1762/1792 1846/1764/1794 1843/1761/1791
f 1846/1764/1794 1845/1763/1793 1843/1761/1791
f 1844/1762/1792 1847/1765/1795 1846/1764/1794
f 1845/1763/1793 1846/1764/1794 1177/1107/1139
f 1180/1110/1142 1177/1107/1139 1846/1764/1794
f 1847/1765/1795 1180/1110/1142 1846/1764/1794
f 1175/1105/1137 1845/1763/1793 1177/1107/1139
f 1847/1765/1795 1182/1112/1144 1180/1110/1142
f 1184/1114/1146 1182/1112/1144 1847/1765/1795
f 1848/1766/1796 1184/1114/1146 1847/1765/1795
f 1848/1766/1796 1847/1765/1795 1844/1762/1792
f 1849/1767/1797 1184/1114/1146 1848/1766/1796
f 1845/1763/1793 1175/1105/1137 1850/1768/1798
f 1175/1105/1137 1173/1103/1135 1850/1768/1798
f 1850/1768/1798 1851/1769/1799 1845/1763/1793
f 1842/1760/1790 1845/1763/1793 1851/1769/1799
f 1173/1103/1135 1852/1770/1800 1850/1768/1798
f 1852/1770/1800 1851/1769/1799 1850/1768/1798
f 1852/1770/1800 1173/1103/1135 1178/1108/1140
f 1853/1771/1801 1842/1760/1790 1851/1769/1799
f 1852/1770/1800 1853/1771/1801 1851/1769/1799
f 1178/1108/1140 1854/1772/1802 1852/1770/1800
f 1853/1771/1801 1852/1770/1800 1854/1772/1802
f 1854/1772/1802 1178/1108/1140 1154/1084/1116
f 1842/1760/1790 1853/1771/1801 1855/1773/1803
f 1854/1772/1802 1856/1774/1804 1853/1771/1801
f 1856/1774/1804 1855/1773/1803 1853/1771/1801
f 1154/1084/1116 1857/1775/1805 1854/1772/1802
f 1857/1775/1805 1856/1774/1804 1854/1772/1802
f 1857/1775/1805 1154/1084/1116 1153/1083/1115
f 1153/1083/1115 1151/1081/1113 1857/1775/1805
f 1840/1758/1788 1842/1760/1790 1855/1773/1803
f 1151/1081/1113 1858/1776/1806 1857/1775/1805
f 1857/1775/1805 1858/1776/1806 1856/1774/1804
f 1151/1081/1113 1859/1777/1807 1858/1776/1806
f 1147/1077/1109 1859/1777/1807 1151/1081/1113
f 1147/1077/1109 1148/1078/1110 1859/1777/1807
f 1858/1776/1806 1859/1777/1807 1860/1778/1808
f 1148/1078/1110 1860/1778/1808 1859/1777/1807
f 1856/1774/1804 1858/1776/1806 1861/1779/1809
f 1860/1778/1808 1861/1779/1809 1858/1776/1806
f 1855/1773/1803 1856/1774/1804 1862/1780/1810
f 1861/1779/1809 1862/1780/1810 1856/1774/1804
f 1863/1781/1811 1855/1773/1803 1862/1780/1810
f 1863/1781/1811 1840/1758/1788 1855/1773/1803
f 1864/1782/1812 1862/1780/1810 1861/1779/1809
f 1863/1781/1811 1862/1780/1810 1864/1782/1812
f 1865/1783/1813 1861/1779/1809 1860/1778/1808
f 1860/1778/1808 1148/1078/1110 1866/1784/1814
f 1865/1783/1813 1860/1778/1808 1866/1784/1814
f 1866/1784/1814 1148/1078/1110 1867/1785/1815
f 1148/1078/1110 1133/1063/1095 1867/1785/1815
f 1865/1783/1813 1866/1784/1814 1868/1786/1816
f 1868/1786/1816 1866/1784/1814 1867/1785/1815
f 1867/1785/1815 1133/1063/1095 1131/1061/1093
f 1861/1779/1809 1865/1783/1813 1869/1787/1817
f 1864/1782/1812 1861/1779/1809 1869/1787/1817
f 1870/1788/1818 1869/1787/1817 1865/1783/1813
f 1870/1788/1818 1865/1783/1813 1868/1786/1816
f 1871/1789/1819 1864/1782/1812 1869/1787/1817
f 1869/1787/1817 1870/1788/1818 1871/1789/1819
f 1864/1782/1812 1871/1789/1819 1872/1790/1820
f 1868/1786/1816 1867/1785/1815 1873/1791/1821
f 1867/1785/1815 1874/1792/1822 1873/1791/1821
f 1874/1792/1822 1867/1785/1815 1131/1061/1093
f 1875/1793/1823 1868/1786/1816 1873/1791/1821
f 1876/1794/1824 1873/1791/1821 1874/1792/1822
f 1873/1791/1821 1876/1794/1824 1875/1793/1823
f 1131/1061/1093 1877/1795/1825 1874/1792/1822
f 1877/1795/1825 1131/1061/1093 1128/1058/1090
f 1128/1058/1090 1129/1059/1091 1877/1795/1825
f 1878/1796/1826 1874/1792/1822 1877/1795/1825
f 1874/1792/1822 1878/1796/1826 1876/1794/1824
f 1879/1797/1827 1877/1795/1825 1129/1059/1091
f 1877/1795/1825 1879/1797/1827 1878/1796/1826
f 1129/1059/1091 1880/1798/1828 1879/1797/1827
f 1880/1798/1828 1129/1059/1091 1127/1057/1089
f 1881/1799/1829 1879/1797/1827 1880/1798/1828
f 1882/1800/1830 1878/1796/1826 1879/1797/1827
f 1879/1797/1827 1881/1799/1829 1882/1800/1830
f 1883/1801/1831 1876/1794/1824 1878/1796/1826
f 1878/1796/1826 1882/1800/1830 1883/1801/1831
f 1876/1794/1824 1883/1801/1831 1884/1802/1832
f 1884/1802/1832 1875/1793/1823 1876/1794/1824
f 1885/1803/1833 1883/1801/1831 1882/1800/1830
f 1885/1803/1833 1884/1802/1832 1883/1801/1831
f 1886/1804/1834 1882/1800/1830 1881/1799/1829
f 1885/1803/1833 1882/1800/1830 1886/1804/1834
f 1886/1804/1834 1881/1799/1829 1887/1805/1835
f 1884/1802/1832 1885/1803/1833 1888/1806/1836
f 1889/1807/1837 1885/1803/1833 1886/1804/1834
f 1875/1793/1823 1884/1802/1832 1890/1808/1838
f 1891/1809/1839 1888/1806/1836 1885/1803/1833
f 1891/1809/1839 1885/1803/1833 1889/1807/1837
f 1892/1810/1840 1884/1802/1832 1888/1806/1836
f 1892/1810/1840 1890/1808/1838 1884/1802/1832
f 1893/1811/1841 1888/1806/1836 1891/1809/1839
f 1893/1811/1841 1892/1810/1840 1888/1806/1836
f 1894/1812/1842 1891/1809/1839 1889/1807/1837
f 1895/1813/1843 1893/1811/1841 1891/1809/1839
f 1891/1809/1839 1894/1812/1842 1895/1813/1843
f 1896/1814/1844 1892/1810/1840 1893/1811/1841
f 1897/1815/1845 1890/1808/1838 1892/1810/1840
f 1896/1814/1844 1897/1815/1845 1892/1810/1840
f 1897/1815/1845 1898/1816/1846 1890/1808/1838
f 1898/1816/1846 1875/1793/1823 1890/1808/1838
f 1893/1811/1841 1895/1813/1843 1899/1817/1847
f 1899/1817/1847 1896/1814/1844 1893/1811/1841
f 1900/1818/1848 1899/1817/1847 1895/1813/1843
f 1900/1818/1848 1895/1813/1843 1894/1812/1842
f 1898/1816/1846 1901/1819/1849 1875/1793/1823
f 1868/1786/1816 1875/1793/1823 1901/1819/1849
f 1870/1788/1818 1868/1786/1816 1901/1819/1849
f 1902/1820/1850 1870/1788/1818 1901/1819/1849
f 1902/1820/1850 1901/1819/1849 1898/1816/1846
f 1902/1820/1850 1871/1789/1819 1870/1788/1818
f 1871/1789/1819 1902/1820/1850 1903/1821/1851
f 1904/1822/1852 1902/1820/1850 1898/1816/1846
f 1904/1822/1852 1903/1821/1851 1902/1820/1850
f 1904/1822/1852 1898/1816/1846 1897/1815/1845
f 1905/1823/1853 1906/1824/1854 1907/1825/1855
f 1908/1826/1856 1909/1827/1857 1905/1823/1853
f 1909/1827/1857 1906/1824/1854 1905/1823/1853
f 1671/1589/1619 1910/1828/1858 1908/1826/1856
f 1910/1828/1858 1909/1827/1857 1908/1826/1856
f 1910/1828/1858 1671/1589/1619 1668/1586/1616
f 1911/1829/1859 1907/1825/1855 1912/1830/1860
f 1906/1824/1854 1912/1830/1860 1907/1825/1855
f 1668/1586/1616 1913/1831/1861 1910/1828/1858
f 1913/1831/1861 1668/1586/1616 1665/1583/1613
f 1910/1828/1858 1914/1832/1862 1909/1827/1857
f 1914/1832/1862 1910/1828/1858 1913/1831/1861
f 1909/1827/1857 1915/1833/1863 1906/1824/1854
f 1914/1832/1862 1915/1833/1863 1909/1827/1857
f 1912/1830/1860 1906/1824/1854 1916/1834/1864
f 1915/1833/1863 1916/1834/1864 1906/1824/1854
f 1665/1583/1613 1917/1835/1865 1913/1831/1861
f 1917/1835/1865 1665/1583/1613 1657/1575/1605
f 1657/1575/1605 1658/1576/1606 1917/1835/1865
f 1918/1836/1866 1913/1831/1861 1917/1835/1865
f 1913/1831/1861 1918/1836/1866 1914/1832/1862
f 1919/1837/1867 1917/1835/1865 1658/1576/1606
f 1917/1835/1865 1919/1837/1867 1918/1836/1866
f 1658/1576/1606 1659/1577/1607 1919/1837/1867
f 1659/1577/1607 1920/1838/1868 1919/1837/1867
f 1919/1837/1867 1920/1838/1868 1918/1836/1866
f 1920/1838/1868 1659/1577/1607 1662/1580/1610
f 1918/1836/1866 1921/1839/1869 1914/1832/1862
f 1918/1836/1866 1920/1838/1868 1921/1839/1869
f 1914/1832/1862 1921/1839/1869 1915/1833/1863
f 1921/1839/1869 1922/1840/1870 1915/1833/1863
f 1916/1834/1864 1915/1833/1863 1922/1840/1870
f 1920/1838/1868 1923/1841/1871 1921/1839/1869
f 1922/1840/1870 1921/1839/1869 1923/1841/1871
f 1662/1580/1610 1924/1842/1872 1920/1838/1868
f 1923/1841/1871 1920/1838/1868 1924/1842/1872
f 1924/1842/1872 1662/1580/1610 1925/1843/1873
f 1364/1282/1320 1925/1843/1873 1662/1580/1610
f 1925/1843/1873 1364/1282/1320 1363/1281/1319
f 1926/1844/1874 1924/1842/1872 1925/1843/1873
f 1927/1845/1875 1923/1841/1871 1924/1842/1872
f 1927/1845/1875 1924/1842/1872 1926/1844/1874
f 1928/1846/1876 1922/1840/1870 1923/1841/1871
f 1928/1846/1876 1923/1841/1871 1927/1845/1875
f 1929/1847/1877 1922/1840/1870 1928/1846/1876
f 1929/1847/1877 1916/1834/1864 1922/1840/1870
f 1926/1844/1874 1925/1843/1873 1930/1848/1878
f 1930/1848/1878 1925/1843/1873 1363/1281/1319
f 1931/1849/1879 1916/1834/1864 1929/1847/1877
f 1931/1849/1879 1912/1830/1860 1916/1834/1864
f 1930/1848/1878 1363/1281/1319 1932/1850/1880
f 1932/1850/1880 1363/1281/1319 1361/1279/1317
f 1933/1851/1881 1912/1830/1860 1931/1849/1879
f 1933/1851/1881 1911/1829/1859 1912/1830/1860
f 1932/1850/1880 1361/1279/1317 1934/1852/1882
f 1934/1852/1882 1361/1279/1317 1359/1277/1315
f 1935/1853/1883 1911/1829/1859 1933/1851/1881
f 1935/1853/1883 1936/1854/1884 1911/1829/1859
f 1934/1852/1882 1359/1277/1315 1937/1855/1885
f 1937/1855/1885 1359/1277/1315 1358/1276/1314
f 1938/1856/1886 1936/1854/1884 1935/1853/1883
f 1938/1856/1886 1939/1857/1887 1936/1854/1884
f 1937/1855/1885 1358/1276/1314 1940/1858/1888
f 1940/1858/1888 1358/1276/1314 1343/1261/1299
f 1941/1859/1889 1939/1857/1887 1938/1856/1886
f 1941/1859/1889 1942/1860/1890 1939/1857/1887
f 1943/1861/1891 1942/1860/1890 1941/1859/1889
f 1944/1862/1892 1943/1861/1891 1941/1859/1889
f 1945/1863/1893 1943/1861/1891 1944/1862/1892
f 1946/1864/1894 1941/1859/1889 1938/1856/1886
f 1944/1862/1892 1941/1859/1889 1946/1864/1894
f 1947/1865/1895 1945/1863/1893 1944/1862/1892
f 1948/1866/1896 1945/1863/1893 1947/1865/1895
f 1949/1867/1897 1944/1862/1892 1946/1864/1894
f 1947/1865/1895 1944/1862/1892 1949/1867/1897
f 1946/1864/1894 1938/1856/1886 1950/1868/1898
f 1950/1868/1898 1938/1856/1886 1935/1853/1883
f 1949/1867/1897 1946/1864/1894 1951/1869/1899
f 1951/1869/1899 1946/1864/1894 1950/1868/1898
f 1952/1870/1900 1948/1866/1896 1947/1865/1895
f 1953/1871/1901 1948/1866/1896 1952/1870/1900
f 1954/1872/1902 1947/1865/1895 1949/1867/1897
f 1952/1870/1900 1947/1865/1895 1954/1872/1902
f 1955/1873/1903 1953/1871/1901 1952/1870/1900
f 1956/1874/1904 1953/1871/1901 1955/1873/1903
f 1957/1875/1905 1956/1874/1904 1955/1873/1903
f 1955/1873/1903 1952/1870/1900 1958/1876/1906
f 1957/1875/1905 1955/1873/1903 1958/1876/1906
f 1958/1876/1906 1952/1870/1900 1954/1872/1902
f 1954/1872/1902 1949/1867/1897 1959/1877/1907
f 1959/1877/1907 1949/1867/1897 1951/1869/1899
f 1958/1876/1906 1954/1872/1902 1960/1878/1908
f 1960/1878/1908 1954/1872/1902 1959/1877/1907
f 1957/1875/1905 1958/1876/1906 1961/1879/1909
f 1961/1879/1909 1958/1876/1906 1960/1878/1908
f 1962/1880/1910 1957/1875/1905 1961/1879/1909
f 1963/1881/1911 1957/1875/1905 1962/1880/1910
f 1961/1879/1909 1960/1878/1908 1964/1882/1912
f 1962/1880/1910 1965/1883/1913 1963/1881/1911
f 1966/1884/1914 1963/1881/1911 1965/1883/1913
f 1962/1880/1910 1961/1879/1909 1967/1885/1915
f 1967/1885/1915 1961/1879/1909 1964/1882/1912
f 1965/1883/1913 1962/1880/1910 1968/1886/1916
f 1967/1885/1915 1968/1886/1916 1962/1880/1910
f 1965/1883/1913 1969/1887/1917 1966/1884/1914
f 1966/1884/1914 1969/1887/1917 1970/1888/1918
f 1968/1886/1916 1971/1889/1919 1965/1883/1913
f 1965/1883/1913 1971/1889/1919 1969/1887/1917
f 1968/1886/1916 1967/1885/1915 1972/1890/1920
f 1972/1890/1920 1971/1889/1919 1968/1886/1916
f 1973/1891/1921 1972/1890/1920 1967/1885/1915
f 1967/1885/1915 1964/1882/1912 1973/1891/1921
f 1971/1889/1919 1972/1890/1920 1974/1892/1922
f 1972/1890/1920 1973/1891/1921 1975/1893/1923
f 1975/1893/1923 1974/1892/1922 1972/1890/1920
f 1973/1891/1921 1964/1882/1912 1976/1894/1924
f 1977/1895/1925 1975/1893/1923 1973/1891/1921
f 1973/1891/1921 1976/1894/1924 1977/1895/1925
f 1964/1882/1912 1978/1896/1926 1976/1894/1924
f 1964/1882/1912 1960/1878/1908 1978/1896/1926
f 1960/1878/1908 1959/1877/1907 1978/1896/1926
f 1978/1896/1926 1959/1877/1907 1979/1897/1927
f 1959/1877/1907 1951/1869/1899 1979/1897/1927
f 1976/1894/1924 1978/1896/1926 1980/1898/1928
f 1978/1896/1926 1979/1897/1927 1980/1898/1928
f 1977/1895/1925 1976/1894/1924 1981/1899/1929
f 1976/1894/1924 1980/1898/1928 1981/1899/1929
f 1979/1897/1927 1951/1869/1899 1982/1900/1930
f 1951/1869/1899 1950/1868/1898 1982/1900/1930
f 1980/1898/1928 1979/1897/1927 1983/1901/1931
f 1979/1897/1927 1982/1900/1930 1983/1901/1931
f 1981/1899/1929 1980/1898/1928 1984/1902/1932
f 1980/1898/1928 1983/1901/1931 1984/1902/1932
f 1982/1900/1930 1950/1868/1898 1985/1903/1933
f 1950/1868/1898 1935/1853/1883 1985/1903/1933
f 1985/1903/1933 1935/1853/1883 1933/1851/1881
f 1982/1900/1930 1985/1903/1933 1986/1904/1934
f 1983/1901/1931 1982/1900/1930 1986/1904/1934
f 1985/1903/1933 1933/1851/1881 1987/1905/1935
f 1986/1904/1934 1985/1903/1933 1987/1905/1935
f 1987/1905/1935 1933/1851/1881 1931/1849/1879
f 1983/1901/1931 1986/1904/1934 1988/1906/1936
f 1984/1902/1932 1983/1901/1931 1988/1906/1936
f 1986/1904/1934 1987/1905/1935 1989/1907/1937
f 1988/1906/1936 1986/1904/1934 1989/1907/1937
f 1987/1905/1935 1931/1849/1879 1990/1908/1938
f 1989/1907/1937 1987/1905/1935 1990/1908/1938
f 1990/1908/1938 1931/1849/1879 1929/1847/1877
f 1990/1908/1938 1929/1847/1877 1991/1909/1939
f 1991/1909/1939 1929/1847/1877 1928/1846/1876
f 1989/1907/1937 1990/1908/1938 1992/1910/1940
f 1992/1910/1940 1990/1908/1938 1991/1909/1939
f 1988/1906/1936 1989/1907/1937 1993/1911/1941
f 1993/1911/1941 1989/1907/1937 1992/1910/1940
f 1994/1912/1942 1988/1906/1936 1993/1911/1941
f 1984/1902/1932 1988/1906/1936 1994/1912/1942
f 1991/1909/1939 1928/1846/1876 1995/1913/1943
f 1995/1913/1943 1928/1846/1876 1927/1845/1875
f 1992/1910/1940 1991/1909/1939 1996/1914/1944
f 1996/1914/1944 1991/1909/1939 1995/1913/1943
f 1993/1911/1941 1992/1910/1940 1997/1915/1945
f 1997/1915/1945 1992/1910/1940 1996/1914/1944
f 1837/1755/1785 1993/1911/1941 1997/1915/1945
f 1994/1912/1942 1993/1911/1941 1837/1755/1785
f 1995/1913/1943 1927/1845/1875 1998/1916/1946
f 1998/1916/1946 1927/1845/1875 1926/1844/1874
f 1996/1914/1944 1995/1913/1943 1999/1917/1947
f 1999/1917/1947 1995/1913/1943 1998/1916/1946
f 1997/1915/1945 1996/1914/1944 2000/1918/1948
f 2000/1918/1948 1996/1914/1944 1999/1917/1947
f 1832/1750/1780 1997/1915/1945 2000/1918/1948
f 1837/1755/1785 1997/1915/1945 1832/1750/1780
f 1998/1916/1946 1926/1844/1874 2001/1919/1949
f 2001/1919/1949 1926/1844/1874 1930/1848/1878
f 1999/1917/1947 1998/1916/1946 2002/1920/1950
f 2002/1920/1950 1998/1916/1946 2001/1919/1949
f 2000/1918/1948 1999/1917/1947 2003/1921/1951
f 2003/1921/1951 1999/1917/1947 2002/1920/1950
f 1827/1745/1775 2000/1918/1948 2003/1921/1951
f 1832/1750/1780 2000/1918/1948 1827/1745/1775
f 2001/1919/1949 1930/1848/1878 2004/1922/1952
f 2004/1922/1952 1930/1848/1878 1932/1850/1880
f 2002/1920/1950 2001/1919/1949 2005/1923/1953
f 2005/1923/1953 2001/1919/1949 2004/1922/1952
f 2003/1921/1951 2002/1920/1950 2006/1924/1954
f 2006/1924/1954 2002/1920/1950 2005/1923/1953
f 1822/1740/1770 2003/1921/1951 2006/1924/1954
f 1827/1745/1775 2003/1921/1951 1822/1740/1770
f 2004/1922/1952 1932/1850/1880 2007/1925/1955
f 2007/1925/1955 1932/1850/1880 1934/1852/1882
f 2005/1923/1953 2004/1922/1952 2008/1926/1956
f 2008/1926/1956 2004/1922/1952 2007/1925/1955
f 2006/1924/1954 2005/1923/1953 2009/1927/1957
f 2009/1927/1957 2005/1923/1953 2008/1926/1956
f 1817/1735/1765 2006/1924/1954 2009/1927/1957
f 1822/1740/1770 2006/1924/1954 1817/1735/1765
f 2007/1925/1955 1934/1852/1882 2010/1928/1958
f 2010/1928/1958 1934/1852/1882 1937/1855/1885
f 2008/1926/1956 2007/1925/1955 2011/1929/1959
f 2011/1929/1959 2007/1925/1955 2010/1928/1958
f 2009/1927/1957 2008/1926/1956 2012/1930/1960
f 2012/1930/1960 2008/1926/1956 2011/1929/1959
f 1812/1730/1760 2009/1927/1957 2012/1930/1960
f 1817/1735/1765 2009/1927/1957 1812/1730/1760
f 2010/1928/1958 1937/1855/1885 2013/1931/1961
f 2013/1931/1961 1937/1855/1885 1940/1858/1888
f 2011/1929/1959 2010/1928/1958 2014/1932/1962
f 2014/1932/1962 2010/1928/1958 2013/1931/1961
f 2012/1930/1960 2011/1929/1959 2015/1933/1963
f 2015/1933/1963 2011/1929/1959 2014/1932/1962
f 1810/1728/1758 2012/1930/1960 2015/1933/1963
f 1812/1730/1760 2012/1930/1960 1810/1728/1758
f 2015/1933/1963 2014/1932/1962 2016/1934/1964
f 2014/1932/1962 2013/1931/1961 2017/1935/1965
f 2016/1934/1964 2014/1932/1962 2017/1935/1965
f 2017/1935/1965 2013/1931/1961 2018/1936/1966
f 2013/1931/1961 1940/1858/1888 2018/1936/1966
f 1502/1420/1455 1555/1473/1507 2019/1937/1967
f 2019/1937/1967 1498/1416/1451 1502/1420/1455
f 1555/1473/1507 1556/1474/1508 2020/1938/1968
f 2020/1938/1968 2019/1937/1967 1555/1473/1507
f 1556/1474/1508 1557/1475/1509 2021/1939/1969
f 2021/1939/1969 2020/1938/1968 1556/1474/1508
f 1552/1470/1504 2022/1940/1970 1557/1475/1509
f 2022/1940/1970 2021/1939/1969 1557/1475/1509
f 2022/1940/1970 1552/1470/1504 2023/1941/1971
f 1551/1469/1503 2023/1941/1971 1552/1470/1504
f 2021/1939/1969 2022/1940/1970 2024/1942/1972
f 2020/1938/1968 2021/1939/1969 2025/1943/1973
f 2024/1942/1972 2025/1943/1973 2021/1939/1969
f 2026/1944/1974 2024/1942/1972 2022/1940/1970
f 2023/1941/1971 2026/1944/1974 2022/1940/1970
f 2025/1943/1973 2024/1942/1972 2027/1945/1975
f 2025/1943/1973 2028/1946/1976 2020/1938/1968
f 2019/1937/1967 2020/1938/1968 2028/1946/1976
f 2028/1946/1976 2025/1943/1973 2029/1947/1977
f 2027/1945/1975 2029/1947/1977 2025/1943/1973
f 2028/1946/1976 2030/1948/1978 2019/1937/1967
f 1498/1416/1451 2019/1937/1967 2030/1948/1978
f 2030/1948/1978 1494/1412/1447 1498/1416/1451
f 2030/1948/1978 2028/1946/1976 2031/1949/1979
f 2029/1947/1977 2031/1949/1979 2028/1946/1976
f 1494/1412/1447 2030/1948/1978 2032/1950/1980
f 2031/1949/1979 2032/1950/1980 2030/1948/1978
f 2032/1950/1980 1490/1408/1443 1494/1412/1447
f 1490/1408/1443 2032/1950/1980 2033/1951/1981
f 2033/1951/1981 1486/1404/1439 1490/1408/1443
f 2032/1950/1980 2031/1949/1979 2034/1952/1982
f 2034/1952/1982 2033/1951/1981 2032/1950/1980
f 2031/1949/1979 2029/1947/1977 2035/1953/1983
f 2035/1953/1983 2034/1952/1982 2031/1949/1979
f 2036/1954/1984 2035/1953/1983 2029/1947/1977
f 2029/1947/1977 2027/1945/1975 2036/1954/1984
f 1486/1404/1439 2033/1951/1981 2037/1955/1985
f 2037/1955/1985 1482/1400/1435 1486/1404/1439
f 2033/1951/1981 2034/1952/1982 2038/1956/1986
f 2038/1956/1986 2037/1955/1985 2033/1951/1981
f 2034/1952/1982 2035/1953/1983 2039/1957/1987
f 2039/1957/1987 2038/1956/1986 2034/1952/1982
f 2040/1958/1988 2039/1957/1987 2035/1953/1983
f 2035/1953/1983 2036/1954/1984 2040/1958/1988
f 1482/1400/1435 2037/1955/1985 2041/1959/1989
f 2041/1959/1989 1478/1396/1431 1482/1400/1435
f 2037/1955/1985 2038/1956/1986 2042/1960/1990
f 2042/1960/1990 2041/1959/1989 2037/1955/1985
f 2038/1956/1986 2039/1957/1987 2043/1961/1991
f 2043/1961/1991 2042/1960/1990 2038/1956/1986
f 2044/1962/1992 2043/1961/1991 2039/1957/1987
f 2039/1957/1987 2040/1958/1988 2044/1962/1992
f 1478/1396/1431 2041/1959/1989 2045/1963/1993
f 2045/1963/1993 1474/1392/1427 1478/1396/1431
f 2041/1959/1989 2042/1960/1990 2046/1964/1994
f 2046/1964/1994 2045/1963/1993 2041/1959/1989
f 2042/1960/1990 2043/1961/1991 2047/1965/1995
f 2047/1965/1995 2046/1964/1994 2042/1960/1990
f 2048/1966/1996 2047/1965/1995 2043/1961/1991
f 2043/1961/1991 2044/1962/1992 2048/1966/1996
f 1474/1392/1427 2045/1963/1993 2049/1967/1997
f 2049/1967/1997 1470/1388/1423 1474/1392/1427
f 2045/1963/1993 2046/1964/1994 2050/1968/1998
f 2050/1968/1998 2049/1967/1997 2045/1963/1993
f 2046/1964/1994 2047/1965/1995 2051/1969/1999
f 2051/1969/1999 2050/1968/1998 2046/1964/1994
f 2052/1970/2000 2051/1969/1999 2047/1965/1995
f 2047/1965/1995 2048/1966/1996 2052/1970/2000
f 1470/1388/1423 2049/1967/1997 2053/1971/2001
f 2053/1971/2001 1466/1384/1419 1470/1388/1423
f 2049/1967/1997 2050/1968/1998 2054/1972/2002
f 2054/1972/2002 2053/1971/2001 2049/1967/1997
f 2050/1968/1998 2051/1969/1999 2055/1973/2003
f 2055/1973/2003 2054/1972/2002 2050/1968/1998
f 2056/1974/2004 2055/1973/2003 2051/1969/1999
f 2051/1969/1999 2052/1970/2000 2056/1974/2004
f 1466/1384/1419 2053/1971/2001 2057/1975/2005
f 2057/1975/2005 1462/1380/1415 1466/1384/1419
f 2053/1971/2001 2054/1972/2002 2058/1976/2006
f 2058/1976/2006 2057/1975/2005 2053/1971/2001
f 2054/1972/2002 2055/1973/2003 2059/1977/2007
f 2059/1977/2007 2058/1976/2006 2054/1972/2002
f 2060/1978/2008 2059/1977/2007 2055/1973/2003
f 2055/1973/2003 2056/1974/2004 2060/1978/2008
f 1462/1380/1415 2057/1975/2005 1735/1653/1683
f 1735/1653/1683 1458/1376/1411 1462/1380/1415
f 2057/1975/2005 2058/1976/2006 1737/1655/1685
f 1737/1655/1685 1735/1653/1683 2057/1975/2005
f 2058/1976/2006 2059/1977/2007 1739/1657/1687
f 1739/1657/1687 1737/1655/1685 2058/1976/2006
f 1742/1660/1690 1739/1657/1687 2059/1977/2007
f 2059/1977/2007 2060/1978/2008 1742/1660/1690
f 2048/1966/1996 2061/1979/2009 2062/1980/2010
f 2061/1979/2009 2048/1966/1996 2044/1962/1992
f 2062/1980/2010 2063/1981/2011 2064/1982/2012
f 2063/1981/2011 2062/1980/2010 2061/1979/2009
f 2065/1983/2013 2064/1982/2012 2066/1984/2014
f 2066/1984/2014 2064/1982/2012 2063/1981/2011
f 2044/1962/1992 2067/1985/2015 2061/1979/2009
f 2067/1985/2015 2044/1962/1992 2040/1958/1988
f 2061/1979/2009 2068/1986/2016 2063/1981/2011
f 2068/1986/2016 2061/1979/2009 2067/1985/2015
f 2066/1984/2014 2063/1981/2011 2069/1987/2017
f 2069/1987/2017 2063/1981/2011 2068/1986/2016
f 2040/1958/1988 2070/1988/2018 2067/1985/2015
f 2070/1988/2018 2040/1958/1988 2036/1954/1984
f 2067/1985/2015 2071/1989/2019 2068/1986/2016
f 2071/1989/2019 2067/1985/2015 2070/1988/2018
f 2069/1987/2017 2068/1986/2016 2072/1990/2020
f 2072/1990/2020 2068/1986/2016 2071/1989/2019
f 2036/1954/1984 2073/1991/2021 2070/1988/2018
f 2073/1991/2021 2036/1954/1984 2027/1945/1975
f 2070/1988/2018 2074/1992/2022 2071/1989/2019
f 2074/1992/2022 2070/1988/2018 2073/1991/2021
f 2072/1990/2020 2071/1989/2019 2075/1993/2023
f 2075/1993/2023 2071/1989/2019 2074/1992/2022
f 2027/1945/1975 2076/1994/2024 2073/1991/2021
f 2076/1994/2024 2027/1945/1975 2024/1942/1972
f 2024/1942/1972 2026/1944/1974 2076/1994/2024
f 2077/1995/2025 2073/1991/2021 2076/1994/2024
f 2073/1991/2021 2077/1995/2025 2074/1992/2022
f 2078/1996/2026 2076/1994/2024 2026/1944/1974
f 2076/1994/2024 2078/1996/2026 2077/1995/2025
f 2026/1944/1974 2079/1997/2027 2078/1996/2026
f 2080/1998/2028 2074/1992/2022 2077/1995/2025
f 2075/1993/2023 2074/1992/2022 2080/1998/2028
f 2081/1999/2029 2077/1995/2025 2078/1996/2026
f 2080/1998/2028 2077/1995/2025 2081/1999/2029
f 2079/1997/2027 2081/1999/2029 2078/1996/2026
f 2082/2000/2030 2080/1998/2028 2081/1999/2029
f 2083/2001/2031 2075/1993/2023 2080/1998/2028
f 2082/2000/2030 2083/2001/2031 2080/1998/2028
f 2083/2001/2031 2084/2002/2032 2075/1993/2023
f 2084/2002/2032 2072/1990/2020 2075/1993/2023
f 2084/2002/2032 2085/2003/2033 2072/1990/2020
f 2085/2003/2033 2069/1987/2017 2072/1990/2020
f 2083/2001/2031 2086/2004/2034 2084/2002/2032
f 2085/2003/2033 2087/2005/2035 2069/1987/2017
f 2087/2005/2035 2066/1984/2014 2069/1987/2017
f 2084/2002/2032 2088/2006/2036 2085/2003/2033
f 2088/2006/2036 2084/2002/2032 2086/2004/2034
f 2085/2003/2033 2089/2007/2037 2087/2005/2035
f 2089/2007/2037 2085/2003/2033 2088/2006/2036
f 2087/2005/2035 2090/2008/2038 2066/1984/2014
f 2090/2008/2038 2065/1983/2013 2066/1984/2014
f 2091/2009/2039 2087/2005/2035 2089/2007/2037
f 2087/2005/2035 2091/2009/2039 2090/2008/2038
f 2090/2008/2038 2092/2010/2040 2065/1983/2013
f 2092/2010/2040 2093/2011/2041 2065/1983/2013
f 2094/2012/2042 2090/2008/2038 2091/2009/2039
f 2090/2008/2038 2094/2012/2042 2092/2010/2040
f 2089/2007/2037 2095/2013/2043 2091/2009/2039
f 2091/2009/2039 2096/2014/2044 2094/2012/2042
f 2096/2014/2044 2091/2009/2039 2095/2013/2043
f 2095/2013/2043 2089/2007/2037 2097/2015/2045
f 2088/2006/2036 2097/2015/2045 2089/2007/2037
f 2095/2013/2043 2098/2016/2046 2096/2014/2044
f 2097/2015/2045 2088/2006/2036 2099/2017/2047
f 2086/2004/2034 2099/2017/2047 2088/2006/2036
f 2097/2015/2045 2100/2018/2048 2095/2013/2043
f 2098/2016/2046 2095/2013/2043 2100/2018/2048
f 2099/2017/2047 2101/2019/2049 2097/2015/2045
f 2100/2018/2048 2097/2015/2045 2101/2019/2049
f 2099/2017/2047 2086/2004/2034 2102/2020/2050
f 2103/2021/2051 2100/2018/2048 2101/2019/2049
f 2101/2019/2049 2099/2017/2047 2104/2022/2052
f 2104/2022/2052 2103/2021/2051 2101/2019/2049
f 2102/2020/2050 2104/2022/2052 2099/2017/2047
f 2105/2023/2053 2102/2020/2050 2086/2004/2034
f 2086/2004/2034 2083/2001/2031 2105/2023/2053
f 2082/2000/2030 2105/2023/2053 2083/2001/2031
f 2102/2020/2050 2105/2023/2053 2106/2024/2054
f 2105/2023/2053 2082/2000/2030 2107/2025/2055
f 2107/2025/2055 2106/2024/2054 2105/2023/2053
f 2106/2024/2054 2108/2026/2056 2102/2020/2050
f 2104/2022/2052 2102/2020/2050 2108/2026/2056
f 2106/2024/2054 2107/2025/2055 2109/2027/2057
f 2108/2026/2056 2110/2028/2058 2104/2022/2052
f 2103/2021/2051 2104/2022/2052 2110/2028/2058
f 2108/2026/2056 2106/2024/2054 2111/2029/2059
f 2109/2027/2057 2111/2029/2059 2106/2024/2054
f 2110/2028/2058 2108/2026/2056 2112/2030/2060
f 2111/2029/2059 2112/2030/2060 2108/2026/2056
f 2113/2031/2061 2103/2021/2051 2110/2028/2058
f 2114/2032/2062 2110/2028/2058 2112/2030/2060
f 2110/2028/2058 2114/2032/2062 2113/2031/2061
f 2112/2030/2060 2111/2029/2059 2115/2033/2063
f 2115/2033/2063 2114/2032/2062 2112/2030/2060
f 2111/2029/2059 2109/2027/2057 2116/2034/2064
f 2116/2034/2064 2115/2033/2063 2111/2029/2059
f 2117/2035/2065 2116/2034/2064 2109/2027/2057
f 2109/2027/2057 2118/2036/2066 2117/2035/2065
f 2118/2036/2066 2109/2027/2057 2107/2025/2055
f 2119/2037/2067 2117/2035/2065 2118/2036/2066
f 2118/2036/2066 2120/2038/2068 2119/2037/2067
f 2107/2025/2055 2121/2039/2069 2118/2036/2066
f 2120/2038/2068 2118/2036/2066 2121/2039/2069
f 2121/2039/2069 2107/2025/2055 2082/2000/2030
f 2082/2000/2030 2122/2040/2070 2121/2039/2069
f 2121/2039/2069 2122/2040/2070 2120/2038/2068
f 2122/2040/2070 2082/2000/2030 2081/1999/2029
f 2081/1999/2029 2079/1997/2027 2122/2040/2070
f 2120/2038/2068 2122/2040/2070 2123/2041/2071
f 2122/2040/2070 2079/1997/2027 2123/2041/2071
f 2124/2042/2072 2120/2038/2068 2123/2041/2071
f 2123/2041/2071 2079/1997/2027 2125/2043/2073
f 2123/2041/2071 2125/2043/2073 2124/2042/2072
f 2126/2044/2074 2125/2043/2073 2079/1997/2027
f 2079/1997/2027 2026/1944/1974 2126/2044/2074
f 2026/1944/1974 2023/1941/1971 2126/2044/2074
f 2125/2043/2073 2126/2044/2074 2127/2045/2075
f 2023/1941/1971 2127/2045/2075 2126/2044/2074
f 2124/2042/2072 2125/2043/2073 2128/2046/2076
f 2127/2045/2075 2128/2046/2076 2125/2043/2073
f 2124/2042/2072 2128/2046/2076 2129/2047/2077
f 2127/2045/2075 2023/1941/1971 2130/2048/2078
f 2023/1941/1971 1551/1469/1503 2130/2048/2078
f 2128/2046/2076 2127/2045/2075 2131/2049/2079
f 2130/2048/2078 2131/2049/2079 2127/2045/2075
f 2129/2047/2077 2128/2046/2076 2132/2050/2080
f 2131/2049/2079 2132/2050/2080 2128/2046/2076
f 2129/2047/2077 2132/2050/2080 970/907/936
f 1551/1469/1503 974/911/940 2130/2048/2078
f 2131/2049/2079 2130/2048/2078 974/911/940
f 974/911/940 1551/1469/1503 976/913/942
f 2132/2050/2080 2131/2049/2079 973/910/939
f 974/911/940 973/910/939 2131/2049/2079
f 970/907/936 2132/2050/2080 971/908/937
f 973/910/939 971/908/937 2132/2050/2080
f 1834/1752/1782 2133/2051/2081 1839/1757/1787
f 1834/1752/1782 1835/1753/1783 2133/2051/2081
f 2134/2052/2082 1837/1755/1785 1836/1754/1784
f 2134/2052/2082 1994/1912/1942 1837/1755/1785
f 2135/2053/2083 1836/1754/1784 1838/1756/1786
f 2135/2053/2083 2134/2052/2082 1836/1754/1784
f 2136/2054/2084 1838/1756/1786 1839/1757/1787
f 1838/1756/1786 2136/2054/2084 2135/2053/2083
f 1839/1757/1787 2137/2055/2085 2136/2054/2084
f 1839/1757/1787 2133/2051/2081 2137/2055/2085
f 2138/2056/2086 1994/1912/1942 2134/2052/2082
f 2138/2056/2086 1984/1902/1932 1994/1912/1942
f 1981/1899/1929 1984/1902/1932 2138/2056/2086
f 2139/2057/2087 2138/2056/2086 2134/2052/2082
f 2139/2057/2087 2134/2052/2082 2135/2053/2083
f 2140/2058/2088 1981/1899/1929 2138/2056/2086
f 2140/2058/2088 2138/2056/2086 2139/2057/2087
f 1977/1895/1925 1981/1899/1929 2140/2058/2088
f 2135/2053/2083 2141/2059/2089 2139/2057/2087
f 2141/2059/2089 2135/2053/2083 2136/2054/2084
f 2139/2057/2087 2142/2060/2090 2140/2058/2088
f 2142/2060/2090 2139/2057/2087 2141/2059/2089
f 2140/2058/2088 2143/2061/2091 1977/1895/1925
f 2143/2061/2091 2140/2058/2088 2142/2060/2090
f 1975/1893/1923 1977/1895/1925 2143/2061/2091
f 2136/2054/2084 2144/2062/2092 2141/2059/2089
f 2136/2054/2084 2137/2055/2085 2144/2062/2092
f 2141/2059/2089 2145/2063/2093 2142/2060/2090
f 2141/2059/2089 2144/2062/2092 2145/2063/2093
f 2143/2061/2091 2146/2064/2094 1975/1893/1923
f 1974/1892/1922 1975/1893/1923 2146/2064/2094
f 2142/2060/2090 2147/2065/2095 2143/2061/2091
f 2146/2064/2094 2143/2061/2091 2147/2065/2095
f 2142/2060/2090 2145/2063/2093 2148/2066/2096
f 2147/2065/2095 2142/2060/2090 2148/2066/2096
f 2149/2067/2097 2145/2063/2093 2144/2062/2092
f 2150/2068/2098 2148/2066/2096 2145/2063/2093
f 2145/2063/2093 2149/2067/2097 2150/2068/2098
f 2148/2066/2096 2150/2068/2098 2151/2069/2099
f 2148/2066/2096 2151/2069/2099 2147/2065/2095
f 2147/2065/2095 2152/2070/2100 2146/2064/2094
f 2147/2065/2095 2151/2069/2099 2152/2070/2100
f 2146/2064/2094 2152/2070/2100 2153/2071/2101
f 2146/2064/2094 2153/2071/2101 1974/1892/1922
f 2154/2072/2102 2152/2070/2100 2151/2069/2099
f 2155/2073/2103 2151/2069/2099 2150/2068/2098
f 2151/2069/2099 2155/2073/2103 2154/2072/2102
f 2150/2068/2098 2156/2074/2104 2155/2073/2103
f 2156/2074/2104 2150/2068/2098 2149/2067/2097
f 1974/1892/1922 2153/2071/2101 2157/2075/2105
f 1974/1892/1922 2157/2075/2105 1971/1889/1919
f 2158/2076/2106 2153/2071/2101 2152/2070/2100
f 2152/2070/2100 2154/2072/2102 2158/2076/2106
f 2159/2077/2107 2157/2075/2105 2153/2071/2101
f 2153/2071/2101 2158/2076/2106 2159/2077/2107
f 1971/1889/1919 2157/2075/2105 2160/2078/2108
f 1971/1889/1919 2160/2078/2108 1969/1887/1917
f 2157/2075/2105 2159/2077/2107 2161/2079/2109
f 2161/2079/2109 2160/2078/2108 2157/2075/2105
f 2162/2080/2110 2159/2077/2107 2158/2076/2106
f 2163/2081/2111 2161/2079/2109 2159/2077/2107
f 2159/2077/2107 2162/2080/2110 2163/2081/2111
f 2158/2076/2106 2164/2082/2112 2162/2080/2110
f 2164/2082/2112 2158/2076/2106 2154/2072/2102
f 2154/2072/2102 2165/2083/2113 2164/2082/2112
f 2166/2084/2114 2162/2080/2110 2164/2082/2112
f 2165/2083/2113 2166/2084/2114 2164/2082/2112
f 2165/2083/2113 2154/2072/2102 2155/2073/2103
f 1794/1712/1742 2167/2085/2115 2168/2086/2116
f 2167/2085/2115 1794/1712/1742 1792/1710/1740
f 2168/2086/2116 2169/2087/2117 2170/2088/2118
f 2169/2087/2117 2168/2086/2116 2167/2085/2115
f 2171/2089/2119 2172/2090/2120 2170/2088/2118
f 2173/2091/2121 2170/2088/2118 2169/2087/2117
f 2170/2088/2118 2173/2091/2121 2171/2089/2119
f 1792/1710/1740 2174/2092/2122 2167/2085/2115
f 2174/2092/2122 1792/1710/1740 1790/1708/1738
f 2167/2085/2115 2175/2093/2123 2169/2087/2117
f 2175/2093/2123 2167/2085/2115 2174/2092/2122
f 2169/2087/2117 2176/2094/2124 2173/2091/2121
f 2176/2094/2124 2169/2087/2117 2175/2093/2123
f 1790/1708/1738 2177/2095/2125 2174/2092/2122
f 2177/2095/2125 1790/1708/1738 1791/1709/1739
f 2174/2092/2122 2178/2096/2126 2175/2093/2123
f 2178/2096/2126 2174/2092/2122 2177/2095/2125
f 2175/2093/2123 2179/2097/2127 2176/2094/2124
f 2179/2097/2127 2175/2093/2123 2178/2096/2126
f 2180/2098/2128 2173/2091/2121 2176/2094/2124
f 2177/2095/2125 2181/2099/2129 2178/2096/2126
f 2181/2099/2129 2179/2097/2127 2178/2096/2126
f 2182/2100/2130 2176/2094/2124 2179/2097/2127
f 2176/2094/2124 2182/2100/2130 2180/2098/2128
f 2179/2097/2127 2181/2099/2129 2183/2101/2131
f 2181/2099/2129 2177/2095/2125 2184/2102/2132
f 1791/1709/1739 2184/2102/2132 2177/2095/2125
f 2184/2102/2132 2185/2103/2133 2181/2099/2129
f 2185/2103/2133 2183/2101/2131 2181/2099/2129
f 2184/2102/2132 1791/1709/1739 2186/2104/2134
f 1787/1705/1735 2186/2104/2134 1791/1709/1739
f 2185/2103/2133 2184/2102/2132 2187/2105/2135
f 2186/2104/2134 2187/2105/2135 2184/2102/2132
f 2186/2104/2134 1787/1705/1735 2188/2106/2136
f 1784/1702/1732 2188/2106/2136 1787/1705/1735
f 2187/2105/2135 2186/2104/2134 2189/2107/2137
f 2188/2106/2136 2189/2107/2137 2186/2104/2134
f 2190/2108/2138 2188/2106/2136 1784/1702/1732
f 1784/1702/1732 1783/1701/1731 2190/2108/2138
f 2189/2107/2137 2188/2106/2136 2191/2109/2139
f 2190/2108/2138 2191/2109/2139 2188/2106/2136
f 2189/2107/2137 769/709/736 2187/2105/2135
f 2192/2110/2140 2190/2108/2138 1783/1701/1731
f 1783/1701/1731 1773/1691/1721 2192/2110/2140
f 2193/2111/2141 2191/2109/2139 2190/2108/2138
f 2190/2108/2138 2192/2110/2140 2193/2111/2141
f 2192/2110/2140 1773/1691/1721 2194/2112/2142
f 2194/2112/2142 2193/2111/2141 2192/2110/2140
f 1773/1691/1721 1772/1690/1720 2194/2112/2142
f 2191/2109/2139 2195/2113/2143 2189/2107/2137
f 769/709/736 2189/2107/2137 2195/2113/2143
f 2193/2111/2141 2196/2114/2144 2191/2109/2139
f 2195/2113/2143 2191/2109/2139 2196/2114/2144
f 2193/2111/2141 2194/2112/2142 2197/2115/2145
f 2197/2115/2145 2196/2114/2144 2193/2111/2141
f 781/721/748 2194/2112/2142 1772/1690/1720
f 1772/1690/1720 783/723/750 781/721/748
f 771/711/738 2197/2115/2145 2194/2112/2142
f 2194/2112/2142 781/721/748 771/711/738
f 2196/2114/2144 2198/2116/2146 2195/2113/2143
f 2198/2116/2146 769/709/736 2195/2113/2143
f 2197/2115/2145 2199/2117/2147 2196/2114/2144
f 2198/2116/2146 2196/2114/2144 2199/2117/2147
f 2200/2118/2148 2199/2117/2147 2197/2115/2145
f 2197/2115/2145 771/711/738 2200/2118/2148
f 2199/2117/2147 774/714/741 2198/2116/2146
f 769/709/736 2198/2116/2146 770/710/737
f 774/714/741 770/710/737 2198/2116/2146
f 2200/2118/2148 776/716/743 2199/2117/2147
f 774/714/741 2199/2117/2147 776/716/743
f 2200/2118/2148 771/711/738 773/713/740
f 773/713/740 776/716/743 2200/2118/2148
f 2201/2119/2149 1900/1818/1848 2202/2120/2150
f 2203/2121/2151 2201/2119/2149 2204/2122/2152
f 2202/2120/2150 2204/2122/2152 2201/2119/2149
f 2204/2122/2152 2205/2123/2153 2203/2121/2151
f 2206/2124/2154 2202/2120/2150 1900/1818/1848
f 1900/1818/1848 1894/1812/1842 2206/2124/2154
f 2204/2122/2152 2202/2120/2150 2207/2125/2155
f 2207/2125/2155 2208/2126/2156 2204/2122/2152
f 2204/2122/2152 2208/2126/2156 2205/2123/2153
f 2209/2127/2157 2207/2125/2155 2202/2120/2150
f 2207/2125/2155 2210/2128/2158 2208/2126/2156
f 2210/2128/2158 2207/2125/2155 2209/2127/2157
f 2202/2120/2150 2211/2129/2159 2209/2127/2157
f 2202/2120/2150 2206/2124/2154 2211/2129/2159
f 2211/2129/2159 2212/2130/2160 2209/2127/2157
f 2212/2130/2160 2210/2128/2158 2209/2127/2157
f 2211/2129/2159 2206/2124/2154 2213/2131/2161
f 2213/2131/2161 2212/2130/2160 2211/2129/2159
f 2206/2124/2154 2214/2132/2162 2213/2131/2161
f 1894/1812/1842 2214/2132/2162 2206/2124/2154
f 2213/2131/2161 1970/1888/1918 2212/2130/2160
f 2214/2132/2162 1894/1812/1842 2215/2133/2163
f 1889/1807/1837 2215/2133/2163 1894/1812/1842
f 2213/2131/2161 2214/2132/2162 1966/1884/1914
f 1966/1884/1914 1970/1888/1918 2213/2131/2161
f 2215/2133/2163 2216/2134/2164 2214/2132/2162
f 2214/2132/2162 2216/2134/2164 1966/1884/1914
f 2215/2133/2163 1889/1807/1837 2217/2135/2165
f 1889/1807/1837 1886/1804/1834 2217/2135/2165
f 2217/2135/2165 1886/1804/1834 1887/1805/1835
f 2217/2135/2165 2218/2136/2166 2215/2133/2163
f 2216/2134/2164 2215/2133/2163 2218/2136/2166
f 2217/2135/2165 1887/1805/1835 2219/2137/2167
f 2218/2136/2166 2217/2135/2165 2219/2137/2167
f 2216/2134/2164 2218/2136/2166 2220/2138/2168
f 2219/2137/2167 2220/2138/2168 2218/2136/2166
f 2216/2134/2164 2220/2138/2168 1963/1881/1911
f 1963/1881/1911 1966/1884/1914 2216/2134/2164
f 2220/2138/2168 2219/2137/2167 1956/1874/1904
f 1963/1881/1911 2220/2138/2168 1957/1875/1905
f 1956/1874/1904 1957/1875/1905 2220/2138/2168
f 2219/2137/2167 2221/2139/2169 1956/1874/1904
f 2219/2137/2167 1887/1805/1835 2221/2139/2169
f 1887/1805/1835 2222/2140/2170 2221/2139/2169
f 1887/1805/1835 1881/1799/1829 2222/2140/2170
f 1956/1874/1904 2221/2139/2169 1953/1871/1901
f 1881/1799/1829 2223/2141/2171 2222/2140/2170
f 1881/1799/1829 1880/1798/1828 2223/2141/2171
f 2221/2139/2169 2222/2140/2170 2224/2142/2172
f 2221/2139/2169 2224/2142/2172 1953/1871/1901
f 2222/2140/2170 2223/2141/2171 2225/2143/2173
f 2222/2140/2170 2225/2143/2173 2224/2142/2172
f 1880/1798/1828 2226/2144/2174 2223/2141/2171
f 1880/1798/1828 1127/1057/1089 2226/2144/2174
f 1127/1057/1089 1125/1055/1087 2226/2144/2174
f 2223/2141/2171 2226/2144/2174 2227/2145/2175
f 2223/2141/2171 2227/2145/2175 2225/2143/2173
f 2226/2144/2174 1125/1055/1087 2228/2146/2176
f 2226/2144/2174 2228/2146/2176 2227/2145/2175
f 1125/1055/1087 2229/2147/2177 2228/2146/2176
f 2229/2147/2177 1125/1055/1087 1124/1054/1086
f 1124/1054/1086 1236/1154/1193 2229/2147/2177
f 2230/2148/2178 2228/2146/2176 2229/2147/2177
f 2227/2145/2175 2228/2146/2176 2231/2149/2179
f 2228/2146/2176 2230/2148/2178 2231/2149/2179
f 2227/2145/2175 2231/2149/2179 2232/2150/2180
f 2225/2143/2173 2227/2145/2175 2232/2150/2180
f 2233/2151/2181 2229/2147/2177 1236/1154/1193
f 2229/2147/2177 2233/2151/2181 2230/2148/2178
f 2234/2152/2182 2233/2151/2181 1236/1154/1193
f 2234/2152/2182 1236/1154/1193 1231/1149/1188
f 1221/1139/1178 2234/2152/2182 1231/1149/1188
f 2225/2143/2173 2232/2150/2180 2235/2153/2183
f 2224/2142/2172 2225/2143/2173 2235/2153/2183
f 2224/2142/2172 2235/2153/2183 1948/1866/1896
f 1953/1871/1901 2224/2142/2172 1948/1866/1896
f 2235/2153/2183 2232/2150/2180 2236/2154/2184
f 2234/2152/2182 1221/1139/1178 2237/2155/2185
f 1948/1866/1896 2235/2153/2183 1945/1863/1893
f 2235/2153/2183 2236/2154/2184 1945/1863/1893
f 2237/2155/2185 2238/2156/2186 2234/2152/2182
f 2238/2156/2186 2233/2151/2181 2234/2152/2182
f 1221/1139/1178 2239/2157/2187 2237/2155/2185
f 2239/2157/2187 1221/1139/1178 1223/1141/1180
f 1223/1141/1180 1691/1609/1639 2239/2157/2187
f 1691/1609/1639 1698/1616/1646 2239/2157/2187
f 2239/2157/2187 2240/2158/2188 2237/2155/2185
f 2238/2156/2186 2237/2155/2185 2240/2158/2188
f 2240/2158/2188 2239/2157/2187 1698/1616/1646
f 2238/2156/2186 2241/2159/2189 2233/2151/2181
f 2241/2159/2189 2230/2148/2178 2233/2151/2181
f 2240/2158/2188 2242/2160/2190 2238/2156/2186
f 2242/2160/2190 2241/2159/2189 2238/2156/2186
f 1698/1616/1646 2243/2161/2191 2240/2158/2188
f 2242/2160/2190 2240/2158/2188 2243/2161/2191
f 2243/2161/2191 1698/1616/1646 1686/1604/1634
f 2230/2148/2178 2241/2159/2189 2244/2162/2192
f 2244/2162/2192 2231/2149/2179 2230/2148/2178
f 2242/2160/2190 2245/2163/2193 2241/2159/2189
f 2245/2163/2193 2244/2162/2192 2241/2159/2189
f 2243/2161/2191 2246/2164/2194 2242/2160/2190
f 2246/2164/2194 2245/2163/2193 2242/2160/2190
f 1686/1604/1634 2247/2165/2195 2243/2161/2191
f 2246/2164/2194 2243/2161/2191 2247/2165/2195
f 2247/2165/2195 1686/1604/1634 1683/1601/1631
f 1683/1601/1631 1685/1603/1633 2247/2165/2195
f 2247/2165/2195 2248/2166/2196 2246/2164/2194
f 2248/2166/2196 2247/2165/2195 1685/1603/1633
f 2246/2164/2194 2249/2167/2197 2245/2163/2193
f 2248/2166/2196 2249/2167/2197 2246/2164/2194
f 2249/2167/2197 2250/2168/2198 2245/2163/2193
f 2244/2162/2192 2245/2163/2193 2250/2168/2198
f 1685/1603/1633 2251/2169/2199 2248/2166/2196
f 2251/2169/2199 1685/1603/1633 1682/1600/1630
f 2248/2166/2196 2252/2170/2200 2249/2167/2197
f 2251/2169/2199 2252/2170/2200 2248/2166/2196
f 2250/2168/2198 2249/2167/2197 2253/2171/2201
f 2252/2170/2200 2253/2171/2201 2249/2167/2197
f 2250/2168/2198 2254/2172/2202 2244/2162/2192
f 2231/2149/2179 2244/2162/2192 2254/2172/2202
f 2232/2150/2180 2231/2149/2179 2254/2172/2202
f 2232/2150/2180 2254/2172/2202 2236/2154/2184
f 2254/2172/2202 2250/2168/2198 2255/2173/2203
f 2253/2171/2201 2255/2173/2203 2250/2168/2198
f 2236/2154/2184 2254/2172/2202 2255/2173/2203
f 2253/2171/2201 2252/2170/2200 2256/2174/2204
f 2236/2154/2184 2255/2173/2203 1943/1861/1891
f 2255/2173/2203 2253/2171/2201 1942/1860/1890
f 2256/2174/2204 1942/1860/1890 2253/2171/2201
f 1943/1861/1891 2255/2173/2203 1942/1860/1890
f 1945/1863/1893 2236/2154/2184 1943/1861/1891
f 2257/2175/2205 2256/2174/2204 2252/2170/2200
f 2251/2169/2199 2257/2175/2205 2252/2170/2200
f 1942/1860/1890 2256/2174/2204 1939/1857/1887
f 2258/2176/2206 2257/2175/2205 2251/2169/2199
f 1682/1600/1630 2258/2176/2206 2251/2169/2199
f 2258/2176/2206 1682/1600/1630 1678/1596/1626
f 2256/2174/2204 2257/2175/2205 2259/2177/2207
f 2259/2177/2207 1939/1857/1887 2256/2174/2204
f 2258/2176/2206 2260/2178/2208 2257/2175/2205
f 2260/2178/2208 2259/2177/2207 2257/2175/2205
f 1678/1596/1626 2261/2179/2209 2258/2176/2206
f 2261/2179/2209 2260/2178/2208 2258/2176/2206
f 2261/2179/2209 1678/1596/1626 1674/1592/1622
f 2259/2177/2207 2260/2178/2208 2262/2180/2210
f 1674/1592/1622 1908/1826/1856 2261/2179/2209
f 1908/1826/1856 1674/1592/1622 1671/1589/1619
f 2261/2179/2209 1905/1823/1853 2260/2178/2208
f 1908/1826/1856 1905/1823/1853 2261/2179/2209
f 2260/2178/2208 1907/1825/1855 2262/2180/2210
f 1905/1823/1853 1907/1825/1855 2260/2178/2208
f 2262/2180/2210 1936/1854/1884 2259/2177/2207
f 1939/1857/1887 2259/2177/2207 1936/1854/1884
f 1907/1825/1855 1911/1829/1859 2262/2180/2210
f 1936/1854/1884 2262/2180/2210 1911/1829/1859
f 1810/1728/1758 2015/1933/1963 1807/1725/1755
f 1807/1725/1755 2015/1933/1963 2016/1934/1964
f 2018/1936/1966 1940/1858/1888 2263/2181/2211
f 1940/1858/1888 1343/1261/1299 2263/2181/2211
f 2263/2181/2211 1343/1261/1299 1340/1258/1296
f 2263/2181/2211 1340/1258/1296 2264/2182/2212
f 1340/1258/1296 1337/1255/1293 2264/2182/2212
f 2018/1936/1966 2263/2181/2211 2265/2183/2213
f 2265/2183/2213 2263/2181/2211 2264/2182/2212
f 2266/2184/2214 2264/2182/2212 1337/1255/1293
f 2265/2183/2213 2264/2182/2212 2266/2184/2214
f 2266/2184/2214 1337/1255/1293 1341/1259/1297
f 2267/2185/2215 2018/1936/1966 2265/2183/2213
f 2017/1935/1965 2018/1936/1966 2267/2185/2215
f 2268/2186/2216 2265/2183/2213 2266/2184/2214
f 2267/2185/2215 2265/2183/2213 2268/2186/2216
f 2269/2187/2217 2266/2184/2214 1341/1259/1297
f 2268/2186/2216 2266/2184/2214 2269/2187/2217
f 2269/2187/2217 1341/1259/1297 2270/2188/2218
f 2270/2188/2218 1341/1259/1297 1338/1256/1294
f 2270/2188/2218 1338/1256/1294 1339/1257/1295
f 2271/2189/2219 2017/1935/1965 2267/2185/2215
f 2016/1934/1964 2017/1935/1965 2271/2189/2219
f 2272/2190/2220 2267/2185/2215 2268/2186/2216
f 2271/2189/2219 2267/2185/2215 2272/2190/2220
f 1806/1724/1754 2016/1934/1964 2271/2189/2219
f 1807/1725/1755 2016/1934/1964 1806/1724/1754
f 2273/2191/2221 2271/2189/2219 2272/2190/2220
f 1806/1724/1754 2271/2189/2219 2273/2191/2221
f 2272/2190/2220 2268/2186/2216 2274/2192/2222
f 2274/2192/2222 2268/2186/2216 2269/2187/2217
f 2273/2191/2221 2272/2190/2220 2275/2193/2223
f 2275/2193/2223 2272/2190/2220 2274/2192/2222
f 1803/1721/1751 1806/1724/1754 2273/2191/2221
f 2276/2194/2224 2273/2191/2221 2275/2193/2223
f 1803/1721/1751 2273/2191/2221 2276/2194/2224
f 2274/2192/2222 2269/2187/2217 2277/2195/2225
f 2277/2195/2225 2269/2187/2217 2270/2188/2218
f 2275/2193/2223 2274/2192/2222 2278/2196/2226
f 2278/2196/2226 2274/2192/2222 2277/2195/2225
f 2276/2194/2224 2275/2193/2223 2279/2197/2227
f 2279/2197/2227 2275/2193/2223 2278/2196/2226
f 2277/2195/2225 2270/2188/2218 2280/2198/2228
f 2280/2198/2228 2270/2188/2218 1339/1257/1295
f 2278/2196/2226 2277/2195/2225 2281/2199/2229
f 2281/2199/2229 2277/2195/2225 2280/2198/2228
f 2279/2197/2227 2278/2196/2226 2282/2200/2230
f 2282/2200/2230 2278/2196/2226 2281/2199/2229
f 2283/2201/2231 2276/2194/2224 2279/2197/2227
f 2284/2202/2232 2279/2197/2227 2282/2200/2230
f 2283/2201/2231 2279/2197/2227 2284/2202/2232
f 1799/1717/1747 2276/2194/2224 2283/2201/2231
f 1799/1717/1747 1803/1721/1751 2276/2194/2224
f 2284/2202/2232 2285/2203/2233 2283/2201/2231
f 2283/2201/2231 1796/1714/1744 1799/1717/1747
f 1796/1714/1744 2283/2201/2231 2285/2203/2233
f 2285/2203/2233 2284/2202/2232 2286/2204/2234
f 2284/2202/2232 2282/2200/2230 2287/2205/2235
f 2287/2205/2235 2286/2204/2234 2284/2202/2232
f 2287/2205/2235 2282/2200/2230 2288/2206/2236
f 2282/2200/2230 2281/2199/2229 2288/2206/2236
f 2286/2204/2234 2287/2205/2235 1778/1696/1726
f 2286/2204/2234 1781/1699/1729 2285/2203/2233
f 1778/1696/1726 1781/1699/1729 2286/2204/2234
f 2285/2203/2233 1789/1707/1737 1796/1714/1744
f 2285/2203/2233 1781/1699/1729 1789/1707/1737
f 1776/1694/1724 1778/1696/1726 2287/2205/2235
f 2287/2205/2235 2288/2206/2236 1776/1694/1724
f 2288/2206/2236 2281/2199/2229 2289/2207/2237
f 2281/2199/2229 2280/2198/2228 2289/2207/2237
f 1776/1694/1724 2288/2206/2236 1775/1693/1723
f 2288/2206/2236 2289/2207/2237 1775/1693/1723
f 2289/2207/2237 2280/2198/2228 2290/2208/2238
f 2280/2198/2228 1339/1257/1295 2290/2208/2238
f 1775/1693/1723 2289/2207/2237 2291/2209/2239
f 2289/2207/2237 2290/2208/2238 2291/2209/2239
f 2290/2208/2238 1339/1257/1295 2292/2210/2240
f 1339/1257/1295 1331/1249/1287 2292/2210/2240
f 1331/1249/1287 1329/1247/1285 2292/2210/2240
f 2290/2208/2238 2292/2210/2240 2293/2211/2241
f 2293/2211/2241 2292/2210/2240 1329/1247/1285
f 2291/2209/2239 2290/2208/2238 2293/2211/2241
f 2293/2211/2241 1329/1247/1285 2294/2212/2242
f 1329/1247/1285 1328/1246/1284 2294/2212/2242
f 2291/2209/2239 2293/2211/2241 2295/2213/2243
f 2295/2213/2243 2293/2211/2241 2294/2212/2242
f 1770/1688/1718 2291/2209/2239 2295/2213/2243
f 1775/1693/1723 2291/2209/2239 1770/1688/1718
f 2295/2213/2243 2294/2212/2242 2296/2214/2244
f 2297/2215/2245 2294/2212/2242 1328/1246/1284
f 2294/2212/2242 2297/2215/2245 2296/2214/2244
f 1328/1246/1284 784/724/751 2297/2215/2245
f 1771/1689/1719 2295/2213/2243 2296/2214/2244
f 1770/1688/1718 2295/2213/2243 1771/1689/1719
f 2298/2216/2246 2296/2214/2244 2297/2215/2245
f 1771/1689/1719 2296/2214/2244 2298/2216/2246
f 783/723/750 2297/2215/2245 784/724/751
f 2298/2216/2246 2297/2215/2245 783/723/750
f 1772/1690/1720 1771/1689/1719 2298/2216/2246
f 1772/1690/1720 2298/2216/2246 783/723/750
f 436/391/413 2299/2217/2247 434/389/411
f 2299/2217/2247 437/392/414 434/389/411
f 2299/2217/2247 436/391/413 2300/2218/2248
f 436/391/413 440/395/417 2300/2218/2248
f 437/392/414 2299/2217/2247 2301/2219/2249
f 2300/2218/2248 2302/2220/2250 2299/2217/2247
f 2302/2220/2250 2301/2219/2249 2299/2217/2247
f 2301/2219/2249 2303/2221/2251 437/392/414
f 437/392/414 2303/2221/2251 438/393/415
f 2301/2219/2249 2302/2220/2250 2304/2222/2252
f 2302/2220/2250 2300/2218/2248 2305/2223/2253
f 440/395/417 2305/2223/2253 2300/2218/2248
f 2301/2219/2249 2306/2224/2254 2303/2221/2251
f 2304/2222/2252 2306/2224/2254 2301/2219/2249
f 2303/2221/2251 988/925/954 438/393/415
f 438/393/415 988/925/954 439/394/416
f 2306/2224/2254 979/916/945 2303/2221/2251
f 2303/2221/2251 979/916/945 988/925/954
f 2304/2222/2252 972/909/938 2306/2224/2254
f 972/909/938 979/916/945 2306/2224/2254
f 2307/2225/2255 2304/2222/2252 2302/2220/2250
f 2305/2223/2253 2307/2225/2255 2302/2220/2250
f 2304/2222/2252 2307/2225/2255 2308/2226/2256
f 2308/2226/2256 972/909/938 2304/2222/2252
f 2307/2225/2255 2305/2223/2253 2309/2227/2257
f 2310/2228/2258 2308/2226/2256 2307/2225/2255
f 2309/2227/2257 2310/2228/2258 2307/2225/2255
f 2311/2229/2259 2309/2227/2257 2305/2223/2253
f 2305/2223/2253 440/395/417 2311/2229/2259
f 2310/2228/2258 2309/2227/2257 2312/2230/2260
f 2309/2227/2257 2311/2229/2259 2313/2231/2261
f 2313/2231/2261 2312/2230/2260 2309/2227/2257
f 2312/2230/2260 2314/2232/2262 2310/2228/2258
f 2308/2226/2256 2310/2228/2258 2315/2233/2263
f 2314/2232/2262 2315/2233/2263 2310/2228/2258
f 2315/2233/2263 970/907/936 2308/2226/2256
f 2308/2226/2256 970/907/936 972/909/938
f 2316/2234/2264 2317/2235/2265 2318/2236/2266
f 2319/2237/2267 2318/2236/2266 2317/2235/2265
f 2316/2234/2264 2320/2238/2268 2321/2239/2269
f 2317/2235/2265 2322/2240/2270 2319/2237/2267
f 2323/2241/2271 2319/2237/2267 2322/2240/2270
f 2317/2235/2265 2316/2234/2264 2324/2242/2272
f 2321/2239/2269 2324/2242/2272 2316/2234/2264
f 2322/2240/2270 2317/2235/2265 2325/2243/2273
f 2324/2242/2272 2325/2243/2273 2317/2235/2265
f 2326/2244/2274 2323/2241/2271 2322/2240/2270
f 2322/2240/2270 2325/2243/2273 2326/2244/2274
f 2321/2239/2269 2320/2238/2268 2327/2245/2275
f 2328/2246/2276 2327/2245/2275 2320/2238/2268
f 2324/2242/2272 2321/2239/2269 2329/2247/2277
f 2321/2239/2269 2327/2245/2275 2330/2248/2278
f 2330/2248/2278 2329/2247/2277 2321/2239/2269
f 2324/2242/2272 2329/2247/2277 2331/2249/2279
f 2325/2243/2273 2324/2242/2272 2332/2250/2280
f 2324/2242/2272 2331/2249/2279 2332/2250/2280
f 2325/2243/2273 2332/2250/2280 2333/2251/2281
f 2325/2243/2273 2333/2251/2281 2326/2244/2274
f 2334/2252/2282 2332/2250/2280 2331/2249/2279
f 2332/2250/2280 2335/2253/2283 2333/2251/2281
f 2332/2250/2280 2334/2252/2282 2335/2253/2283
f 2326/2244/2274 2333/2251/2281 2336/2254/2284
f 2333/2251/2281 2335/2253/2283 2337/2255/2285
f 2333/2251/2281 2337/2255/2285 2336/2254/2284
f 2336/2254/2284 2338/2256/2286 2326/2244/2274
f 2323/2241/2271 2326/2244/2274 2338/2256/2286
f 2338/2256/2286 2339/2257/2287 2323/2241/2271
f 2340/2258/2288 2323/2241/2271 2339/2257/2287
f 2341/2259/2289 2340/2258/2288 2339/2257/2287
f 2340/2258/2288 2341/2259/2289 2342/2260/2290
f 2339/2257/2287 2338/2256/2286 2343/2261/2291
f 2343/2261/2291 2341/2259/2289 2339/2257/2287
f 2338/2256/2286 2336/2254/2284 2344/2262/2292
f 2344/2262/2292 2343/2261/2291 2338/2256/2286
f 2345/2263/2293 2344/2262/2292 2336/2254/2284
f 2336/2254/2284 2337/2255/2285 2345/2263/2293
f 2343/2261/2291 2344/2262/2292 2346/2264/2294
f 2344/2262/2292 2345/2263/2293 2347/2265/2295
f 2347/2265/2295 2346/2264/2294 2344/2262/2292
f 2346/2264/2294 2348/2266/2296 2343/2261/2291
f 2341/2259/2289 2343/2261/2291 2348/2266/2296
f 2346/2264/2294 2347/2265/2295 2349/2267/2297
f 2341/2259/2289 2348/2266/2296 2350/2268/2298
f 2348/2266/2296 2346/2264/2294 2351/2269/2299
f 2349/2267/2297 2351/2269/2299 2346/2264/2294
f 2351/2269/2299 2350/2268/2298 2348/2266/2296
f 2162/2080/2110 2166/2084/2114 2352/2270/2300
f 2352/2270/2300 2163/2081/2111 2162/2080/2110
f 2166/2084/2114 2165/2083/2113 2353/2271/2301
f 2155/2073/2103 2354/2272/2302 2165/2083/2113
f 2354/2272/2302 2155/2073/2103 2156/2074/2104
f 2165/2083/2113 2355/2273/2303 2353/2271/2301
f 2355/2273/2303 2165/2083/2113 2354/2272/2302
f 2356/2274/2304 2353/2271/2301 2355/2273/2303
f 2354/2272/2302 2357/2275/2305 2355/2273/2303
f 2357/2275/2305 2356/2274/2304 2355/2273/2303
f 2156/2074/2104 2358/2276/2306 2354/2272/2302
f 2357/2275/2305 2354/2272/2302 2358/2276/2306
f 2358/2276/2306 2156/2074/2104 2359/2277/2307
f 2149/2067/2097 2359/2277/2307 2156/2074/2104
f 2358/2276/2306 2360/2278/2308 2357/2275/2305
f 2359/2277/2307 2149/2067/2097 2361/2279/2309
f 2144/2062/2092 2361/2279/2309 2149/2067/2097
f 2137/2055/2085 2361/2279/2309 2144/2062/2092
f 2359/2277/2307 2362/2280/2310 2358/2276/2306
f 2360/2278/2308 2358/2276/2306 2362/2280/2310
f 2361/2279/2309 2363/2281/2311 2359/2277/2307
f 2362/2280/2310 2359/2277/2307 2363/2281/2311
f 2137/2055/2085 2364/2282/2312 2361/2279/2309
f 2363/2281/2311 2361/2279/2309 2364/2282/2312
f 2133/2051/2081 2364/2282/2312 2137/2055/2085
f 2133/2051/2081 2365/2283/2313 2364/2282/2312
f 1835/1753/1783 2365/2283/2313 2133/2051/2081
f 2364/2282/2312 2366/2284/2314 2363/2281/2311
f 2366/2284/2314 2364/2282/2312 2365/2283/2313
f 2363/2281/2311 2367/2285/2315 2362/2280/2310
f 2367/2285/2315 2363/2281/2311 2366/2284/2314
f 2368/2286/2316 2362/2280/2310 2367/2285/2315
f 2362/2280/2310 2368/2286/2316 2360/2278/2308
f 1835/1753/1783 2369/2287/2317 2365/2283/2313
f 1830/1748/1778 2369/2287/2317 1835/1753/1783
f 2365/2283/2313 2370/2288/2318 2366/2284/2314
f 2370/2288/2318 2365/2283/2313 2369/2287/2317
f 2366/2284/2314 2371/2289/2319 2367/2285/2315
f 2371/2289/2319 2366/2284/2314 2370/2288/2318
f 2367/2285/2315 2372/2290/2320 2368/2286/2316
f 2372/2290/2320 2367/2285/2315 2371/2289/2319
f 1830/1748/1778 2373/2291/2321 2369/2287/2317
f 1825/1743/1773 2373/2291/2321 1830/1748/1778
f 2369/2287/2317 2374/2292/2322 2370/2288/2318
f 2374/2292/2322 2369/2287/2317 2373/2291/2321
f 2370/2288/2318 2375/2293/2323 2371/2289/2319
f 2375/2293/2323 2370/2288/2318 2374/2292/2322
f 2371/2289/2319 2376/2294/2324 2372/2290/2320
f 2376/2294/2324 2371/2289/2319 2375/2293/2323
f 1825/1743/1773 2377/2295/2325 2373/2291/2321
f 1820/1738/1768 2377/2295/2325 1825/1743/1773
f 2373/2291/2321 2378/2296/2326 2374/2292/2322
f 2378/2296/2326 2373/2291/2321 2377/2295/2325
f 2374/2292/2322 2379/2297/2327 2375/2293/2323
f 2379/2297/2327 2374/2292/2322 2378/2296/2326
f 2375/2293/2323 2380/2298/2328 2376/2294/2324
f 2380/2298/2328 2375/2293/2323 2379/2297/2327
f 1820/1738/1768 2381/2299/2329 2377/2295/2325
f 1815/1733/1763 2381/2299/2329 1820/1738/1768
f 2377/2295/2325 2382/2300/2330 2378/2296/2326
f 2382/2300/2330 2377/2295/2325 2381/2299/2329
f 2378/2296/2326 2383/2301/2331 2379/2297/2327
f 2383/2301/2331 2378/2296/2326 2382/2300/2330
f 2379/2297/2327 2384/2302/2332 2380/2298/2328
f 2384/2302/2332 2379/2297/2327 2383/2301/2331
f 1815/1733/1763 2385/2303/2333 2381/2299/2329
f 1801/1719/1749 2385/2303/2333 1815/1733/1763
f 1801/1719/1749 1800/1718/1748 2385/2303/2333
f 2386/2304/2334 2381/2299/2329 2385/2303/2333
f 2381/2299/2329 2386/2304/2334 2382/2300/2330
f 2387/2305/2335 2385/2303/2333 1800/1718/1748
f 2385/2303/2333 2387/2305/2335 2386/2304/2334
f 1800/1718/1748 1797/1715/1745 2387/2305/2335
f 2388/2306/2336 2382/2300/2330 2386/2304/2334
f 2382/2300/2330 2388/2306/2336 2383/2301/2331
f 2389/2307/2337 2386/2304/2334 2387/2305/2335
f 2386/2304/2334 2389/2307/2337 2388/2306/2336
f 2390/2308/2338 2387/2305/2335 1797/1715/1745
f 2387/2305/2335 2390/2308/2338 2389/2307/2337
f 1797/1715/1745 2168/2086/2116 2390/2308/2338
f 2168/2086/2116 1797/1715/1745 1794/1712/1742
f 2391/2309/2339 2383/2301/2331 2388/2306/2336
f 2383/2301/2331 2391/2309/2339 2384/2302/2332
f 2392/2310/2340 2388/2306/2336 2389/2307/2337
f 2388/2306/2336 2392/2310/2340 2391/2309/2339
f 2172/2090/2120 2389/2307/2337 2390/2308/2338
f 2389/2307/2337 2172/2090/2120 2392/2310/2340
f 2170/2088/2118 2390/2308/2338 2168/2086/2116
f 2390/2308/2338 2170/2088/2118 2172/2090/2120
f 853/793/819 856/796/822 2393/2311/2341
f 854/794/820 853/793/819 2393/2311/2341
f 2394/2312/2342 856/796/822 857/797/823
f 2395/2313/2343 857/797/823 858/798/824
f 857/797/823 2395/2313/2343 2394/2312/2342
f 2396/2314/2344 2393/2311/2341 856/796/822
f 856/796/822 2394/2312/2342 2396/2314/2344
f 2393/2311/2341 2397/2315/2345 854/794/820
f 2393/2311/2341 2396/2314/2344 2398/2316/2346
f 2397/2315/2345 2393/2311/2341 2398/2316/2346
f 2183/2101/2131 854/794/820 2397/2315/2345
f 2397/2315/2345 2179/2097/2127 2183/2101/2131
f 2179/2097/2127 2397/2315/2345 2182/2100/2130
f 2398/2316/2346 2182/2100/2130 2397/2315/2345
f 854/794/820 2183/2101/2131 2399/2317/2347
f 2183/2101/2131 2185/2103/2133 2399/2317/2347
f 843/783/809 854/794/820 2399/2317/2347
f 2400/2318/2348 2399/2317/2347 2185/2103/2133
f 2399/2317/2347 2400/2318/2348 843/783/809
f 2187/2105/2135 2400/2318/2348 2185/2103/2133
f 768/708/735 843/783/809 2400/2318/2348
f 2400/2318/2348 2187/2105/2135 769/709/736
f 769/709/736 768/708/735 2400/2318/2348
f 2182/2100/2130 2398/2316/2346 2401/2319/2349
f 2398/2316/2346 2402/2320/2350 2401/2319/2349
f 2402/2320/2350 2398/2316/2346 2396/2314/2344
f 2403/2321/2351 2182/2100/2130 2401/2319/2349
f 2182/2100/2130 2403/2321/2351 2180/2098/2128
f 2404/2322/2352 2401/2319/2349 2402/2320/2350
f 2401/2319/2349 2404/2322/2352 2403/2321/2351
f 2396/2314/2344 2405/2323/2353 2402/2320/2350
f 2405/2323/2353 2396/2314/2344 2394/2312/2342
f 2402/2320/2350 2406/2324/2354 2404/2322/2352
f 2406/2324/2354 2402/2320/2350 2405/2323/2353
f 2407/2325/2355 2403/2321/2351 2404/2322/2352
f 2408/2326/2356 2404/2322/2352 2406/2324/2354
f 2404/2322/2352 2408/2326/2356 2407/2325/2355
f 2394/2312/2342 2409/2327/2357 2405/2323/2353
f 2409/2327/2357 2394/2312/2342 2395/2313/2343
f 2405/2323/2353 2410/2328/2358 2406/2324/2354
f 2410/2328/2358 2405/2323/2353 2409/2327/2357
f 2406/2324/2354 2411/2329/2359 2408/2326/2356
f 2411/2329/2359 2406/2324/2354 2410/2328/2358
f 2412/2330/2360 2407/2325/2355 2408/2326/2356
f 2413/2331/2361 2408/2326/2356 2411/2329/2359
f 2408/2326/2356 2413/2331/2361 2412/2330/2360
f 2409/2327/2357 2414/2332/2362 2410/2328/2358
f 2410/2328/2358 2415/2333/2363 2411/2329/2359
f 2415/2333/2363 2410/2328/2358 2414/2332/2362
f 2411/2329/2359 2416/2334/2364 2413/2331/2361
f 2416/2334/2364 2411/2329/2359 2415/2333/2363
f 2417/2335/2365 2412/2330/2360 2413/2331/2361
f 2418/2336/2366 2413/2331/2361 2416/2334/2364
f 2413/2331/2361 2418/2336/2366 2417/2335/2365
f 2415/2333/2363 2419/2337/2367 2416/2334/2364
f 2416/2334/2364 2420/2338/2368 2418/2336/2366
f 2420/2338/2368 2416/2334/2364 2419/2337/2367
f 2419/2337/2367 2415/2333/2363 2421/2339/2369
f 2414/2332/2362 2421/2339/2369 2415/2333/2363
f 2419/2337/2367 2422/2340/2370 2420/2338/2368
f 2421/2339/2369 2423/2341/2371 2419/2337/2367
f 2419/2337/2367 2423/2341/2371 2422/2340/2370
f 2424/2342/2372 2423/2341/2371 2421/2339/2369
f 2421/2339/2369 2414/2332/2362 2424/2342/2372
f 2425/2343/2373 2422/2340/2370 2423/2341/2371
f 2423/2341/2371 2424/2342/2372 2426/2344/2374
f 2426/2344/2374 2425/2343/2373 2423/2341/2371
f 2414/2332/2362 2427/2345/2375 2424/2342/2372
f 2427/2345/2375 2426/2344/2374 2424/2342/2372
f 2414/2332/2362 2428/2346/2376 2427/2345/2375
f 2414/2332/2362 2409/2327/2357 2428/2346/2376
f 2395/2313/2343 2428/2346/2376 2409/2327/2357
f 2428/2346/2376 2429/2347/2377 2427/2345/2375
f 2428/2346/2376 2395/2313/2343 2430/2348/2378
f 2428/2346/2376 2430/2348/2378 2429/2347/2377
f 858/798/824 2430/2348/2378 2395/2313/2343
f 2426/2344/2374 2427/2345/2375 2431/2349/2379
f 2429/2347/2377 2431/2349/2379 2427/2345/2375
f 2431/2349/2379 2432/2350/2380 2426/2344/2374
f 2425/2343/2373 2426/2344/2374 2432/2350/2380
f 2430/2348/2378 858/798/824 2433/2351/2381
f 855/795/821 2433/2351/2381 858/798/824
f 2430/2348/2378 2434/2352/2382 2429/2347/2377
f 2430/2348/2378 2433/2351/2381 2434/2352/2382
f 2433/2351/2381 855/795/821 717/657/684
f 722/662/689 717/657/684 855/795/821
f 2433/2351/2381 713/653/680 2434/2352/2382
f 2433/2351/2381 717/657/684 713/653/680
f 2434/2352/2382 2435/2353/2383 2429/2347/2377
f 713/653/680 708/648/675 2434/2352/2382
f 2434/2352/2382 708/648/675 2435/2353/2383
f 2429/2347/2377 2435/2353/2383 2436/2354/2384
f 2431/2349/2379 2429/2347/2377 2436/2354/2384
f 2436/2354/2384 2437/2355/2385 2431/2349/2379
f 2432/2350/2380 2431/2349/2379 2437/2355/2385
f 2437/2355/2385 2438/2356/2386 2432/2350/2380
f 2438/2356/2386 2425/2343/2373 2432/2350/2380
f 2437/2355/2385 2436/2354/2384 2439/2357/2387
f 2440/2358/2388 2436/2354/2384 2435/2353/2383
f 2436/2354/2384 2440/2358/2388 2439/2357/2387
f 2439/2357/2387 2441/2359/2389 2437/2355/2385
f 2438/2356/2386 2437/2355/2385 2441/2359/2389
f 2440/2358/2388 2442/2360/2390 2439/2357/2387
f 2441/2359/2389 2439/2357/2387 2442/2360/2390
f 2435/2353/2383 704/644/671 2440/2358/2388
f 704/644/671 2435/2353/2383 708/648/675
f 2442/2360/2390 2440/2358/2388 703/643/670
f 704/644/671 703/643/670 2440/2358/2388
f 2442/2360/2390 2443/2361/2391 2441/2359/2389
f 2441/2359/2389 2444/2362/2392 2438/2356/2386
f 2444/2362/2392 2441/2359/2389 2443/2361/2391
f 2443/2361/2391 2442/2360/2390 2445/2363/2393
f 703/643/670 2445/2363/2393 2442/2360/2390
f 2443/2361/2391 1427/1345/1380 2444/2362/2392
f 1434/1352/1387 2438/2356/2386 2444/2362/2392
f 1427/1345/1380 1434/1352/1387 2444/2362/2392
f 2445/2363/2393 2446/2364/2394 2443/2361/2391
f 1427/1345/1380 2443/2361/2391 2446/2364/2394
f 2445/2363/2393 703/643/670 698/638/665
f 2446/2364/2394 2445/2363/2393 697/637/664
f 698/638/665 697/637/664 2445/2363/2393
f 697/637/664 700/640/667 2446/2364/2394
f 700/640/667 1427/1345/1380 2446/2364/2394
f 1434/1352/1387 1768/1686/1716 2447/2365/2395
f 2438/2356/2386 1434/1352/1387 2447/2365/2395
f 2425/2343/2373 2438/2356/2386 2447/2365/2395
f 2447/2365/2395 2448/2366/2396 2425/2343/2373
f 2448/2366/2396 2447/2365/2395 1768/1686/1716
f 2422/2340/2370 2425/2343/2373 2448/2366/2396
f 2449/2367/2397 1768/1686/1716 1767/1685/1715
f 1768/1686/1716 2449/2367/2397 2448/2366/2396
f 2448/2366/2396 2450/2368/2398 2422/2340/2370
f 2450/2368/2398 2448/2366/2396 2449/2367/2397
f 2420/2338/2368 2422/2340/2370 2450/2368/2398
f 1767/1685/1715 2451/2369/2399 2449/2367/2397
f 2451/2369/2399 1767/1685/1715 1766/1684/1714
f 2449/2367/2397 2452/2370/2400 2450/2368/2398
f 2452/2370/2400 2449/2367/2397 2451/2369/2399
f 2420/2338/2368 2450/2368/2398 2453/2371/2401
f 2453/2371/2401 2450/2368/2398 2452/2370/2400
f 2453/2371/2401 2418/2336/2366 2420/2338/2368
f 1766/1684/1714 2454/2372/2402 2451/2369/2399
f 2454/2372/2402 1766/1684/1714 1765/1683/1713
f 2451/2369/2399 2455/2373/2403 2452/2370/2400
f 2455/2373/2403 2451/2369/2399 2454/2372/2402
f 2453/2371/2401 2452/2370/2400 2456/2374/2404
f 2456/2374/2404 2452/2370/2400 2455/2373/2403
f 2418/2336/2366 2453/2371/2401 2457/2375/2405
f 2456/2374/2404 2457/2375/2405 2453/2371/2401
f 2457/2375/2405 2417/2335/2365 2418/2336/2366
f 2456/2374/2404 2455/2373/2403 2458/2376/2406
f 2457/2375/2405 2456/2374/2404 2459/2377/2407
f 2458/2376/2406 2459/2377/2407 2456/2374/2404
f 2459/2377/2407 2460/2378/2408 2457/2375/2405
f 2417/2335/2365 2457/2375/2405 2460/2378/2408
f 2459/2377/2407 2458/2376/2406 2461/2379/2409
f 2460/2378/2408 2462/2380/2410 2417/2335/2365
f 2412/2330/2360 2417/2335/2365 2462/2380/2410
f 2460/2378/2408 2459/2377/2407 2463/2381/2411
f 2461/2379/2409 2463/2381/2411 2459/2377/2407
f 2462/2380/2410 2460/2378/2408 2464/2382/2412
f 2463/2381/2411 2464/2382/2412 2460/2378/2408
f 2462/2380/2410 2465/2383/2413 2412/2330/2360
f 2407/2325/2355 2412/2330/2360 2465/2383/2413
f 2464/2382/2412 2466/2384/2414 2462/2380/2410
f 2465/2383/2413 2462/2380/2410 2466/2384/2414
f 2465/2383/2413 2467/2385/2415 2407/2325/2355
f 2403/2321/2351 2407/2325/2355 2467/2385/2415
f 2467/2385/2415 2180/2098/2128 2403/2321/2351
f 2467/2385/2415 2465/2383/2413 2468/2386/2416
f 2466/2384/2414 2468/2386/2416 2465/2383/2413
f 2180/2098/2128 2467/2385/2415 2469/2387/2417
f 2468/2386/2416 2469/2387/2417 2467/2385/2415
f 2173/2091/2121 2180/2098/2128 2469/2387/2417
f 2469/2387/2417 2171/2089/2119 2173/2091/2121
f 2469/2387/2417 2468/2386/2416 2470/2388/2418
f 2171/2089/2119 2469/2387/2417 2470/2388/2418
f 2468/2386/2416 2466/2384/2414 2471/2389/2419
f 2471/2389/2419 2470/2388/2418 2468/2386/2416
f 2470/2388/2418 2472/2390/2420 2171/2089/2119
f 2172/2090/2120 2171/2089/2119 2472/2390/2420
f 2472/2390/2420 2392/2310/2340 2172/2090/2120
f 2472/2390/2420 2470/2388/2418 2473/2391/2421
f 2470/2388/2418 2471/2389/2419 2473/2391/2421
f 2392/2310/2340 2472/2390/2420 2474/2392/2422
f 2473/2391/2421 2474/2392/2422 2472/2390/2420
f 2474/2392/2422 2391/2309/2339 2392/2310/2340
f 2391/2309/2339 2474/2392/2422 2475/2393/2423
f 2475/2393/2423 2384/2302/2332 2391/2309/2339
f 2474/2392/2422 2473/2391/2421 2476/2394/2424
f 2476/2394/2424 2475/2393/2423 2474/2392/2422
f 2477/2395/2425 2473/2391/2421 2471/2389/2419
f 2473/2391/2421 2477/2395/2425 2476/2394/2424
f 2471/2389/2419 2478/2396/2426 2477/2395/2425
f 2478/2396/2426 2471/2389/2419 2466/2384/2414
f 2466/2384/2414 2464/2382/2412 2478/2396/2426
f 2384/2302/2332 2475/2393/2423 2479/2397/2427
f 2479/2397/2427 2380/2298/2328 2384/2302/2332
f 2480/2398/2428 2478/2396/2426 2464/2382/2412
f 2464/2382/2412 2463/2381/2411 2480/2398/2428
f 2481/2399/2429 2477/2395/2425 2478/2396/2426
f 2478/2396/2426 2480/2398/2428 2481/2399/2429
f 2477/2395/2425 2481/2399/2429 2482/2400/2430
f 2482/2400/2430 2476/2394/2424 2477/2395/2425
f 2380/2298/2328 2479/2397/2427 2483/2401/2431
f 2483/2401/2431 2376/2294/2324 2380/2298/2328
f 2476/2394/2424 2482/2400/2430 2484/2402/2432
f 2475/2393/2423 2476/2394/2424 2484/2402/2432
f 2475/2393/2423 2485/2403/2433 2479/2397/2427
f 2485/2403/2433 2475/2393/2423 2484/2402/2432
f 2479/2397/2427 2486/2404/2434 2483/2401/2431
f 2486/2404/2434 2479/2397/2427 2485/2403/2433
f 2376/2294/2324 2483/2401/2431 2487/2405/2435
f 2487/2405/2435 2372/2290/2320 2376/2294/2324
f 2488/2406/2436 2483/2401/2431 2486/2404/2434
f 2483/2401/2431 2488/2406/2436 2487/2405/2435
f 2484/2402/2432 2489/2407/2437 2485/2403/2433
f 2489/2407/2437 2484/2402/2432 2482/2400/2430
f 2485/2403/2433 2490/2408/2438 2486/2404/2434
f 2490/2408/2438 2485/2403/2433 2489/2407/2437
f 2486/2404/2434 2491/2409/2439 2488/2406/2436
f 2491/2409/2439 2486/2404/2434 2490/2408/2438
f 2482/2400/2430 2492/2410/2440 2489/2407/2437
f 2492/2410/2440 2482/2400/2430 2481/2399/2429
f 2489/2407/2437 2493/2411/2441 2490/2408/2438
f 2493/2411/2441 2489/2407/2437 2492/2410/2440
f 2490/2408/2438 2494/2412/2442 2491/2409/2439
f 2494/2412/2442 2490/2408/2438 2493/2411/2441
f 2481/2399/2429 2495/2413/2443 2492/2410/2440
f 2495/2413/2443 2481/2399/2429 2480/2398/2428
f 2492/2410/2440 2496/2414/2444 2493/2411/2441
f 2496/2414/2444 2492/2410/2440 2495/2413/2443
f 2493/2411/2441 2497/2415/2445 2494/2412/2442
f 2497/2415/2445 2493/2411/2441 2496/2414/2444
f 2480/2398/2428 2498/2416/2446 2495/2413/2443
f 2498/2416/2446 2480/2398/2428 2463/2381/2411
f 2463/2381/2411 2461/2379/2409 2498/2416/2446
f 2499/2417/2447 2495/2413/2443 2498/2416/2446
f 2495/2413/2443 2499/2417/2447 2496/2414/2444
f 2500/2418/2448 2498/2416/2446 2461/2379/2409
f 2498/2416/2446 2500/2418/2448 2499/2417/2447
f 2461/2379/2409 2501/2419/2449 2500/2418/2448
f 2501/2419/2449 2461/2379/2409 2458/2376/2406
f 2496/2414/2444 2502/2420/2450 2497/2415/2445
f 2502/2420/2450 2496/2414/2444 2499/2417/2447
f 2503/2421/2451 2499/2417/2447 2500/2418/2448
f 2499/2417/2447 2503/2421/2451 2502/2420/2450
f 2504/2422/2452 2500/2418/2448 2501/2419/2449
f 2500/2418/2448 2504/2422/2452 2503/2421/2451
f 2458/2376/2406 2505/2423/2453 2501/2419/2449
f 2458/2376/2406 2455/2373/2403 2505/2423/2453
f 2454/2372/2402 2505/2423/2453 2455/2373/2403
f 2501/2419/2449 2505/2423/2453 2506/2424/2454
f 2501/2419/2449 2506/2424/2454 2504/2422/2452
f 2505/2423/2453 2454/2372/2402 2507/2425/2455
f 2507/2425/2455 2506/2424/2454 2505/2423/2453
f 1765/1683/1713 2507/2425/2455 2454/2372/2402
f 2507/2425/2455 1765/1683/1713 2508/2426/2456
f 1758/1676/1706 2508/2426/2456 1765/1683/1713
f 2508/2426/2456 1758/1676/1706 1753/1671/1701
f 1753/1671/1701 1754/1672/1702 2508/2426/2456
f 2508/2426/2456 2509/2427/2457 2507/2425/2455
f 2509/2427/2457 2508/2426/2456 1754/1672/1702
f 2506/2424/2454 2507/2425/2455 2509/2427/2457
f 1754/1672/1702 1757/1675/1705 2509/2427/2457
f 2509/2427/2457 2510/2428/2458 2506/2424/2454
f 2510/2428/2458 2509/2427/2457 1757/1675/1705
f 2504/2422/2452 2506/2424/2454 2510/2428/2458
f 2504/2422/2452 2510/2428/2458 2511/2429/2459
f 2511/2429/2459 2503/2421/2451 2504/2422/2452
f 1757/1675/1705 2512/2430/2460 2510/2428/2458
f 2511/2429/2459 2510/2428/2458 2512/2430/2460
f 2512/2430/2460 1757/1675/1705 2513/2431/2461
f 1757/1675/1705 1746/1664/1694 2513/2431/2461
f 2511/2429/2459 2512/2430/2460 2514/2432/2462
f 2503/2421/2451 2511/2429/2459 2515/2433/2463
f 2515/2433/2463 2502/2420/2450 2503/2421/2451
f 2513/2431/2461 2516/2434/2464 2512/2430/2460
f 2514/2432/2462 2512/2430/2460 2516/2434/2464
f 1746/1664/1694 2517/2435/2465 2513/2431/2461
f 2516/2434/2464 2513/2431/2461 2517/2435/2465
f 2517/2435/2465 1746/1664/1694 1741/1659/1689
f 2517/2435/2465 2518/2436/2466 2516/2434/2464
f 2518/2436/2466 2514/2432/2462 2516/2434/2464
f 1741/1659/1689 2519/2437/2467 2517/2435/2465
f 2518/2436/2466 2517/2435/2465 2519/2437/2467
f 2519/2437/2467 1741/1659/1689 1742/1660/1690
f 2514/2432/2462 2518/2436/2466 2520/2438/2468
f 1742/1660/1690 2521/2439/2469 2519/2437/2467
f 2521/2439/2469 1742/1660/1690 2060/1978/2008
f 2519/2437/2467 2522/2440/2470 2518/2436/2466
f 2522/2440/2470 2519/2437/2467 2521/2439/2469
f 2520/2438/2468 2518/2436/2466 2523/2441/2471
f 2523/2441/2471 2518/2436/2466 2522/2440/2470
f 2524/2442/2472 2514/2432/2462 2520/2438/2468
f 2523/2441/2471 2524/2442/2472 2520/2438/2468
f 2060/1978/2008 2525/2443/2473 2521/2439/2469
f 2525/2443/2473 2060/1978/2008 2056/1974/2004
f 2521/2439/2469 2526/2444/2474 2522/2440/2470
f 2526/2444/2474 2521/2439/2469 2525/2443/2473
f 2523/2441/2471 2522/2440/2470 2527/2445/2475
f 2527/2445/2475 2522/2440/2470 2526/2444/2474
f 2527/2445/2475 2528/2446/2476 2523/2441/2471
f 2524/2442/2472 2523/2441/2471 2528/2446/2476
f 2056/1974/2004 2529/2447/2477 2525/2443/2473
f 2529/2447/2477 2056/1974/2004 2052/1970/2000
f 2525/2443/2473 2530/2448/2478 2526/2444/2474
f 2530/2448/2478 2525/2443/2473 2529/2447/2477
f 2527/2445/2475 2526/2444/2474 2093/2011/2041
f 2093/2011/2041 2526/2444/2474 2530/2448/2478
f 2052/1970/2000 2062/1980/2010 2529/2447/2477
f 2062/1980/2010 2052/1970/2000 2048/1966/1996
f 2529/2447/2477 2064/1982/2012 2530/2448/2478
f 2064/1982/2012 2529/2447/2477 2062/1980/2010
f 2065/1983/2013 2530/2448/2478 2064/1982/2012
f 2093/2011/2041 2530/2448/2478 2065/1983/2013
f 1029/966/993 1028/965/992 2531/2449/2479
f 2532/2450/2480 2531/2449/2479 1028/965/992
f 1028/965/992 1027/964/991 2532/2450/2480
f 1032/969/996 2532/2450/2480 1027/964/991
f 2531/2449/2479 2533/2451/2481 1029/966/993
f 2533/2451/2481 1007/944/973 1029/966/993
f 1007/944/973 2533/2451/2481 1000/937/966
f 2534/2452/2482 1000/937/966 2533/2451/2481
f 1000/937/966 2534/2452/2482 997/934/963
f 407/362/384 997/934/963 2534/2452/2482
f 2535/2453/2483 2534/2452/2482 2533/2451/2481
f 2533/2451/2481 2531/2449/2479 2535/2453/2483
f 2536/2454/2484 407/362/384 2534/2452/2482
f 2534/2452/2482 2535/2453/2483 2536/2454/2484
f 407/362/384 2536/2454/2484 401/356/378
f 398/353/375 401/356/378 2536/2454/2484
f 2537/2455/2485 2536/2454/2484 2535/2453/2483
f 2536/2454/2484 2537/2455/2485 398/353/375
f 2538/2456/2486 2535/2453/2483 2531/2449/2479
f 2535/2453/2483 2538/2456/2486 2537/2455/2485
f 2531/2449/2479 2532/2450/2480 2538/2456/2486
f 2539/2457/2487 2538/2456/2486 2532/2450/2480
f 2532/2450/2480 1032/969/996 2539/2457/2487
f 2540/2458/2488 2537/2455/2485 2538/2456/2486
f 2538/2456/2486 2539/2457/2487 2540/2458/2488
f 2541/2459/2489 398/353/375 2537/2455/2485
f 2537/2455/2485 2540/2458/2488 2541/2459/2489
f 398/353/375 2541/2459/2489 2542/2460/2490
f 390/345/367 398/353/375 2542/2460/2490
f 2542/2460/2490 387/342/364 390/345/367
f 387/342/364 2542/2460/2490 2543/2461/2491
f 2541/2459/2489 2543/2461/2491 2542/2460/2490
f 2543/2461/2491 385/340/362 387/342/364
f 2540/2458/2488 2544/2462/2492 2541/2459/2489
f 2543/2461/2491 2541/2459/2489 2544/2462/2492
f 385/340/362 2543/2461/2491 2545/2463/2493
f 2544/2462/2492 2545/2463/2493 2543/2461/2491
f 2545/2463/2493 384/339/361 385/340/362
f 384/339/361 2545/2463/2493 1073/1009/1035
f 2546/2464/2494 1073/1009/1035 2545/2463/2493
f 2545/2463/2493 2544/2462/2492 2546/2464/2494
f 1073/1009/1035 2546/2464/2494 1072/1008/1034
f 2544/2462/2492 2540/2458/2488 2547/2465/2495
f 2547/2465/2495 2546/2464/2494 2544/2462/2492
f 2539/2457/2487 2547/2465/2495 2540/2458/2488
f 2548/2466/2496 1072/1008/1034 2546/2464/2494
f 2546/2464/2494 2547/2465/2495 2548/2466/2496
f 1072/1008/1034 2548/2466/2496 1064/1001/1026
f 1046/983/1008 1064/1001/1026 2548/2466/2496
f 2549/2467/2497 2548/2466/2496 2547/2465/2495
f 2548/2466/2496 2549/2467/2497 1046/983/1008
f 2547/2465/2495 2539/2457/2487 2549/2467/2497
f 1035/972/998 1046/983/1008 2549/2467/2497
f 1032/969/996 2549/2467/2497 2539/2457/2487
f 2549/2467/2497 1032/969/996 1035/972/998
f 1903/1821/1851 1872/1790/1820 1871/1789/1819
f 2550/2468/2498 1904/1822/1852 1897/1815/1845
f 2550/2468/2498 1897/1815/1845 1896/1814/1844
f 1903/1821/1851 1904/1822/1852 2551/2469/2499
f 2550/2468/2498 2551/2469/2499 1904/1822/1852
f 1872/1790/1820 1903/1821/1851 2552/2470/2500
f 2553/2471/2501 2550/2468/2498 1896/1814/1844
f 2554/2472/2502 1903/1821/1851 2551/2469/2499
f 2554/2472/2502 2552/2470/2500 1903/1821/1851
f 2551/2469/2499 2550/2468/2498 2555/2473/2503
f 2553/2471/2501 2555/2473/2503 2550/2468/2498
f 2556/2474/2504 2554/2472/2502 2551/2469/2499
f 2556/2474/2504 2551/2469/2499 2555/2473/2503
f 2557/2475/2505 2552/2470/2500 2554/2472/2502
f 2558/2476/2506 2554/2472/2502 2556/2474/2504
f 2558/2476/2506 2557/2475/2505 2554/2472/2502
f 2557/2475/2505 2559/2477/2507 2552/2470/2500
f 2559/2477/2507 1872/1790/1820 2552/2470/2500
f 2560/2478/2508 2557/2475/2505 2558/2476/2506
f 2559/2477/2507 2561/2479/2509 1872/1790/1820
f 2561/2479/2509 1864/1782/1812 1872/1790/1820
f 2561/2479/2509 1863/1781/1811 1864/1782/1812
f 2562/2480/2510 2559/2477/2507 2557/2475/2505
f 2560/2478/2508 2562/2480/2510 2557/2475/2505
f 2563/2481/2511 2561/2479/2509 2559/2477/2507
f 2562/2480/2510 2563/2481/2511 2559/2477/2507
f 2561/2479/2509 2564/2482/2512 1863/1781/1811
f 2563/2481/2511 2564/2482/2512 2561/2479/2509
f 2564/2482/2512 1840/1758/1788 1863/1781/1811
f 2564/2482/2512 2565/2483/2513 1840/1758/1788
f 2563/2481/2511 2565/2483/2513 2564/2482/2512
f 2565/2483/2513 1841/1759/1789 1840/1758/1788
f 2562/2480/2510 2566/2484/2514 2563/2481/2511
f 2565/2483/2513 2563/2481/2511 2566/2484/2514
f 2565/2483/2513 2567/2485/2515 1841/1759/1789
f 2566/2484/2514 2567/2485/2515 2565/2483/2513
f 2567/2485/2515 1844/1762/1792 1841/1759/1789
f 2567/2485/2515 1848/1766/1796 1844/1762/1792
f 2568/2486/2516 1848/1766/1796 2567/2485/2515
f 2567/2485/2515 2566/2484/2514 2568/2486/2516
f 1848/1766/1796 2568/2486/2516 1849/1767/1797
f 2349/2267/2297 1849/1767/1797 2568/2486/2516
f 2569/2487/2517 2568/2486/2516 2566/2484/2514
f 2568/2486/2516 2569/2487/2517 2349/2267/2297
f 2566/2484/2514 2562/2480/2510 2569/2487/2517
f 2351/2269/2299 2349/2267/2297 2569/2487/2517
f 2560/2478/2508 2569/2487/2517 2562/2480/2510
f 2569/2487/2517 2560/2478/2508 2351/2269/2299
f 2350/2268/2298 2351/2269/2299 2560/2478/2508
f 2350/2268/2298 2560/2478/2508 2558/2476/2506
f 2350/2268/2298 2558/2476/2506 2570/2488/2518
f 2570/2488/2518 2558/2476/2506 2556/2474/2504
f 2571/2489/2519 2350/2268/2298 2570/2488/2518
f 2571/2489/2519 2341/2259/2289 2350/2268/2298
f 2570/2488/2518 2556/2474/2504 2572/2490/2520
f 2572/2490/2520 2556/2474/2504 2555/2473/2503
f 2571/2489/2519 2570/2488/2518 2573/2491/2521
f 2573/2491/2521 2570/2488/2518 2572/2490/2520
f 2341/2259/2289 2571/2489/2519 2574/2492/2522
f 2573/2491/2521 2574/2492/2522 2571/2489/2519
f 2574/2492/2522 2342/2260/2290 2341/2259/2289
f 2575/2493/2523 2342/2260/2290 2574/2492/2522
f 2574/2492/2522 2573/2491/2521 2576/2494/2524
f 2576/2494/2524 2575/2493/2523 2574/2492/2522
f 2573/2491/2521 2572/2490/2520 2577/2495/2525
f 2577/2495/2525 2576/2494/2524 2573/2491/2521
f 2572/2490/2520 2555/2473/2503 2578/2496/2526
f 2577/2495/2525 2572/2490/2520 2578/2496/2526
f 2555/2473/2503 2553/2471/2501 2578/2496/2526
f 2576/2494/2524 2577/2495/2525 2579/2497/2527
f 2575/2493/2523 2576/2494/2524 2580/2498/2528
f 2579/2497/2527 2580/2498/2528 2576/2494/2524
f 2580/2498/2528 2581/2499/2529 2575/2493/2523
f 2580/2498/2528 2582/2500/2530 2581/2499/2529
f 2583/2501/2531 2581/2499/2529 2582/2500/2530
f 2584/2502/2532 2582/2500/2530 2580/2498/2528
f 2580/2498/2528 2579/2497/2527 2584/2502/2532
f 2585/2503/2533 2583/2501/2531 2582/2500/2530
f 2584/2502/2532 2585/2503/2533 2582/2500/2530
f 2586/2504/2534 2584/2502/2532 2579/2497/2527
f 2585/2503/2533 2584/2502/2532 2586/2504/2534
f 2587/2505/2535 2579/2497/2527 2577/2495/2525
f 2577/2495/2525 2578/2496/2526 2587/2505/2535
f 2579/2497/2527 2588/2506/2536 2586/2504/2534
f 2579/2497/2527 2587/2505/2535 2588/2506/2536
f 2589/2507/2537 2585/2503/2533 2586/2504/2534
f 2588/2506/2536 2589/2507/2537 2586/2504/2534
f 2588/2506/2536 2587/2505/2535 2590/2508/2538
f 2590/2508/2538 2589/2507/2537 2588/2506/2536
f 2578/2496/2526 2591/2509/2539 2587/2505/2535
f 2587/2505/2535 2591/2509/2539 2590/2508/2538
f 2591/2509/2539 2578/2496/2526 2553/2471/2501
f 2590/2508/2538 2203/2121/2151 2589/2507/2537
f 2590/2508/2538 2591/2509/2539 2592/2510/2540
f 2203/2121/2151 2590/2508/2538 2592/2510/2540
f 2553/2471/2501 2593/2511/2541 2591/2509/2539
f 2591/2509/2539 2593/2511/2541 2592/2510/2540
f 2593/2511/2541 2553/2471/2501 2594/2512/2542
f 2553/2471/2501 1896/1814/1844 2594/2512/2542
f 1896/1814/1844 1899/1817/1847 2594/2512/2542
f 2595/2513/2543 2594/2512/2542 1899/1817/1847
f 2594/2512/2542 2595/2513/2543 2593/2511/2541
f 1899/1817/1847 1900/1818/1848 2595/2513/2543
f 2592/2510/2540 2593/2511/2541 2201/2119/2149
f 2593/2511/2541 2595/2513/2543 2201/2119/2149
f 1900/1818/1848 2201/2119/2149 2595/2513/2543
f 2201/2119/2149 2203/2121/2151 2592/2510/2540
f 2161/2079/2109 2163/2081/2111 2596/2514/2544
f 2597/2515/2545 2598/2516/2546 2599/2517/2547
f 2598/2516/2546 2597/2515/2545 2596/2514/2544
f 2600/2518/2548 2599/2517/2547 2598/2516/2546
f 2601/2519/2549 2596/2514/2544 2163/2081/2111
f 2596/2514/2544 2601/2519/2549 2598/2516/2546
f 2163/2081/2111 2352/2270/2300 2601/2519/2549
f 2598/2516/2546 2602/2520/2550 2600/2518/2548
f 2602/2520/2550 2598/2516/2546 2601/2519/2549
f 2602/2520/2550 2113/2031/2061 2600/2518/2548
f 2603/2521/2551 2601/2519/2549 2352/2270/2300
f 2601/2519/2549 2603/2521/2551 2602/2520/2550
f 2113/2031/2061 2602/2520/2550 2604/2522/2552
f 2603/2521/2551 2604/2522/2552 2602/2520/2550
f 2103/2021/2051 2113/2031/2061 2604/2522/2552
f 2352/2270/2300 2605/2523/2553 2603/2521/2551
f 2605/2523/2553 2352/2270/2300 2166/2084/2114
f 2604/2522/2552 2603/2521/2551 2606/2524/2554
f 2605/2523/2553 2606/2524/2554 2603/2521/2551
f 2604/2522/2552 2607/2525/2555 2103/2021/2051
f 2607/2525/2555 2604/2522/2552 2606/2524/2554
f 2100/2018/2048 2103/2021/2051 2607/2525/2555
f 2607/2525/2555 2098/2016/2046 2100/2018/2048
f 2166/2084/2114 2608/2526/2556 2605/2523/2553
f 2608/2526/2556 2166/2084/2114 2353/2271/2301
f 2353/2271/2301 2356/2274/2304 2608/2526/2556
f 2608/2526/2556 2609/2527/2557 2605/2523/2553
f 2606/2524/2554 2605/2523/2553 2609/2527/2557
f 2606/2524/2554 2610/2528/2558 2607/2525/2555
f 2098/2016/2046 2607/2525/2555 2610/2528/2558
f 2610/2528/2558 2606/2524/2554 2609/2527/2557
f 2610/2528/2558 2611/2529/2559 2098/2016/2046
f 2611/2529/2559 2096/2014/2044 2098/2016/2046
f 2609/2527/2557 2612/2530/2560 2610/2528/2558
f 2611/2529/2559 2610/2528/2558 2612/2530/2560
f 2609/2527/2557 2608/2526/2556 2613/2531/2561
f 2612/2530/2560 2609/2527/2557 2613/2531/2561
f 2356/2274/2304 2613/2531/2561 2608/2526/2556
f 2096/2014/2044 2611/2529/2559 2614/2532/2562
f 2614/2532/2562 2094/2012/2042 2096/2014/2044
f 2612/2530/2560 2615/2533/2563 2611/2529/2559
f 2615/2533/2563 2614/2532/2562 2611/2529/2559
f 2613/2531/2561 2616/2534/2564 2612/2530/2560
f 2615/2533/2563 2612/2530/2560 2616/2534/2564
f 2613/2531/2561 2356/2274/2304 2617/2535/2565
f 2616/2534/2564 2613/2531/2561 2617/2535/2565
f 2618/2536/2566 2617/2535/2565 2356/2274/2304
f 2356/2274/2304 2357/2275/2305 2618/2536/2566
f 2357/2275/2305 2619/2537/2567 2618/2536/2566
f 2619/2537/2567 2357/2275/2305 2360/2278/2308
f 2617/2535/2565 2618/2536/2566 2620/2538/2568
f 2619/2537/2567 2620/2538/2568 2618/2536/2566
f 2617/2535/2565 2621/2539/2569 2616/2534/2564
f 2621/2539/2569 2617/2535/2565 2620/2538/2568
f 2622/2540/2570 2616/2534/2564 2621/2539/2569
f 2616/2534/2564 2622/2540/2570 2615/2533/2563
f 2623/2541/2571 2621/2539/2569 2620/2538/2568
f 2620/2538/2568 2619/2537/2567 2623/2541/2571
f 2621/2539/2569 2623/2541/2571 2624/2542/2572
f 2624/2542/2572 2622/2540/2570 2621/2539/2569
f 2619/2537/2567 2625/2543/2573 2623/2541/2571
f 2625/2543/2573 2624/2542/2572 2623/2541/2571
f 2360/2278/2308 2626/2544/2574 2619/2537/2567
f 2625/2543/2573 2619/2537/2567 2626/2544/2574
f 2626/2544/2574 2360/2278/2308 2368/2286/2316
f 2368/2286/2316 2627/2545/2575 2626/2544/2574
f 2627/2545/2575 2625/2543/2573 2626/2544/2574
f 2627/2545/2575 2368/2286/2316 2372/2290/2320
f 2372/2290/2320 2487/2405/2435 2627/2545/2575
f 2487/2405/2435 2628/2546/2576 2627/2545/2575
f 2625/2543/2573 2627/2545/2575 2628/2546/2576
f 2628/2546/2576 2487/2405/2435 2488/2406/2436
f 2624/2542/2572 2625/2543/2573 2629/2547/2577
f 2628/2546/2576 2629/2547/2577 2625/2543/2573
f 2488/2406/2436 2630/2548/2578 2628/2546/2576
f 2629/2547/2577 2628/2546/2576 2630/2548/2578
f 2630/2548/2578 2488/2406/2436 2491/2409/2439
f 2629/2547/2577 2631/2549/2579 2624/2542/2572
f 2622/2540/2570 2624/2542/2572 2631/2549/2579
f 2630/2548/2578 2632/2550/2580 2629/2547/2577
f 2631/2549/2579 2629/2547/2577 2632/2550/2580
f 2491/2409/2439 2633/2551/2581 2630/2548/2578
f 2632/2550/2580 2630/2548/2578 2633/2551/2581
f 2633/2551/2581 2491/2409/2439 2494/2412/2442
f 2494/2412/2442 2634/2552/2582 2633/2551/2581
f 2634/2552/2582 2494/2412/2442 2497/2415/2445
f 2633/2551/2581 2635/2553/2583 2632/2550/2580
f 2635/2553/2583 2633/2551/2581 2634/2552/2582
f 2632/2550/2580 2636/2554/2584 2631/2549/2579
f 2636/2554/2584 2632/2550/2580 2635/2553/2583
f 2637/2555/2585 2631/2549/2579 2636/2554/2584
f 2631/2549/2579 2637/2555/2585 2622/2540/2570
f 2497/2415/2445 2638/2556/2586 2634/2552/2582
f 2638/2556/2586 2497/2415/2445 2502/2420/2450
f 2502/2420/2450 2515/2433/2463 2638/2556/2586
f 2639/2557/2587 2634/2552/2582 2638/2556/2586
f 2634/2552/2582 2639/2557/2587 2635/2553/2583
f 2640/2558/2588 2638/2556/2586 2515/2433/2463
f 2638/2556/2586 2640/2558/2588 2639/2557/2587
f 2640/2558/2588 2515/2433/2463 2511/2429/2459
f 2640/2558/2588 2511/2429/2459 2514/2432/2462
f 2524/2442/2472 2640/2558/2588 2514/2432/2462
f 2524/2442/2472 2639/2557/2587 2640/2558/2588
f 2641/2559/2589 2635/2553/2583 2639/2557/2587
f 2639/2557/2587 2524/2442/2472 2641/2559/2589
f 2635/2553/2583 2641/2559/2589 2636/2554/2584
f 2528/2446/2476 2641/2559/2589 2524/2442/2472
f 2642/2560/2590 2636/2554/2584 2641/2559/2589
f 2641/2559/2589 2528/2446/2476 2642/2560/2590
f 2636/2554/2584 2642/2560/2590 2637/2555/2585
f 2643/2561/2591 2642/2560/2590 2528/2446/2476
f 2528/2446/2476 2527/2445/2475 2643/2561/2591
f 2093/2011/2041 2643/2561/2591 2527/2445/2475
f 2642/2560/2590 2643/2561/2591 2644/2562/2592
f 2644/2562/2592 2637/2555/2585 2642/2560/2590
f 2643/2561/2591 2093/2011/2041 2645/2563/2593
f 2645/2563/2593 2644/2562/2592 2643/2561/2591
f 2092/2010/2040 2645/2563/2593 2093/2011/2041
f 2092/2010/2040 2646/2564/2594 2645/2563/2593
f 2644/2562/2592 2645/2563/2593 2646/2564/2594
f 2646/2564/2594 2092/2010/2040 2094/2012/2042
f 2094/2012/2042 2614/2532/2562 2646/2564/2594
f 2646/2564/2594 2647/2565/2595 2644/2562/2592
f 2637/2555/2585 2644/2562/2592 2647/2565/2595
f 2647/2565/2595 2646/2564/2594 2614/2532/2562
f 2647/2565/2595 2622/2540/2570 2637/2555/2585
f 2614/2532/2562 2615/2533/2563 2647/2565/2595
f 2622/2540/2570 2647/2565/2595 2615/2533/2563
f 2648/2566/2596 2649/2567/2597 2585/2503/2533
f 2585/2503/2533 2589/2507/2537 2648/2566/2596
f 2583/2501/2531 2585/2503/2533 2649/2567/2597
f 2589/2507/2537 2650/2568/2598 2648/2566/2596
f 2650/2568/2598 2589/2507/2537 2203/2121/2151
f 2203/2121/2151 2205/2123/2153 2650/2568/2598
f 2651/2569/2599 2648/2566/2596 2650/2568/2598
f 2652/2570/2600 2650/2568/2598 2205/2123/2153
f 2650/2568/2598 2652/2570/2600 2651/2569/2599
f 2205/2123/2153 2653/2571/2601 2652/2570/2600
f 2653/2571/2601 2205/2123/2153 2208/2126/2156
f 2648/2566/2596 2651/2569/2599 2654/2572/2602
f 2649/2567/2597 2648/2566/2596 2654/2572/2602
f 2655/2573/2603 2651/2569/2599 2652/2570/2600
f 2208/2126/2156 2656/2574/2604 2653/2571/2601
f 2656/2574/2604 2208/2126/2156 2210/2128/2158
f 2657/2575/2605 2652/2570/2600 2653/2571/2601
f 2652/2570/2600 2657/2575/2605 2655/2573/2603
f 2658/2576/2606 2653/2571/2601 2656/2574/2604
f 2653/2571/2601 2658/2576/2606 2657/2575/2605
f 2210/2128/2158 2659/2577/2607 2656/2574/2604
f 2651/2569/2599 2655/2573/2603 2660/2578/2608
f 2660/2578/2608 2654/2572/2602 2651/2569/2599
f 2657/2575/2605 2661/2579/2609 2655/2573/2603
f 2661/2579/2609 2660/2578/2608 2655/2573/2603
f 2654/2572/2602 2660/2578/2608 2662/2580/2610
f 2662/2580/2610 2649/2567/2597 2654/2572/2602
f 2660/2578/2608 2661/2579/2609 2663/2581/2611
f 2663/2581/2611 2662/2580/2610 2660/2578/2608
f 2661/2579/2609 2657/2575/2605 2664/2582/2612
f 2658/2576/2606 2664/2582/2612 2657/2575/2605
f 2661/2579/2609 2665/2583/2613 2663/2581/2611
f 2656/2574/2604 2666/2584/2614 2658/2576/2606
f 2666/2584/2614 2656/2574/2604 2659/2577/2607
f 2662/2580/2610 2663/2581/2611 2667/2585/2615
f 2668/2586/2616 2658/2576/2606 2666/2584/2614
f 2663/2581/2611 2669/2587/2617 2667/2585/2615
f 2669/2587/2617 2663/2581/2611 2665/2583/2613
f 2665/2583/2613 2670/2588/2618 2669/2587/2617
f 2671/2589/2619 2669/2587/2617 2670/2588/2618
f 2670/2588/2618 2665/2583/2613 2672/2590/2620
f 2669/2587/2617 2671/2589/2619 2673/2591/2621
f 2673/2591/2621 2667/2585/2615 2669/2587/2617
f 2671/2589/2619 2674/2592/2622 2673/2591/2621
f 2674/2592/2622 2675/2593/2623 2673/2591/2621
f 2667/2585/2615 2673/2591/2621 2675/2593/2623
f 2675/2593/2623 2662/2580/2610 2667/2585/2615
f 2676/2594/2624 2672/2590/2620 2665/2583/2613
f 2665/2583/2613 2661/2579/2609 2676/2594/2624
f 2672/2590/2620 2676/2594/2624 2677/2595/2625
f 2664/2582/2612 2676/2594/2624 2661/2579/2609
f 2662/2580/2610 2675/2593/2623 2678/2596/2626
f 2679/2597/2627 2678/2596/2626 2675/2593/2623
f 2649/2567/2597 2662/2580/2610 2678/2596/2626
f 2678/2596/2626 2679/2597/2627 2680/2598/2628
f 2680/2598/2628 2649/2567/2597 2678/2596/2626
f 2679/2597/2627 2681/2599/2629 2680/2598/2628
f 2649/2567/2597 2680/2598/2628 2583/2501/2531
f 2681/2599/2629 2583/2501/2531 2680/2598/2628
f 2682/2600/2630 2677/2595/2625 2676/2594/2624
f 2676/2594/2624 2664/2582/2612 2682/2600/2630
f 2677/2595/2625 2682/2600/2630 2683/2601/2631
f 2664/2582/2612 2684/2602/2632 2682/2600/2630
f 2684/2602/2632 2683/2601/2631 2682/2600/2630
f 2684/2602/2632 2664/2582/2612 2685/2603/2633
f 2664/2582/2612 2658/2576/2606 2685/2603/2633
f 2683/2601/2631 2684/2602/2632 2686/2604/2634
f 2686/2604/2634 2687/2605/2635 2683/2601/2631
f 2658/2576/2606 2668/2586/2616 2685/2603/2633
f 2684/2602/2632 2688/2606/2636 2686/2604/2634
f 2687/2605/2635 2686/2604/2634 2689/2607/2637
f 2688/2606/2636 2689/2607/2637 2686/2604/2634
f 2689/2607/2637 2690/2608/2638 2687/2605/2635
f 2685/2603/2633 2691/2609/2639 2684/2602/2632
f 2691/2609/2639 2685/2603/2633 2668/2586/2616
f 2688/2606/2636 2684/2602/2632 2691/2609/2639
f 2668/2586/2616 2692/2610/2640 2691/2609/2639
f 2692/2610/2640 2688/2606/2636 2691/2609/2639
f 2690/2608/2638 2689/2607/2637 2693/2611/2641
f 2694/2612/2642 2690/2608/2638 2693/2611/2641
f 2689/2607/2637 2688/2606/2636 2695/2613/2643
f 2695/2613/2643 2693/2611/2641 2689/2607/2637
f 2696/2614/2644 2694/2612/2642 2693/2611/2641
f 2693/2611/2641 2695/2613/2643 2696/2614/2644
f 2694/2612/2642 2696/2614/2644 2117/2035/2065
f 2116/2034/2064 2117/2035/2065 2696/2614/2644
f 2696/2614/2644 2697/2615/2645 2116/2034/2064
f 2697/2615/2645 2696/2614/2644 2695/2613/2643
f 2115/2033/2063 2116/2034/2064 2697/2615/2645
f 2698/2616/2646 2695/2613/2643 2688/2606/2636
f 2695/2613/2643 2698/2616/2646 2697/2615/2645
f 2688/2606/2636 2692/2610/2640 2698/2616/2646
f 2697/2615/2645 2699/2617/2647 2115/2033/2063
f 2699/2617/2647 2697/2615/2645 2698/2616/2646
f 2114/2032/2062 2115/2033/2063 2699/2617/2647
f 2698/2616/2646 2700/2618/2648 2699/2617/2647
f 2700/2618/2648 2114/2032/2062 2699/2617/2647
f 2700/2618/2648 2698/2616/2646 2692/2610/2640
f 2114/2032/2062 2700/2618/2648 2701/2619/2649
f 2702/2620/2650 2700/2618/2648 2692/2610/2640
f 2692/2610/2640 2668/2586/2616 2702/2620/2650
f 2666/2584/2614 2702/2620/2650 2668/2586/2616
f 2600/2518/2548 2114/2032/2062 2701/2619/2649
f 2114/2032/2062 2600/2518/2548 2113/2031/2061
f 2700/2618/2648 2599/2517/2547 2701/2619/2649
f 2599/2517/2547 2600/2518/2548 2701/2619/2649
f 2700/2618/2648 2702/2620/2650 2703/2621/2651
f 2599/2517/2547 2700/2618/2648 2703/2621/2651
f 2702/2620/2650 2666/2584/2614 2704/2622/2652
f 2704/2622/2652 2703/2621/2651 2702/2620/2650
f 2659/2577/2607 2704/2622/2652 2666/2584/2614
f 2705/2623/2653 2599/2517/2547 2703/2621/2651
f 2703/2621/2651 2704/2622/2652 2705/2623/2653
f 2704/2622/2652 2659/2577/2607 2706/2624/2654
f 2706/2624/2654 2705/2623/2653 2704/2622/2652
f 2707/2625/2655 2706/2624/2654 2659/2577/2607
f 2659/2577/2607 2210/2128/2158 2707/2625/2655
f 2210/2128/2158 2212/2130/2160 2707/2625/2655
f 2212/2130/2160 2708/2626/2656 2707/2625/2655
f 2706/2624/2654 2707/2625/2655 2708/2626/2656
f 2708/2626/2656 2212/2130/2160 1970/1888/1918
f 2705/2623/2653 2706/2624/2654 2709/2627/2657
f 2708/2626/2656 2709/2627/2657 2706/2624/2654
f 1970/1888/1918 2710/2628/2658 2708/2626/2656
f 2709/2627/2657 2708/2626/2656 2710/2628/2658
f 1969/1887/1917 2710/2628/2658 1970/1888/1918
f 1969/1887/1917 2160/2078/2108 2710/2628/2658
f 2711/2629/2659 2710/2628/2658 2160/2078/2108
f 2710/2628/2658 2711/2629/2659 2709/2627/2657
f 2160/2078/2108 2161/2079/2109 2711/2629/2659
f 2709/2627/2657 2597/2515/2545 2705/2623/2653
f 2597/2515/2545 2709/2627/2657 2711/2629/2659
f 2599/2517/2547 2705/2623/2653 2597/2515/2545
f 2596/2514/2544 2711/2629/2659 2161/2079/2109
f 2711/2629/2659 2596/2514/2544 2597/2515/2545
f 2315/2233/2263 2129/2047/2077 970/907/936
f 2312/2230/2260 2313/2231/2261 2712/2630/2660
f 2315/2233/2263 2314/2232/2262 2713/2631/2661
f 2713/2631/2661 2129/2047/2077 2315/2233/2263
f 2314/2232/2262 2312/2230/2260 2714/2632/2662
f 2712/2630/2660 2714/2632/2662 2312/2230/2260
f 2715/2633/2663 2713/2631/2661 2314/2232/2262
f 2716/2634/2664 2314/2232/2262 2714/2632/2662
f 2314/2232/2262 2716/2634/2664 2715/2633/2663
f 2717/2635/2665 2716/2634/2664 2714/2632/2662
f 2714/2632/2662 2712/2630/2660 2717/2635/2665
f 2694/2612/2642 2715/2633/2663 2716/2634/2664
f 2713/2631/2661 2124/2042/2072 2129/2047/2077
f 2713/2631/2661 2715/2633/2663 2718/2636/2666
f 2718/2636/2666 2124/2042/2072 2713/2631/2661
f 2119/2037/2067 2718/2636/2666 2715/2633/2663
f 2715/2633/2663 2694/2612/2642 2119/2037/2067
f 2718/2636/2666 2119/2037/2067 2120/2038/2068
f 2120/2038/2068 2124/2042/2072 2718/2636/2666
f 2716/2634/2664 2717/2635/2665 2690/2608/2638
f 2690/2608/2638 2694/2612/2642 2716/2634/2664
f 2717/2635/2665 2687/2605/2635 2690/2608/2638
f 2117/2035/2065 2119/2037/2067 2694/2612/2642
f 2712/2630/2660 2719/2637/2667 2717/2635/2665
f 2687/2605/2635 2717/2635/2665 2719/2637/2667
f 2719/2637/2667 2712/2630/2660 2720/2638/2668
f 2313/2231/2261 2720/2638/2668 2712/2630/2660
f 2719/2637/2667 2683/2601/2631 2687/2605/2635
f 2720/2638/2668 2313/2231/2261 2721/2639/2669
f 2311/2229/2259 2721/2639/2669 2313/2231/2261
f 2720/2638/2668 2677/2595/2625 2719/2637/2667
f 2683/2601/2631 2719/2637/2667 2677/2595/2625
f 2721/2639/2669 2672/2590/2620 2720/2638/2668
f 2677/2595/2625 2720/2638/2668 2672/2590/2620
f 2721/2639/2669 2311/2229/2259 2722/2640/2670
f 440/395/417 2722/2640/2670 2311/2229/2259
f 2672/2590/2620 2721/2639/2669 2670/2588/2618
f 2722/2640/2670 2670/2588/2618 2721/2639/2669
f 2722/2640/2670 440/395/417 2723/2641/2671
f 440/395/417 431/386/408 2723/2641/2671
f 2670/2588/2618 2722/2640/2670 2671/2589/2619
f 2723/2641/2671 2671/2589/2619 2722/2640/2670
f 431/386/408 2724/2642/2672 2723/2641/2671
f 2671/2589/2619 2723/2641/2671 2724/2642/2672
f 2724/2642/2672 431/386/408 2725/2643/2673
f 428/383/405 2725/2643/2673 431/386/408
f 2674/2592/2622 2671/2589/2619 2724/2642/2672
f 2725/2643/2673 2674/2592/2622 2724/2642/2672
f 2725/2643/2673 428/383/405 2726/2644/2674
f 427/382/404 2726/2644/2674 428/383/405
f 2726/2644/2674 2727/2645/2675 2725/2643/2673
f 2674/2592/2622 2725/2643/2673 2727/2645/2675
f 2726/2644/2674 427/382/404 2728/2646/2676
f 427/382/404 426/381/403 2728/2646/2676
f 2727/2645/2675 2726/2644/2674 2729/2647/2677
f 2728/2646/2676 2729/2647/2677 2726/2644/2674
f 2729/2647/2677 2730/2648/2678 2727/2645/2675
f 2730/2648/2678 2674/2592/2622 2727/2645/2675
f 2729/2647/2677 2728/2646/2676 2731/2649/2679
f 426/381/403 2731/2649/2679 2728/2646/2676
f 2730/2648/2678 2729/2647/2677 2732/2650/2680
f 2731/2649/2679 2732/2650/2680 2729/2647/2677
f 2732/2650/2680 2681/2599/2629 2730/2648/2678
f 2674/2592/2622 2730/2648/2678 2679/2597/2627
f 2681/2599/2629 2679/2597/2627 2730/2648/2678
f 2675/2593/2623 2674/2592/2622 2679/2597/2627
f 2731/2649/2679 426/381/403 2733/2651/2681
f 426/381/403 2734/2652/2682 2733/2651/2681
f 2734/2652/2682 426/381/403 424/379/401
f 2733/2651/2681 2735/2653/2683 2731/2649/2679
f 2732/2650/2680 2731/2649/2679 2735/2653/2683
f 2735/2653/2683 2733/2651/2681 2736/2654/2684
f 2734/2652/2682 2736/2654/2684 2733/2651/2681
f 2735/2653/2683 2737/2655/2685 2732/2650/2680
f 2681/2599/2629 2732/2650/2680 2737/2655/2685
f 1849/1767/1797 2349/2267/2297 2347/2265/2295
f 2738/2656/2686 2347/2265/2295 2345/2263/2293
f 2347/2265/2295 2738/2656/2686 1849/1767/1797
f 2345/2263/2293 2739/2657/2687 2738/2656/2686
f 2337/2255/2285 2739/2657/2687 2345/2263/2293
f 1184/1114/1146 1849/1767/1797 2738/2656/2686
f 2337/2255/2285 2740/2658/2688 2739/2657/2687
f 2335/2253/2283 2740/2658/2688 2337/2255/2285
f 2739/2657/2687 2741/2659/2689 2738/2656/2686
f 2738/2656/2686 2741/2659/2689 1184/1114/1146
f 2740/2658/2688 2742/2660/2690 2739/2657/2687
f 2739/2657/2687 2742/2660/2690 2741/2659/2689
f 2335/2253/2283 2743/2661/2691 2740/2658/2688
f 2743/2661/2691 2335/2253/2283 2334/2252/2282
f 2740/2658/2688 2744/2662/2692 2742/2660/2690
f 2744/2662/2692 2740/2658/2688 2743/2661/2691
f 2742/2660/2690 2745/2663/2693 2741/2659/2689
f 1187/1117/1149 2742/2660/2690 2744/2662/2692
f 2742/2660/2690 1187/1117/1149 2745/2663/2693
f 2741/2659/2689 2745/2663/2693 1183/1113/1145
f 2741/2659/2689 1183/1113/1145 1184/1114/1146
f 2745/2663/2693 1187/1117/1149 1185/1115/1147
f 2745/2663/2693 1185/1115/1147 1183/1113/1145
f 2744/2662/2692 1188/1118/1150 1187/1117/1149
f 2743/2661/2691 2746/2664/2694 2744/2662/2692
f 1188/1118/1150 2744/2662/2692 2746/2664/2694
f 2746/2664/2694 2743/2661/2691 2747/2665/2695
f 2334/2252/2282 2747/2665/2695 2743/2661/2691
f 2747/2665/2695 1192/1122/1154 2746/2664/2694
f 2746/2664/2694 1192/1122/1154 1188/1118/1150
f 2747/2665/2695 2334/2252/2282 2748/2666/2696
f 2331/2249/2279 2748/2666/2696 2334/2252/2282
f 2748/2666/2696 2749/2667/2697 2747/2665/2695
f 1192/1122/1154 2747/2665/2695 2749/2667/2697
f 2748/2666/2696 2331/2249/2279 2750/2668/2698
f 2329/2247/2277 2750/2668/2698 2331/2249/2279
f 2749/2667/2697 2748/2666/2696 2751/2669/2699
f 2750/2668/2698 2751/2669/2699 2748/2666/2696
f 2329/2247/2277 2752/2670/2700 2750/2668/2698
f 2751/2669/2699 2753/2671/2701 2749/2667/2697
f 2329/2247/2277 2330/2248/2278 2752/2670/2700
f 2751/2669/2699 2750/2668/2698 2754/2672/2702
f 2752/2670/2700 2754/2672/2702 2750/2668/2698
f 2754/2672/2702 2753/2671/2701 2751/2669/2699
f 2752/2670/2700 2755/2673/2703 2754/2672/2702
f 2330/2248/2278 2755/2673/2703 2752/2670/2700
f 2753/2671/2701 2754/2672/2702 2756/2674/2704
f 2755/2673/2703 2756/2674/2704 2754/2672/2702
f 2753/2671/2701 2757/2675/2705 2749/2667/2697
f 2749/2667/2697 2757/2675/2705 1192/1122/1154
f 2756/2674/2704 2758/2676/2706 2753/2671/2701
f 2753/2671/2701 221/198/209 2757/2675/2705
f 2758/2676/2706 221/198/209 2753/2671/2701
f 221/198/209 219/196/207 2757/2675/2705
f 2758/2676/2706 2759/2677/2707 221/198/209
f 2759/2677/2707 2760/194/205 221/198/209
f 2756/2674/2704 2761/2678/2708 2758/2676/2706
f 2761/2678/2708 2759/2677/2707 2758/2676/2706
f 2759/2677/2707 214/193/204 2760/194/205
f 2757/2675/2705 219/196/207 1193/1123/1155
f 2757/2675/2705 1193/1123/1155 1192/1122/1154
f 214/193/204 2759/2677/2707 2762/2679/2709
f 208/187/198 214/193/204 2762/2679/2709
f 2763/2680/2710 2762/2679/2709 2759/2677/2707
f 2761/2678/2708 2763/2680/2710 2759/2677/2707
f 208/187/198 2762/2679/2709 2764/2681/2711
f 2762/2679/2709 2763/2680/2710 2764/2681/2711
f 2761/2678/2708 2765/2682/2712 2763/2680/2710
f 2765/2682/2712 2764/2681/2711 2763/2680/2710
f 2764/2681/2711 2765/2682/2712 2766/2683/2713
f 2767/2684/2714 2764/2681/2711 2766/2683/2713
f 2767/2684/2714 208/187/198 2764/2681/2711
f 2765/2682/2712 2761/2678/2708 2768/2685/2715
f 2769/2686/2716 208/187/198 2767/2684/2714
f 208/187/198 2769/2686/2716 203/182/193
f 2770/2683/2717 2769/2686/2716 2767/2684/2714
f 207/186/197 203/182/193 2769/2686/2716
f 2769/2686/2716 2770/2683/2717 2771/2687/2718
f 2771/2687/2718 2770/2683/2717 2772/2682/2719
f 2773/2687/2720 207/186/197 2769/2686/2716
f 2772/2682/2719 2774/2688/2721 2771/2687/2718
f 2768/2685/2715 2774/2688/2721 2772/2682/2719
f 207/186/197 2773/2687/2720 2775/2689/2722
f 2775/2689/2722 204/183/194 207/186/197
f 2776/2688/2723 2775/2689/2722 2773/2687/2720
f 204/183/194 2775/2689/2722 2777/189/2724
f 2776/2688/2723 2778/2690/2725 2775/2689/2722
f 2779/2690/2725 2777/189/2724 2775/2689/2722
f 2779/2690/2725 2780/191/2726 2777/189/2724
f 2781/2691/2727 2778/2690/2725 2776/2688/2723
f 2774/2688/2721 2768/2685/2715 2781/2691/2727
f 2782/2692/2728 2780/191/2726 2779/2690/2725
f 2778/2690/2725 2781/2691/2727 2782/2692/2728
f 2780/191/2726 2782/2692/2728 222/199/210
f 2783/2693/2729 2781/2691/2727 2768/2685/2715
f 2784/2694/2730 2782/2692/2728 2781/2691/2727
f 2781/2691/2727 2783/2693/2729 2784/2694/2730
f 2785/2695/2731 222/199/210 2782/2692/2728
f 2782/2692/2728 2784/2694/2730 2785/2695/2731
f 2768/2685/2715 2786/2696/2732 2783/2693/2729
f 2786/2696/2732 2768/2685/2715 2761/2678/2708
f 2761/2678/2708 2756/2674/2704 2786/2696/2732
f 2755/2673/2703 2786/2696/2732 2756/2674/2704
f 2755/2673/2703 2783/2693/2729 2786/2696/2732
f 2783/2693/2729 2755/2673/2703 2787/2697/2733
f 2787/2697/2733 2784/2694/2730 2783/2693/2729
f 2330/2248/2278 2787/2697/2733 2755/2673/2703
f 2784/2694/2730 2787/2697/2733 2788/2698/2734
f 2330/2248/2278 2788/2698/2734 2787/2697/2733
f 2788/2698/2734 2785/2695/2731 2784/2694/2730
f 2788/2698/2734 2330/2248/2278 2789/2699/2735
f 2330/2248/2278 2327/2245/2275 2789/2699/2735
f 2785/2695/2731 2788/2698/2734 2790/2700/2736
f 2789/2699/2735 2790/2700/2736 2788/2698/2734
f 2791/2701/2737 2789/2699/2735 2327/2245/2275
f 2327/2245/2275 2328/2246/2276 2791/2701/2737
f 2790/2700/2736 2789/2699/2735 2792/2702/2738
f 2789/2699/2735 2791/2701/2737 2792/2702/2738
f 2793/2703/2739 2785/2695/2731 2790/2700/2736
f 2792/2702/2738 2793/2703/2739 2790/2700/2736
f 2785/2695/2731 2793/2703/2739 2794/2704/2740
f 222/199/210 2785/2695/2731 2794/2704/2740
f 2795/2705/2741 2791/2701/2737 2328/2246/2276
f 2796/2706/2742 222/199/210 2794/2704/2740
f 222/199/210 2796/2706/2742 220/197/208
f 2328/2246/2276 2797/2707/2743 2795/2705/2741
f 2796/2706/2742 225/202/213 220/197/208
f 2798/2708/2744 2794/2704/2740 2793/2703/2739
f 2794/2704/2740 2798/2708/2744 2796/2706/2742
f 2799/2709/2745 2795/2705/2741 2797/2707/2743
f 2797/2707/2743 2800/2710/2746 2799/2709/2745
f 225/202/213 2796/2706/2742 2801/2711/2747
f 2801/2711/2747 231/206/218 225/202/213
f 2796/2706/2742 2802/2712/2748 2801/2711/2747
f 2802/2712/2748 2796/2706/2742 2798/2708/2744
f 349/304/326 2801/2711/2747 2802/2712/2748
f 2802/2712/2748 350/305/327 349/304/326
f 2801/2711/2747 349/304/326 2803/2713/2749
f 231/206/218 2801/2711/2747 2803/2713/2749
f 338/293/315 2803/2713/2749 349/304/326
f 350/305/327 2802/2712/2748 2804/2714/2750
f 2798/2708/2744 2804/2714/2750 2802/2712/2748
f 2804/2714/2750 351/306/328 350/305/327
f 2803/2713/2749 2805/2715/2751 231/206/218
f 235/209/221 231/206/218 2805/2715/2751
f 292/259/273 235/209/221 2805/2715/2751
f 2805/2715/2751 2803/2713/2749 2806/2716/2752
f 2806/2716/2752 292/259/273 2805/2715/2751
f 2803/2713/2749 338/293/315 2806/2716/2752
f 292/259/273 2806/2716/2752 330/285/307
f 338/293/315 330/285/307 2806/2716/2752
f 351/306/328 2804/2714/2750 2807/2717/2753
f 2807/2717/2753 420/375/397 351/306/328
f 2808/2718/2754 2807/2717/2753 2804/2714/2750
f 2804/2714/2750 2798/2708/2744 2808/2718/2754
f 420/375/397 2807/2717/2753 2809/2719/2755
f 2809/2719/2755 421/376/398 420/375/397
f 2807/2717/2753 2808/2718/2754 2810/2720/2756
f 2810/2720/2756 2809/2719/2755 2807/2717/2753
f 2798/2708/2744 2811/2721/2757 2808/2718/2754
f 2811/2721/2757 2810/2720/2756 2808/2718/2754
f 2811/2721/2757 2798/2708/2744 2793/2703/2739
f 2793/2703/2739 2792/2702/2738 2811/2721/2757
f 2792/2702/2738 2812/2722/2758 2811/2721/2757
f 2810/2720/2756 2811/2721/2757 2812/2722/2758
f 2812/2722/2758 2792/2702/2738 2791/2701/2737
f 2791/2701/2737 2795/2705/2741 2812/2722/2758
f 2812/2722/2758 2813/2723/2759 2810/2720/2756
f 2813/2723/2759 2812/2722/2758 2795/2705/2741
f 2809/2719/2755 2810/2720/2756 2813/2723/2759
f 2795/2705/2741 2799/2709/2745 2813/2723/2759
f 2813/2723/2759 2814/2724/2760 2809/2719/2755
f 2814/2724/2760 2813/2723/2759 2799/2709/2745
f 421/376/398 2809/2719/2755 2814/2724/2760
f 2814/2724/2760 422/377/399 421/376/398
f 2799/2709/2745 2815/2725/2761 2814/2724/2760
f 422/377/399 2814/2724/2760 2815/2725/2761
f 2815/2725/2761 2799/2709/2745 2800/2710/2746
f 2815/2725/2761 424/379/401 422/377/399
f 2800/2710/2746 2734/2652/2682 2815/2725/2761
f 424/379/401 2815/2725/2761 2734/2652/2682
f 2736/2654/2684 2816/2726/2762 2735/2653/2683
f 2737/2655/2685 2735/2653/2683 2816/2726/2762
f 2736/2654/2684 2734/2652/2682 2817/2727/2763
f 2816/2726/2762 2736/2654/2684 2818/2728/2764
f 2817/2727/2763 2818/2728/2764 2736/2654/2684
f 2734/2652/2682 2800/2710/2746 2817/2727/2763
f 2818/2728/2764 2817/2727/2763 2819/2729/2765
f 2800/2710/2746 2819/2729/2765 2817/2727/2763
f 2819/2729/2765 2820/2730/2766 2818/2728/2764
f 2818/2728/2764 2821/2731/2767 2816/2726/2762
f 2821/2731/2767 2818/2728/2764 2820/2730/2766
f 2816/2726/2762 2822/2732/2768 2737/2655/2685
f 2822/2732/2768 2816/2726/2762 2821/2731/2767
f 2823/2733/2769 2737/2655/2685 2822/2732/2768
f 2737/2655/2685 2823/2733/2769 2681/2599/2629
f 2821/2731/2767 2824/2734/2770 2822/2732/2768
f 2824/2734/2770 2823/2733/2769 2822/2732/2768
f 2820/2730/2766 2825/2735/2771 2821/2731/2767
f 2824/2734/2770 2821/2731/2767 2825/2735/2771
f 2583/2501/2531 2681/2599/2629 2823/2733/2769
f 2823/2733/2769 2824/2734/2770 2581/2499/2529
f 2581/2499/2529 2583/2501/2531 2823/2733/2769
f 2575/2493/2523 2581/2499/2529 2824/2734/2770
f 2826/2736/2772 2824/2734/2770 2825/2735/2771
f 2824/2734/2770 2826/2736/2772 2575/2493/2523
f 2825/2735/2771 2820/2730/2766 2827/2737/2773
f 2826/2736/2772 2825/2735/2771 2828/2738/2774
f 2828/2738/2774 2825/2735/2771 2827/2737/2773
f 2828/2738/2774 2342/2260/2290 2826/2736/2772
f 2575/2493/2523 2826/2736/2772 2342/2260/2290
f 2342/2260/2290 2828/2738/2774 2340/2258/2288
f 2828/2738/2774 2827/2737/2773 2829/2739/2775
f 2829/2739/2775 2340/2258/2288 2828/2738/2774
f 2820/2730/2766 2830/2740/2776 2827/2737/2773
f 2829/2739/2775 2827/2737/2773 2830/2740/2776
f 2830/2740/2776 2820/2730/2766 2831/2741/2777
f 2820/2730/2766 2819/2729/2765 2831/2741/2777
f 2829/2739/2775 2830/2740/2776 2832/2742/2778
f 2833/2743/2779 2831/2741/2777 2819/2729/2765
f 2831/2741/2777 2834/2744/2780 2830/2740/2776
f 2832/2742/2778 2830/2740/2776 2834/2744/2780
f 2834/2744/2780 2831/2741/2777 2835/2745/2781
f 2831/2741/2777 2833/2743/2779 2835/2745/2781
f 2819/2729/2765 2800/2710/2746 2833/2743/2779
f 2832/2742/2778 2836/2746/2782 2829/2739/2775
f 2340/2258/2288 2829/2739/2775 2836/2746/2782
f 2832/2742/2778 2834/2744/2780 2318/2236/2266
f 2835/2745/2781 2837/2747/2783 2834/2744/2780
f 2318/2236/2266 2834/2744/2780 2837/2747/2783
f 2836/2746/2782 2832/2742/2778 2319/2237/2267
f 2318/2236/2266 2319/2237/2267 2832/2742/2778
f 2340/2258/2288 2836/2746/2782 2323/2241/2271
f 2319/2237/2267 2323/2241/2271 2836/2746/2782
f 2837/2747/2783 2835/2745/2781 2838/2748/2784
f 2833/2743/2779 2838/2748/2784 2835/2745/2781
f 2318/2236/2266 2837/2747/2783 2316/2234/2264
f 2838/2748/2784 2833/2743/2779 2797/2707/2743
f 2800/2710/2746 2797/2707/2743 2833/2743/2779
f 2838/2748/2784 2320/2238/2268 2837/2747/2783
f 2316/2234/2264 2837/2747/2783 2320/2238/2268
f 2797/2707/2743 2328/2246/2276 2838/2748/2784
f 2320/2238/2268 2838/2748/2784 2328/2246/2276
